,тема,текст
0,шуруповерт,"добрый вечер! подскажите, у вас можно взять в аренду шурповерт?"
1,пылесос,Здравствуйте) сколько стоит аренда строительного пылесоса на сутки?
2,плиткорез ручной,"Доброе утро. Подскажите пожалуйста в какую цену у вас следующие инструменты: плиткорез ручной 60 см, реноватор, вибратор для плитки."
3,фен,Доброе утро Есть строительный фен на аккумуляторной батареи?
4,не вопрос клиента,Добрый день
5,паркетно-шлифовальная машина,Добрый день! хочу обновить деревянный пол на даче. У вас есть циклевочная машина?
6,перфоратор,"Здравствуйте, подскажите, пожалуйста, сколько у вас стоит аренда дрели с микроударом + алмазная коронка на 72 мм, строительный пылесос, штроборез, гвоздезабивной пистолет, перфоратор на сутки?"
7,краскопульт,"Здравствуйте, есть краскопульт для эмали?"
8,лестница,Какая стоимость аренды стремянки ?
9,не вопрос клиента,"Добрый день! Есть склад 300-1000м² в центре СПб. Подходит для хранения товарных запасов — можно разместить и держать длительно. Без интенсивного трафика, доступ 24/7. Если ищете склад — могу отправить информацию."
10,пылесос,Добрый день!  Сколько стоит взять в аренду строительный пылесос на сутки? Спасибо
11,нет такого инструмента,Здравствуйте аргон есть ?
12,машина полировальная,"Добрый день. Есть у вас в аренду полировальная машинка? Если есть, то какая цена в сутки, что в комплекте и какой фирмы/модель"
13,компрессор,"Добрый день! Подскажите, есть ли у вас компрессор в аренду?"
14,сабельная пила,"Здравствуйте,у вас есть сабельная пила?"
15,гвоздезабивной пистолет по бетону,"Здравствуйте, у вас есть монтажный пистолет Toya для электромонтажа? И можно ли будет сегодня его взять в аренду?"
16,пушка газовая,Здравствуйте а сколько стоит аренда газовой пушки большой?
17,газовый баллон,Здравствуйте а сколько стоит аренда газовой с балоном?
18,резчик швов,"Добрый день, ищём кожух для ШВОНАРЕЗЧИКа  GROST FS500 HC. Можно б/у. Может можете предложить? Спасибо."
19,шуруповерт,"Здравствуйте, сколько будет стоить арендовать, шуроповёрт на одни сутки"
20,фен,"Здравствуйте, сколько будет стоить арендовать, строительный фен на одни сутки"
21,пылесос,Доброй ночи. У вас можно взять в аренду строительный пылесос?
22,шуруповерт,"Здравствуйте, меня зовут Александр, просили написать на Авито на прямую по поводу аренды шуруповерта и перфоратора."
23,перфоратор,"Здравствуйте, меня зовут Александр, просили написать на Авито на прямую по поводу аренды шуруповерта и перфоратора."
24,сварочный аппарат,"Здравствуйте, сварочник в аренду по какой цене?"
25,генератор,Здравствуйте  Какая цена аренды генератора ?   Нужен под мойку высокого давления
26,пресс для труб РЕ-Х,Здравствуйте. Интересует аренда  аксиального гидравлического пресса для труб на следующую субботу. Есть у вас такой?
27,сварочный полуавтомат,"Здравствуйте, подскажите пожалуйста, какой у вас полуавтомат , и в какую сумму в аренду на сутки ?"
28,нет такого инструмента,"Здравствуйте, подскажите пожалуйста у вас сварочные аппараты для сварки нержавейки аргоном есть?"
29,дрель-шуруповерт,"добрый день! подскажите пожалуйста, дрель и шуроповерт можно взять в аренду? цена?"
30,пароочиститель,"Добрый день, сколько будет стоить аренда пароочистителя?"
31,пылесос,"Добрый день, сколько будет стоить аренда строительного пылесоса с мешком для мусора?"
32,машина полировальная,Здравствуйте! Хотелось бы арендовать с утра 31.03.2026 на сутки ручную полировочную (шлифмашинку) машинку для полировки кафельной плитки
33,торцовочная пила,Здравствуйте. Сколько у вас стоит взять в аренду торцовку самую маленькую?
34,лобзик,"Добрый вечер, подскажите пожалуйста, мне нужно выпилить квадратное отверстие в столешнице под мойку и под газовую плитку без духовки, у вас есть электрический или ручной лобзик?"
35,торцовочная пила,"Добрый день. Интересует аренда торцовочной пилы, если не сложно дайте информацию по условиям"
36,бензорез,Здравствуйте. Подскажите пожалуйста бензорез у вас есть?
37,газовый баллон,Добрый день  Интересует газовый баллон литров на 8-12  Можно арендовать?
38,нет такого инструмента,"Добрый вечер.  А у вас электроинструменты в аренду есть ?  Пресс клещи, кримпера и тд"
39,не вопрос клиента,Здравствуйте
40,шуруповерт,"Здравствуйте! Нужен шуруповерт, завтра в районе 12"
41,УШМ,"Здравствуйте! Нужна болгарка, завтра в районе 12"
42,бур для перфоратора,"Добрый вечер, у вас есть бур по бетону, 20х600/22х600?"
43,УШМ аккумуляторная,Здравствуйте есть ли у вас УШМ на аккумуляторе?
44,не вопрос клиента,Здравствуйте
45,не вопрос клиента,Добрый вечер. Возможно вас заинтересует покупка Дрель на магнитной станине Milwaukee MDE 42?)
46,пылесос,"Добрый вечер. Скажите, сколько стоит аренда строительного пылесоса(уборка квартиры после установки дверей, подвесных потолков). С доставкой инструмента. Район Адмиралтейский. Ул. Набережная обводного канала."
47,нет такого инструмента,"Добрый вечер. Скажите, сколько стоит аренда робота мойщика окон. С доставкой инструмента. Район Адмиралтейский. Ул. Набережная обводного канала."
48,перфоратор,"Здравствуйте! По чем аренда перфоратора, и есть ли доставка?"
49,пылесос,Здравствуйте! Нужен строительный пылесос на завтра
50,генератор,"Здравствуйте, в какую цену генератор 3 квт"
51,пылесос,Добрый вечер. Что кроме оплаты аренды нужно чтобы оформить аренду строительного пылесоса?
52,нет такого инструмента,"Добрый ,есть аппарат для сварки аргоном?"
53,лобзик,"Добрый вечер, а лобзик есть?"
54,паяльник для ПВХ труб,"Здравствуйте! Скажите, пожалуйста, есть ли у вас в прокате паяльник для сварки полипропиленовых труб и сколько стоит прокат на сутки?"
55,УШМ,"Здравствуйте, мне нужно две болгарки. На 3 дня. Какие условия?"
56,шуруповерт,"Здравствуйте, мне нужно шуруповерт. На 3 дня. Какие условия?"
57,торцовочная пила,"Здравствуйте, мне нужна торцевочная пила. На 3 дня. Какие условия?"
58,перфоратор,"Добрый день, скажите пожалуйста возможно ли у вас взять в аренду перфоратор сегодня на сутки?"
59,УШМ аккумуляторная,"Здравствуйте, у вас есть балгарка аккумуляторная?"
60,паркетно-шлифовальная машина,"Здравствуйте, можете пожалуйста подобрать инструмент если у вас есть такой. Ситуация: паркет в старом фонде, был покрыт старой оранжевой краской, которая была снята вручную с помощью ленточной шлифмашинки. Сам по себе паркет с перепадами и не очень ровный, в некоторых щелях остались остатки краски. Хочется это все как-то привести в нормальный вид насколько это возможно. К идеальности не стримимся, но хотябы все сверху снять. Боимся что снимем слишком много (не знаю возможно ли это). Прилагаю фото"
61,сварочный полуавтомат,Здравствуйте! Сколько стоит аренда сварочного полуавтомата?
62,машина полировальная,"Добрый день, есть полировательная машинка?"
63,гвоздезабивной пистолет по дереву,"Доброе утро, гвоздизабивной пистолет для вагонки есть у Вас?"
64,торцовочная пила,Здравствуйте. Сколько стоит аренда торцовки с диском по алюминию?
65,лобзик,"Здравствуйте. Нужен электролобзик на выходные, нахожусь в Сестрорецке. Где у вас ближайший пункт выдачи и какие инструменты доступны?"
66,перфоратор,Доброе утро! Подскажите пожалуйста стоить проката перфоратора  на 1 час?
67,дрель-шуруповерт,"Здравствуйте! Хотел бы взять дрель , шуруповерт в аренду завтра на день . Сколько это будет стоить ?"
68,миксер,Здравствуйте! Хотел бы взять миксер в аренду завтра на день . Сколько это будет стоить ?
69,перфоратор,"Добрый день! Подскажите, пожалуйста можно ли сегодня взять перфоратор? И какая будет стоимость?"
70,дрель-шуруповерт,"Здравствуйте, нужна дрель или шуруповерт(что дешевле)  и сверло на 6  на пару часов"
71,перфоратор,Добрый день! Аренда перфоратора в какую цену?
72,гвоздезабивной пистолет по бетону,Добрый вечер а у вас есть газовый монтажный пистолет Toua для электро монтажа?
73,нет такого инструмента,Здравствуйте. Есть торцовка комбинированная в прокат ?
74,шуруповерт,Здравствуйте! Сколько будет стоить аренда шуруповерта?
75,торцовочная пила,"Здравствуйте! Хотела бы взять в аренду торцовочную пилу. Подскажите, пожалуйста, могу ли завтра? И сколько будет по стоимости?"
76,моющий пылесос,Добрый день! Нужен моющий строительный пылесос. Отмыть стены в сервисе от масла. Что посоветуете? Работаете сегодня? На каких условиях аренда?
77,паркетно-шлифовальная машина,"Здравствуйте,есть ли у вас напрокат циклевочная машина для пола с"
78,УШМ аккумуляторная,"Здравствуйте, у вас есть аккумуляторная болгарка?"
79,дрель-шуруповерт,Добрый день! Подскажите сколько в аренду на 1 день будет стоить дрель
80,нет такого инструмента,Здравствуйте! Нужен нейлер telegram номер 911 948-78-14
81,торцовочная пила,"Здравствуйте , интересует аренда торцовочной пилы с диском для алюминия"
82,нет такого инструмента,Здравствуйте. А есть перфоратор и коронка чтоб пробить стену в частном доме под вентканал? Диаметр трубы 100 мм.
83,не вопрос клиента,Здравствуйте
84,не вопрос клиента,Добрый день!
85,шуруповерт,Здравствуйте! Хотел бы уточнить стоимость аренды шуруповерта на 1 день
86,сабельная пила,Добрый день у вас сабельная пила с полотном идёт? Есть полотно под газоблоки?
87,дрель-шуруповерт,"Здравствуйте  дрель нужен на прокат, сколько будет стоить на день"
88,перфоратор,Добрый день! Какя цена перфоратора?
89,паркетно-шлифовальная машина,Здравствуйте подскажите пожалуйста есть ли аренда циклевочной машины
90,торцовочная пила,"Здравствуйте, сколько в сутки стоит аренда торцовки с протяжкой?"
91,перфоратор,"Добрый день. Хотела бы арендовать на завтра перфоратор на сутки. Какая будет стоимость аренды? Нужна доставка на Магнитогорскую 3к2 (м. Новочеркасская). Также нужны сверла по бетону/кирпичу, если нет в комплекте"
92,пылесос,"Здравствуйте, пылесос строительный нужен , какие у вас и сколько стоят ?"
93,лобзик,"Здравствуйте, скажите лобзик есть в аренду?"
94,подъемник ГКЛ,"Добрый день, какой у вас подъемник ГКЛ для аренды есть? Модель?"
95,гвоздезабивной пистолет по дереву,"Здравствуйте! У вас есть для аренды гвоздезабивной пистолет? Нужен для крепления наличников(может ошибаюсь, но вроде есть такие степлеры даже для этих целей)."
96,бур для перфоратора,"Здравствуйте. Подскажите, есть ли у вас бур sds plus 32/ 600?"
97,присоска,Добрый вечер. Есть присоски для монтажа широкоформатной плитки?
98,перфоратор,Здравствуйте.сегодня можно взять в аренду перфоратор?
99,не вопрос клиента,Здравствуйте
100,сабельная пила аккумуляторная,Добрый день. Требуется аккумуляторная сабельная пила на сутки. Задача - распил силового кабеля диаметром около 50мм.. порядка 50 распилов. Есть подходящая пила?
101,удлинитель электричексий,Здравствуйте. Интересует уличный удлинитель на 3квТ Какая стоимость аренды?
102,пылесос,"Добрый день,есть строительные пылесосы в аренду?убрать пыль от штукатурки и бетона с пола"
103,перфоратор,Добрый вечер А можно взять в аренду перфоратор? Нужно для снятия старой штукатурки  Можно доставкой до пискаревского проспекта 20?
104,не вопрос клиента,Добрый день. Вам алмазные диски не нужны? Не скупаете?
105,не вопрос клиента,Добрый день. Возможно вас заинтересует покупка гидравлического насаоса для дальнейшей сдачи его в аренду ?
106,лобзик,Здравствуйте! Мне нужен Лобзик у вас имеется в наличии?
107,паркетно-шлифовальная машина,"добрый день, у вас есть циклевочная машина в аренду?"
108,фен аккумуляторный,"Добрый день. Подскажите, пожалуйста, есть ли у вас в аренду аккумуляторный фен?  Нужно на несколько дней, замки на даче разморозить"
109,штроборез,"Здравствуйте,  сколько будет стоить аренда штробореза"
110,пылесос,"Здравствуйте,  сколько будет стоить аренда пылесоса"
111,краскопульт,"Здравствуйте , можно взять в аренду краскопульт с завтрашнего дня ?"
112,шуруповерт,здравствуйте есть шуруповерт ленточный ?
113,не вопрос клиента,тест
114,торцовочная пила,Здравствуйте. Есть на завтра торцовка с 255 диском? Сколько аренда на сутки и какие условия аренды?
115,перфоратор,"Здравствуйте!  Мне нужно в съемной квартире 2 полки установить, поэтому в поисках дрели.  Мне на пару часов буквально потребуются)  Сколько это по стоимости у вас выйдет?"
116,дрель-шуруповерт,"Здравствуйте!  Мне нужно в съемной квартире 2 полки установить, поэтому в поисках шуруповерта.  Мне на пару часов буквально потребуются)  Сколько это по стоимости у вас выйдет?"
117,паркетно-шлифовальная машина,здравствуйте. есть шлифмашинки для реставрации пола на какой-то из выходных дней?
118,УШМ,Доброе утро! Можно у вас взять болгарку (ушм) на два дня? Сколько будет стоить? И нужен ли залог?
119,пила дисковая,"Здравствуйте, есть в аренду циркулярная плита с углом поворота ? Сколько стоит ?"
120,реноватор аккумуляторный,Здравствуйте.  У вас имеется аккумуляторный ренноватор?
121,торцовочная пила,"Здравствуйте, хотела бы арендовать торцовочную пилу. Подскажите, можно ли взять доставкой?"
122,пила погружная,Доброе утро. Пила погружная с направляющими у вас найдется?  Спасибо
123,отбойный молоток,Добрый вечер! Будет ли возможность забронировать перфоратор с зубилом(если имеется) на 11.02 или 12.02 с доставкой ?
124,не вопрос клиента,Привет
125,паркетно-шлифовальная машина,Здравствуйте. У вас есть аренда циклевочной машины для паркета?
126,не вопрос клиента,Добрый день. Заключение договора на аренду с пропиской в СПБ?
127,перфоратор,"Здравствуйте, нужен перфоратор в аренду. 2 отверстия сделать"
128,генератор,"Добрый день! Подскажите стоимость аренды генераторов. Нам нужен один генератор 5 кВт, и 2 генератора по 3 кВт. дата 21 февраля, время с 10:00 до 16:00  Подскажите сразу по стоимости бензина и доставки, адрес ул. Турку 23к1"
129,машина полировальная,Добрый день  Подскажите пожалуйста  Есть у вас в наличии полировальная машинка ?
130,нейлер пневматический,Добрый вечер! Подскажите пожалуйста стоимость аренды пневматического степлера?
131,компрессор,Добрый вечер! Подскажите пожалуйста стоимость аренды компрессора?
132,гвоздезабивной пистолет по бетону,"Здравствуйте, есть гвоздезабивной пистолет по бетону ? Нужен на 80 грибы"
133,не вопрос клиента,Здравствуйте
134,вопрос по режиму работы,Добрый день ! Вчера брал сабельную пилу  До которого часа не обходимо сегодня вернуть?   89219347466 Джабаров Арзу
135,дрель-шуруповерт,"Здравствуйте, аренда дрели сколько стоит?"
136,сварочный аппарат,"Здравствуйте, есть ли сварочный аппарат и какая цена?"
137,не вопрос клиента,"звонила, пишу для сохранения! не обращайте внимания"
138,нет такого инструмента,Здравствуйте ! У вас есть пила по камню диаметра 80?
139,фен аккумуляторный,"Добрый день, подскажите у вас есть строительный фен  аккумуляторный?"
140,перфоратор,Добрый день перфоратор в аренду сколько будет стоить на день?
141,фен аккумуляторный,Добрый вечер! А есть аккумуляторный фен?
142,машина полировальная,Добрый день! Есть или к Вас в наличии полировальная машина с регулировкой оборотов?
143,фен,Здравствуйте! У вас есть строительные фены в аренду?
144,лазерный уровень,"Здравствуйте, сколько стоит аренда лазерного уровня?"
145,дрель-шуруповерт,"Здравствуйте, сколько будет стоить аренда дрели на пару часов?"
146,жираф,"Добрый день. Подскажите, есть ли в наличии машинка для шлифовки стен и потолков, стоимость аренды и залога?"
147,не вопрос клиента,Здравствуйте
148,шуруповерт,"Здравствуйте, подскажите пожалуйста, нам нужен в аренду шуроповерт и шестигранный ключ ( но только больше универсального, для разбора дивана). Сколько это будет стоить по цене, если арендовать его у вас на сутки, с 18:00"
149,миксер,"Здравствуйте, сколько стоит аренда строительного миксера?"
150,виброплита,добрый вечер! есть у вас трамбовка с доставкой?
151,перфоратор,Здравствуйте нужен перфоратор сколько стоит прокат? Хотим установить кронштейн
152,миксер,"Здравствуйте, сколько стоит аренда миксера строительного"
153,пылесос,"Здравствуйте, сколько стоит аренда строительного пылесоса"
154,не вопрос клиента,Здравствуйте
155,шуруповерт,"Здравствуйте, сколько будет стоит шуруповерт?"
156,нет такого инструмента,"Здравствуйте, у вас есть набор инструментов: пассатижи, гаечный ключ ?"
157,не вопрос клиента,Здравствуй
158,нет такого инструмента,Добрый вечер. Нужна торцевая пила со столом.
159,фрезер,Добрый вечер. Нужен фрезер для монтажа МК дверей. Есть по наличию?
160,торцовочная пила,Здравствуйте. Подскажите пожалуйста стоимость торцовочной пилы на сутки и есть ли диск по алюминию
161,паркетно-шлифовальная машина,Доброе утро. Хочу взять напрокат ципливочную машину. Какая стоимость за сутки?
162,торцовочная пила,"Здравствуйте, можно взять в аренду торцевую пилу ?"
163,шуруповерт,Здравствуйте  Аренда шуруповерта какая стоимость? Залог?
164,пылесос,Добрый день! Подскажите стоимость аренды пылесоса в час?
165,лестница-трансформер,"Здравствуйте,в какую цену арендовать лестницу трансформер на сутки?"
166,не вопрос клиента,Сообщение удалено
167,шлифовальная машина,"Добрый день! Подскажите, есть ли в аренду шлиф машина? Сколько стоит взять на день?"
168,пылесос,"Добрый день! Подскажите, есть ли в аренду пылесос? Сколько стоит взять на день?"
169,нет такого инструмента,Здравствуйте. Интересует шиногиб ручной. Есть такое в прокат?
170,нет такого инструмента,"Здравствуйте, подскажите нет ли у вас аккумуляторной пилы?"
171,торцовочная пила,Здраввствуйте !  Интересует настольная пила в аренду есть что то ?  Наподобие такого:
172,паркетно-шлифовальная машина,Добрый день. Сколько будет стоить аренда циклевлчной машины? Какая модель у вас?
173,УШМ,"Добрый день, есть в аренду болгарка 230 мм?"
174,перфоратор,Добрый вечер Интересует на завтра аренда перфоратора на сутки
175,пила дисковая,"Здравствуйте, нужна цирц пила на сутки. Завтра можно взять в аренду?"
176,пушка газовая,"Добрый вечер, подскажите пожалуйста, газовую пушку завтра с утра можно взять на сутки? Сколько будет стоить?"
177,дрель для алмазного бурения,"Здравствуйте, у вас есть дрель с микро ударом для подразетников ?"
178,сварочный полуавтомат,"Здравствуйте ,сколько стоит на прокат сварочник полуавтомат  с баллоном?"
179,УШМ,"Здравствуйте , большая болгарка интересует на 5 дней"
180,не вопрос клиента,Здравствуйте
181,УШМ,Добрый день у вас есть болгарка 250 с кожухом забора пыли?
182,лестница,"Здравствуйте, сколько стоит аренда шести ступенчатой стремянки ?"
183,фрезер,"Добрый день, не дозвонился вам. Скажите, фрезер можно взять в аренду? И какая у него цанга, 8 или 12мм, есть ли параллельный упор?"
184,торцовочная пила,Добрый вечер. Тарчовка не освободилась?
185,не вопрос клиента,"Добрый день!  Вы даёте платные консультации?  Планируем запустить в нашем городе Нижникамске бизнес, подобный вашему. Есть время, место и возможность. Но чтобы не распыляться и быть максимально эффективными уже на старте, нам нужны ответы на некотрые вопросы.  Список из 5-10 самых интересных позиции для проката.  Тарифы аренды на указанных выше позиции.  Условия предоставления оборудования в аренду.  Сколько будут стоить ответы на мои вопросы?  Заранее спасибо, за обратную связь!"
186,краскопульт,здравствуйте  а сколько стоит аренда краскопульта? на 3 дня
187,торцовочная пила,Сколько будет стоить пила торцовочная за сутки?
188,лобзик,Здравствуйте! подскажите сколько будет стоить лобзик в аренду
189,пылесос,"Добрый вечер, интересует строительный пылесос на завтра"
190,не вопрос клиента,Добрый вечер
191,УШМ,"Здравствуйте, хочу узнаь стоимость аренды болгарки ?"
192,вопрос по режиму работы,Здравствуйте. Работаете?
193,лазерный уровень,"Здравствуйте,  Будет ли в наличии лазерный нивелир на сутки в пятницу? И что по стоимости?"
194,миксер,Добрый день! Нужны в аренду: Строительный миксер
195,штроборез,Добрый день! Нужны в аренду: Штроборез
196,перфоратор,Добрый день! Нужны в аренду: Перфоратор
197,подъемник ГКЛ,Здравствуйте. Хочу арендовать у вас подьемник для глк на 6-7 января.
198,вопрос по режиму работы,"Здравствуйте,работаете?"
199,пила дисковая,Здравствуйте! Сколько стоит аренда паркетки?
200,перфоратор,Добрый день!  Подскажите стоимость аренды перфоратора  ?)
201,вопрос по режиму работы,"Здравствуйте,вы завтра работаете?"
202,шуруповерт,"Добрый вечер! Мне нужны инструменты: шуруповёрт. У вас есть такое, если да, то сколько это будет стоить?"
203,перфоратор,"Добрый вечер! Мне нужны инструменты: перфоратор. У вас есть такое, если да, то сколько это будет стоить?"
204,лазерный уровень,"Добрый вечер! Мне нужны инструменты: уровень. У вас есть такое, если да, то сколько это будет стоить?"
205,не вопрос клиента,Здравствуйте
206,перфоратор,Добрый день! Подскажите можно взять в аренду перфоратор на сегодня? Сколько будет стоить?
207,не вопрос клиента,Здравствуйте
208,дрель-шуруповерт,Здравствуйте! Сколько у вас стоит аренда дрели по часам?
209,пылесос,Добрый день. Интересует строительный пылесос. На сутки
210,не вопрос клиента,Здравствуйте
211,торцовочная пила,"Добрый день!  Подскажите, пожалуйста, можно ли арендовать торцовочную пилу? Необходима на один день, субботу.  Адрес: проспект Энгельса дом 29 корпус 1   Необходимо с доставкой"
212,шуруповерт,здравствуйте! почем аренда шуроповерта ?
213,не вопрос клиента,Здравствуйте
214,лестница,Какая стоимость завтра в 7 утра арендовать  лестницу?
215,перфоратор,"Добрый день, уточните, пожалуйста, стоимость аренды дрели или перфоратора на пару часов, необходимо повесить зеркало, для этого нужно просверлить отверстие в стене"
216,не вопрос клиента,Добрый день.
217,шуруповерт,"Здравствуйте, нужен шуруповерт и молоток"
218,паркетно-шлифовальная машина,"Здравствуйте, а есть машинка для циклевки паркета ?"
219,перфоратор,"Добрый день, хотим арендовать у вас инструмент нужно повесить штангу для одежды в шкаф из ЛДСП"
220,вопрос по режиму работы,"Здравствуйте, вы завтра работаете?"
221,перфоратор,"Здравствуйте, подскажите пожалуйста, можно ли у вас взять в прокат перфоратор на сутки?"
222,лампа Лосева,"Здравствуйте , лампа Лосева имеется ?"
223,шуруповерт,"Здравствуйте, сколько будет стоить аренда шуруповерта? И есть ли у вас возможность давать сверло?"
224,нивелир оптический,"Добрый вечер , подскажите есть невелиры ?"
225,торцовочная пила,Здравствуйте интересует аренда торцевой  пилы
226,шуруповерт,Здравствуйте а у вас нету шуруповерта в аренду ?
227,жираф,"Здравствуйте, есть шлифовочная машина?"
228,лампа Лосева,"Здравствуйте, есть лампа Лосева?"
229,пылесос,"Здравствуйте, есть пылесос?"
230,фрезер,"Здравствуйте, подскажите пожалуйста, какая модель мне лучше подойдет?  Задача - максимально быстро и как можно тише просверлить дерево не насквозь, а сделать просто углубление сверлом DeWalt Extreme Impact. Углубление диаметром 13мм и длиной 7см примерно  Тишина и скорость сверления находятся на одном уровне"
231,лампа Лосева,Добрый день! Лампа Лосева у Вас есть?
232,нет такого инструмента,Добрый вечер? Есть ли у вас в аренду КСГ - 705 Пистолет для цементного раствора
233,не вопрос клиента,Здравствуйте
234,не вопрос клиента,Здравствуйте
235,не вопрос клиента,Здравствуйте
236,перфоратор,Добрый вечер  Сколько будет стоить аренда перфоратора ?
237,вопрос по режиму работы,"Добрый вечер, пара вопросов: время аренды оплачивается сразу при получении, или  после возврата по фактическому времени в пользовании. И смогу ли я арендовать инструмент будучи несовершеннолетним (17 лет)?"
238,перфоратор аккумуляторный,"Добрый,мне нужен перфоратор аккумуляторный"
239,нет такого инструмента,"Здравствуйте, у вас есть в наличии дрель crown, хотел бы завтра подъехать, забрать"
240,торцовочная пила,"Торцовочная пила с протяжкой есть в наличии? Нужна будет в пятницу, где-то до понедельника"
241,нет такого инструмента,Добрый вечер. Интересует аренда ленточный пилы. Прошу указать марку и модель и стоимость.
242,торцовочная пила,Добрый вечер. Интересует аренда торцовочной пилы. Прошу указать марку и модель и стоимость.
243,лобзик,"Здравствуйте, нужен лобзик , чтобы сделать вырез в столе .   На 1 сутки или даже если можно на пол суток )   Какая цена и условия . Стол тонкий , можно самый обычный лобзик"
244,нет такого инструмента,"Добрый день. Подскажите, пожалуйста, есть ли в аренду электрический рубанок шириной 20 мм, глубиной от 4 мм?"
245,не вопрос клиента,Здравствуйте
246,пылесос,"Добрый вечер, есть возможность проката пылесоса строительного на завтра?"
247,пылесос,Добрый вечер!  На завтра у Вас есть пылесос строительный для аренды?
248,детектор проводки,"Добрый вечер!  На завтра у Вас есть детектор проводки, если у вас он в аренду ?"
249,не вопрос клиента,Здравствуйте для аренда
250,не вопрос клиента,Здравствуйте
251,лампа Лосева,Здравствуйте! Лампа Лосева есть в аренду? На месяц примерно
252,паркетно-шлифовальная машина,Доброе утро. Аренда циклевочной машины по паркету сколько будет стоить?
253,лобзик,"Здравствуйте,у вас есть лобзик?"
254,пылесос,"Добрый вечер, сколько стоит аренда строительного пылесоса?"
255,пушка электрическая,"Добрый вечер. Сколько у вас стоит аренда тепловой, электрической пушки для Помещения 5м2?"
256,лобзик,Добрый вечер  Сколько будет стоить аренда электролобзика на 2 суток? Что нужно для аренды?
257,перфоратор,Добрый вечер  Сколько будет стоить аренда перфоратора на 2 суток? Что нужно для аренды?
258,перфоратор,Здравствуйте!  Есть перфоратор?  На 3 дня
259,УШМ,Здравствуйте подскажите пожалуйста интересует большая болгарка с алмазным кругом по бетону
260,бензорез,Здравствуйте подскажите у вас есть в аренду бетонорез?
261,не вопрос клиента,День добрый.  Виброплиту выкупите? После одного объекта Champion PC9045F
262,перфоратор,Здравствуйте! Сколько стоит аренда перфоратора?
263,сварочный полуавтомат,"Здравствуйте, а у вас есть сварочный аппарат полуавтомат ?"
264,паяльник для ПВХ труб,Добрый день. Паяльная машина для полпроптленовых труб завтра можно взять?
265,не вопрос клиента,Здравствуйте
266,реноватор,"Здравствуйте, реноватор есть в наличии в аренду?"
267,лестница,"Здравствуйте! Есть ли для аренды лестница- стремянка, буквой Л для работы под потолком в помещении высотой 4.35 метра? На одни сутки."
268,плиткорез электрический,Здравствуйте . Аренда плиткореза для керамогранит а 120*60 есть у вас ? А так же для углов водный ? И есть в наличии ?
269,лестница,Здравствуйте. Лестница метров 7-8 есть для аренды? Цена?
270,гвоздезабивной пистолет по бетону,"добрый день, есть аренда гвоздезабивной пистолет аккумуляторный по бетону?"
271,машина полировальная,какие у вас полировочные машинки
272,машина полировальная,"Здравствуйте, полировальная машинка сколько будет стоить на сутки?"
273,торцовочная пила,"Добрый день! Интересует аренда торцовочной пилы, рубанка. Какая стоимость?"
274,степлер,Здравствуйте! Можно ли у вас арендовать пневмостеплер?
275,компрессор,Здравствуйте! Можно ли у вас арендовать электрический компрессор?
276,дрель-шуруповерт,"Добрый вечер! Работаете? Срочно нужна дрель, в которую зайдет сверло по металу на 12"
277,краскопульт,Здравствуйте  Интересует аренда краскопульта  Нужно покрасить потолок с вентиляцией 200кв  Какие варианты есть?   Владимир  89531790859
278,перфоратор,Здравствуйте есть перфоратор или ударная дрель ?
279,дрель-шуруповерт,"Здравствуйте, сколько стоит аренда дрели? На какой срок? Идут ли сверла в комплекте?"
280,реноватор,"Добрый день! Подскажите, пожалуйста, у вас есть в наличии реноватор?"
281,перфоратор,Здравствуйте  Перфоратор есть возможность взять в аренду сегодня и завтра вернуть?
282,нет такого инструмента,"здравствуйте, сколько стоит арендовать электропилу на два дня?"
283,рейсмус,Добрый день. Интересует аренда рейсмуса. Какая рабочая ширина?
284,пушка газовая,Здравствуйте. Газовую тепловую пушку завтра можно арендовать на пару суток?
285,газовый баллон,Здравствуйте. Баллон газовый завтра можно арендовать на пару суток?
286,тачка,Тачка нужна
287,виброплита,нужна трамбовка
288,пила цепная аккумуляторная,"Здравствуйте, подскажите, есть ли в ассортименте вашего инструмента аккумуляторная цепная пила?"
289,нейлер пневматический,Здравствуйте! Сколько стоит аренда пневматического степлера?
290,не вопрос клиента,Добрый  вечер
291,не вопрос клиента,"Здравствуйте, тепловые пушки есть в наличии?"
292,лестница,"Здравствуйте, нужна высокая стремянка , метров 5"
293,заклепочник,"Здравствуйте, есть ли у вас заклепочник под каленые заклепки 8мм ?"
294,пила ленточная,Добрый день! У Вас есть ленточная пила в аренду?
295,виброплита,"Добрый день ,сколько будет стоит вибро плита на сутки с доставкой?"
296,лобзик,"Здравствуйте  нужен электролобзик на сутки, сегодня можно взять в аренду,"
297,не вопрос клиента,Добрый вечер
298,сварочный аппарат,Нужен инвертор- сварочник.Чё-почём(?!) Привет.
299,торцовочная пила,Можно арендовать торцовочную пилу? Стоимость аренды?
300,лестница,Здравствуйте! Какая у Вас самая высокая стремянка?
301,сварочный полуавтомат,"Здравствуйте, сварочный полуавтомат нужен , дня на 4 , что по цене ?"
302,пила погружная,"Здравствуйте! Подскажите, циркулярная пила(распилить столешницу кухонную) есть в наличии? И какая стоимость?"
303,виброплита,"Добрый ночи, интересует виброплита, трамбовать 20-30см песок щебень, какой виброплита нужен?  аренда с доставкой ул Сортировочная-Московская"
304,прогрев бетона,"Добрый ночи, интересует  оборудование для прогрева бетона,  аренда с доставкой ул Сортировочная-Московская"
305,лазерный уровень,"Добрый ночи, интересует лазерный невилер, аренда с доставкой ул Сортировочная-Московская"
306,культиватор,Здравствуйте. Культиватор есть у вас в аренду?
307,перфоратор,Здравствуйте. Сегодня работаете? Перфоратор есть?
308,не вопрос клиента,Добрый вечер
309,перфоратор,"Здравствуйте! Подскажите пожалуйста, есть ли у вас перфоратор и сколько он стоит в сутки?"
310,вопрос по режиму работы,Вы сегодня работаете?
311,торцовочная пила,Добрый день! Подскажите пожалуйста есть ли у вас в аернду торцовочная пила ?
312,дрель-шуруповерт,добрый вечер! сегодня возможно арендовать дрель?
313,реноватор,"Добрый день. Необходимо арендовать реноватор. Подскажите по наличию. Еще подскажите, идет ли в комплекте оснастка?"
314,пылесос,Здравствуйте. Сколько стоит аренда строительного пылесоса?
315,реноватор,Здравствуйте. У вас есть реноватор?
316,лестница,"Здравствуйте. Вы сегодня работаете? Если да, то у вас есть стремянка на 7 ступеней (1.48м площадка) в аренду? И сколько это по стоимости на сутки"
317,миксер,"Здравствуйте! Можно на завтра забронировать строительный миксер ручной? Скорее всего на сутки, т.к. до 18-00 не успею вернуть."
318,торцовочная пила,Добрый день мне нужна торцовка для того чтобы отпилить плинтус из полистирола ( ударопрочный)
319,не вопрос клиента,Здравствуйте
320,сварочный полуавтомат,"Здравствуйте! Подскажите, у вас сварочный полуавтомат в аренду на сутки можно взять?"
321,нет такого инструмента,"Добрый день, подскажите пожалуйста есть ли у вас ударный ключ на 30мм"
322,пылесос,Здравствуйте!  Нужен в аренду строительный пылесос. Сколько за сутки? И сколько будет стоить взять на месяц?
323,не вопрос клиента,Здравствуйте
324,лобзик,"Здравствуйте, нужен электрический лобзик на сегодня, сколько будет стоить на 1 сутки?"
325,пылесос,"Здравствуйте, нужен мощный строительный пылесос. У нас есть обычные строительный пылесос с 1 турбиной, но он не справляется. Задача такая: по площади всей квартиры убрали плитку и остался мусор, мы сколько смогли прошли щетками, и нужно привести пол в порядок."
326,шуруповерт,"Здравствуйте, сколько стоит аренда шуруповерта самого простого на сегодня"
327,пила дисковая,Дд Подскажите пожалуйста стоимость аренды циркулярной ручной пилы И второе: торцовочной
328,торцовочная пила,"нужна торцовочная пила с протяжкой, с глубиной пропила не менее 90 см. Есть такое? стоимость аренды?"
329,перфоратор,Здравствуйте. Сколько стоит аренда перфоратора. Нужно сделать 8 отверстий в бетоне. Аренда на день
330,реноватор,Здравствуйте. Ренноватор сдаете в аренду? Стоимость? Где можно забрать?
331,не вопрос клиента,Добрый вечер!
332,не вопрос клиента,Добрый день! С прайсом можно ознакомиться?
333,перфоратор,"Здравствуйте! Подскажите, пожалуйста, у вас есть ударная дрель с функцией перфоратора? И можно, пожалуйста, узнать условия аренды?"
334,гвоздезабивной пистолет по бетону,здравствуйте. сколько будет стоить аренда гвоздезабивной пистолет аккумуляторный
335,не вопрос клиента,Добрый день.
336,паркетно-шлифовальная машина,Здравствуйте. А циклевщик для Пола есть?
337,бензопила,"Добрый вечер  Интересует бензопила , 462 или выше Аренда на 4 дня , возможно больше"
338,пила дисковая,"Здравствуйте, меня интересует, 1)пила паркетница, если да, то сколько будет стоить аренда на 2 суток"
339,лазерный уровень,"Здравствуйте, меня интересует, 2)лазерный уровень, если да, то сколько будет стоить аренда на 2 суток"
340,степлер,"Здравствуйте, меня интересует, 3)степлер электрический, если да, то сколько будет стоить аренда на 2 суток"
341,не вопрос клиента,Добрый вечер
342,шлифовальная машина,"Здравствуйте,сориентируйте по наличию шлифмашинки по дереву ,ее стоимости и возможности аренды на воскресенье"
343,дрель для алмазного бурения,"Здравствуйте, имеется дрель с коронкой для подрозетника (68мм)?"
344,УШМ,"Здравствуйте, подскажите, есть ли в наличии в аренду болгарка?"
345,паркетно-шлифовальная машина,"Здравствуйте! Скажите пожалуйста, имеется в прокате Паркетошлифовальные машины? Если да, в какую стоимость прокат?"
346,паркетно-шлифовальная машина,"Здравствуйте, у вас есть циклевочная машина? Сколько стоит аренда?"
347,сварочный полуавтомат,"Здравствуйте, а сколько сварчный полуавтомат ампер минимум и цена"
348,лобзик,Добрый день! У вас в аренду аккумуляторный электро лобзик или аккумуляторная сабельная пила?
349,гвоздезабивной пистолет по бетону,Здравствуйте. Гвоздезабивной пистолет можно взять в аренду? Какая цена и условия ?
350,краскопульт,"Здравствуйте, есть электрический пуливилизатор"
351,не вопрос клиента,"здравствуйте, могу ли я придти к вам с инструментом маленьким, чтобы вы обрезали, я просто не умею инструментом пользоваться"
352,паяльник для ПВХ труб,Здравствуйте. Подскажите у вас есть инструмент для резки металлопластиковых труб?
353,не вопрос клиента,Сообщение удалено
354,триммер,Здравствуйте. Сколько будет стоить бензопила и триммер с ножом и леской? На день
355,перфоратор,"Здравствуйте, нужен мощный перфоратор, есть возможность взять у вас в аренду?"
356,степлер,"Здравствуйте, сколько стоит аренда степлера"
357,шлифовальная машина,"Здравствуйте, шлифовальная машина для дерева на акомулятлое есть?"
358,перфоратор,Здравствуйте! Хотела бы узнать возможно ли взять перфоратор (который подойдёт для кирпичной стены) на воскресенье и сколько это будет стоить?
359,перфоратор,Здравствуйте. Нужен перфоратор или дрель с ударным механизмом. Повесить зеркало
360,не вопрос клиента,Добрый день
361,плиткорез ручной,"Здравствуйте. Подскажите, интересует плиткорез. Что у вас есть из наличия и какая будет стоимость аренды ?"
362,заклепочник,Добрый день! подскажите есть ли в аренду резьбовой заклепочник?
363,УШМ,"Здравствуйте! Нужен болгарка на день, сколько выйдет?"
364,сварочный аппарат,"Здравствуйте! Нужен сварочник на день, сколько выйдет?"
365,нет такого инструмента,Электропилу в аренду сколько будет
366,не вопрос клиента,Здравствуйте!
367,пылесос,Добрый день ! Сколько стоит аренда строительного пылесоса ?
368,бензобур,Здравствуйте. Требуется бур шнек 300 с доставкой. Оплата по р/с  с НДС
369,перфоратор,Здравствуйте. Можно ли будет у вас завтра взять перфоратор в аренду? И сколько стоит на сутки
370,пылесос,"Здравствуйте, хотел бы завтра взять пылесос на день. Пропылесосить стяжку перед заливкой ровнителя. Не нашел объявления, сколько будет стоить ?"
371,газонокосилка,"Здравствуйте. Подскажите , у вас можно арендовать газонокосилку и какая цена за сутки ?"
372,генератор,"Здравствуйте, есть генератор от 5 кВт ? Завтра на день"
373,лестница,"Добрый день) нам нужна стремянка в среду к 10.00, на 1 день Подскажите , есть ли у Вас доставка и какой высоты есть?  Потолки в помещении 3.5м, необходим доступ до потолка"
374,перфоратор,"Здраствуйте,перфоратор в аренду у вас есть?цена аренды?"
375,пылесос,"Здравствуйте, у вас есть пылесос для болгарки ?"
376,лестница,"Добрый день. Подскажите, у вас будет стремянка высокая для работы с потолком 4м-4.3м?"
377,паркетно-шлифовальная машина,"Добрый день, в какую стоимость будет аренда циклевочной машины по паркету ?"
378,торцовочная пила,Здравствуйте  Нужна торцовка на 2-3 дня Какая стоимость?
379,торцовочная пила,"Добрый день! Ищем для работ небольшую торцовочную пилу. Подскажите, пожалуйста у Вас найдется такой инвентарь?"
380,лестница,"Добрый день! Ищем для работ стремянку до 100 сантиметров (можно +-20 сантиметров -- не критично). Подскажите, пожалуйста у Вас найдется такой инвентарь?"
381,лобзик,"Добрый день, хочу взять в аренду аккумуляторный электролобзик в воскресенье с утра"
382,лестница,"Добрый день! Просьба уточнить возможно и стоимость. Нужны две лестницы-стремянки. Трансформер и трехсекционная. На 3-5 дней, с сегодняшнего дня или завтра. С возможностью доставки: проспект Энгельса, дом 27. Оплата: желательно безнал, возможно?"
383,не вопрос клиента,Здравствуйте
384,дрель-шуруповерт,"Здравствуйте,в какую цену будет прокат дрели на сутки? Я могу сейчас без проблем подъехать"
385,бензобур,"Добрый вечер! Подскажите, пожалуйста, есть ли у вас бензобур?"
386,триммер,"Добрый вечер! Подскажите, пожалуйста, есть ли у вас триммер бензиновый (мотокоса)?"
387,сварочный полуавтомат,Сколько стоит аренда сварочного полуавтомата ?
388,вопрос по режиму работы,Подскажи вы с 09:00 или с 10:00 в выходные ? На авито написано с 09:00 на картах с 10:00
389,паркетно-шлифовальная машина,"Доброй ночи, в какую стоимость аренда циклевальной машины для паркета дубового ?"
390,пылесос,"Здравствуйте, подскажите пожалуйста, есть ли пылесос который подойдет для уборки полов после ремонта (надо избавиться от белой пыли)"
391,не вопрос клиента,Здравствуйте
392,нет такого инструмента,"Здравствуйте, электробур по чем можно арендовать?"
393,сварочный полуавтомат,"Здравствуйте! Интересует сварочный полуавтомат в аренду, на 2дня"
394,не вопрос клиента,Здравствуйте
395,фен,"Здравствуйте!  Нужно снять старую краску с деревянных дверей.   Я так понимаю, нужна аренда строительного фена? Если неправильно понимаю, подскажите, пожалуйста.  И сразу с ценами с доставкой от/до Загородного проспекта, 24, Спб  Спасибо!"
396,УШМ,"Здравствуйте!  Нужно снять старую краску с деревянных дверей.   Я так понимаю, нужна аренда болгарки? Если неправильно понимаю, подскажите, пожалуйста.  И сразу с ценами с доставкой от/до Загородного проспекта, 24, Спб  Спасибо!"
397,краскопульт,Здравствуйте! Краскопульт на завтра есть? Какой и стоимость аренды?
398,торцовочная пила,"Здравствуйте, какова стоимость аренды торцовочной пилы ?"
399,лестница,"здравствуйте, есть ли у вас лестница трансформер в аренду, что бы в разложенном виде не меньше 3 метров в длинну была? и сколько будет стоить на 3 часа?"
400,лобзик,Здравствуйте  Нужен лобзик для выреза столешницы в аренду на 1 день
401,торцовочная пила,Здравствуйте. У вас есть торцовочная пила?
402,перфоратор,"Здравствуйте, а перфоратор сколько будет стоить?"
403,пылесос,"Здравствуйте,можно ли заехать через минут 20 взять в аренду строительный пылесос?"
404,шуруповерт,"Добрый день, подскажите, пожалуйста, стоимость аренды шуруповерта?"
405,штроборез,Добрый день! Штроборезы есть?
406,лестница,Добрый день !   Интересует аренда лестницы на сутки высотой 9-11 метров  И по какому графику работаете ?
407,не вопрос клиента,Добрый вечер
408,перфоратор,"Здравствуйте, у вас есть перфоратор в аренду? Сколько стоит?"
409,не вопрос клиента,Здравствуйте!
410,рейсмус,Здравствуйте я по поводу рейсмус а утром могу получить
411,торцовочная пила,Здравствуйте.У вас есть в аренду торцовка по металлу?
412,нет такого инструмента,Здравствуйте есть набор гаечных ключей в аренду?
413,дрель-шуруповерт,Здравствуйте! Скажите пожалуйста сколько стои аренда дрели?
414,штроборез,Доброго дня! Интересует аренда штробореза
415,пылесос,Доброго дня! Интересует аренда строительного пылесоса
416,не вопрос клиента,Добрый день
417,гвоздезабивной пистолет по бетону,Добрый день есть аренда монтажного пистолета?
418,лобзик,Добрый день! Подскажите стоимость аренды лобзика электрического?
419,реноватор,Здравствуйте  Можно сегодня взять в аренду реноватор?
420,лазерный уровень,"Здравствуйте, есть ли в вас в аренду лазерный уровень?"
421,виброплита,"Здравствуйте, у вас есть на завтра аренда трамбоки 160-200кг?"
422,лестница,Здравствуйте. У вас есть лестница от 5м?
423,шуруповерт,"Здравствуйте, хотел бы взять в аренду у вас 2-3 шуроповерта мощных  Нужно вкручивать саморезы через листвиницу в металл  На суббота воскресенье"
424,станок распиловочный,"Добрый вечер! Скажите пожалуйста распиловочный станок у вас можно в аренду взять, завтра или послезавтра"
425,фен аккумуляторный,Здравствуйт! Есть фен аккумулятор?
426,бур для перфоратора,"Добрый день, есть бур по бетону 50мм?"
427,перфоратор,Добрый день ! Перфоратор возможно сегодня у вас взять  ?
428,фрезер,"Здравствуйте, подскажите сколько стоит аренда фрезера ? На 2 дня"
429,сварочный полуавтомат,По чем полуавтомат
430,не вопрос клиента,Здравствуйте
431,жираф,Здравствуйте! У вас есть шлифмашика для штукатурки? Сколько будет стоить аренда?
432,не вопрос клиента,Здравствуйте
433,лобзик,"здравствуйте, а у вас есть лобзик?"
434,генератор,"Добрый день, Есть ли электрогенератор 3 фазы , 5-6 кВт? Если есть , сколько стоит аренда сутки?"
435,дрель-шуруповерт,здравствуйте  у вас есть дрель со сверлом именно для кафеля?
436,перфоратор,"Добрый день! Мне нужен в аренду примерно дня на 4-5 перфоратор с силой удара от 4 до 8Дж + к этому перфоратору  насадка для сверления под розетку ( круглой формы, по моему её называют короной, но могу ошибаться) + насадка для штробления стены( бетон) под проводку.  Есть ли в наличии и стоимость прибора и доставки в черте СПб?"
437,не вопрос клиента,Здравствуйте
438,нет такого инструмента,"Здравствуйте, есть в аренду подметальные машины?"
439,пылесос,Здравствуйте) сколько стоит аренда строительного пылесоса?
440,не вопрос клиента,Здравствуйте. Где можно посмотреть прайс на инструменты?
441,лестница,"Здравствуйте ,  стремянку за сколько можно аредовать ?"
442,перфоратор,"Добрый день, скажите, пожалуйста, сегодня можно будет перфоратор в аренду взять?"
443,пушка тепловая,"Здравствуйте. Подскажите пожалуйста, есть ли в наличии тепловая пушка? И какие условия?"
444,машина полировальная,Добрый день есть ли у вас полировальная машинка
445,сварочный полуавтомат,"Здравствуйте, сколько стоит аренда простого полуавтомата ?"
446,торцовочная пила,Доброе утро! Нужна торцовочная пила.
447,торцовочная пила,Здравствуйте у вас тарсовка есть на 45° градусов
448,вопрос по режиму работы,Добрый день завтра можно будет инструмент арендовать?
449,лобзик,"Здравствуйте, сколько стоит в аренду лобзик и какие условия?"
450,шуруповерт,"Добрый день, подскажите пожалуйста, есть ли у вас шуруповёрт в прокате и сколько будет стоить его аренда на день?"
451,нет такого инструмента,"Добрый день, подскажите пожалуйста, есть у Вас пила по газобетону?"
452,шуруповерт,"здравствуйте, у вас есть в аренду дрель, шуруповерт и крестообразная ответрка?"
453,лобзик,"Добрый вечер! Подскажите, у вас есть электро-лобзик?"
454,торцовочная пила,Добрый вечер. Подскажите пожалуйста по аренде торцовочный пилы? Есть в наличии в. Какую стоимость?
455,пила дисковая,Добрый вечер. Интересует в аренду паркетка.
456,УШМ,"Здравствуйте, мне нужна болгарка с алмазным диском на воскресенье. У вас есть?"
457,степлер,Добрый вечер. Есть шпилькозабиватель ?Задача пробить мдф необработанный к стене и чтобы в шпаклевку на 2-3 мм зашло. Задача панели из мдф к стене прибить можно это сделать ?
458,нет такого инструмента,здравствуйте. У вас есть дорожная рейка длиной 3 метра?
459,гвоздезабивной пистолет по дереву,Здравствуйте. Есть гвоздизабивной пистолет под гвозди 100мм-130мм?
460,виброплита,Доброй ночи ! Трамбовка на завтра есть свободная ?
461,газовый баллон,"Здравствуйте, а сколько будет стоить взять в аренду балон?"
462,пушка газовая,"Здравствуйте, а сколько будет стоить взять в аренду газовую пушку?"
463,УШМ,Добрый день. Сколько стоит аренда болгарки на сутки или вечер?
464,сварочный полуавтомат,"Здравствуйте, сколько стоит арендовать сварочный полуавтомат на сутки?"
465,не вопрос клиента,Здравствуйте
466,пылесос,Здравствуйте. Стоимость аренды строительного пылесоса на выходные?
467,УШМ аккумуляторная,"Здравствуйте ,нужна аккумуляторная болгарка  Утром в субботу"
468,не вопрос клиента,"Здравствуйте, Коллеги"
469,краскопульт,Здравствуйте. Сколько стоит аренда краскопульта?
470,не вопрос клиента,Добрый вечер
471,вопрос по режиму работы,"Здравствуйте, на каких условиях даёте в аренду инструменты?"
472,гвоздезабивной пистолет по бетону,"Здравствуйте, ищу монтажный пистолет по бетону.  Есть ли свободный на среду?  Покажите фотки какой у Вас 🙏"
473,лазерный уровень,"Здравствуйте интересует лазерный уровень, есть в наличии?"
474,перфоратор,"Добрый вечер, сколько будет стоить перфоратор на прокат Нужно сломать стену"
475,сварочный аппарат,Здравствуйте. Сколько будет стоить аренда сварочного инвертора? Мне нужно 4 распред. коробки сварить.
476,пушка тепловая,Добрый день ! Есть тепловая пушка ?
477,не вопрос клиента,Здравствуйте
478,миксер,"Здравствуйте, сколько будет стоить аренда строительного миксера"
479,заклепочник,"Добрый вечер,клепальники электрические есть у вас в аренду?"
480,рейсмус,"Добры день, аренда рейсмуса в какую цену?"
481,генератор,"Здравствуйте,  интересует аренда генератора"
482,шуруповерт,"Добрый вечер, можно ли арендовать шуруповерт ?"
483,лестница,Здравствуйте Можно завтра арендовать лестницу на день?
484,миксер,Добрый день. Строительный миксер имеется в наличии?
485,пылесос,"Здравствуйте, хочу арендовать шлифмашинку для бетона (потолок) желательно с пылесосом чтобы она была на день (воскресенье, 31 августа). Есть ли у Вас такая и сколько она будет стоить?"
486,дрель-шуруповерт,"Здравствуйте, сколько стоит аренда дрели?"
487,краскопульт,"Здравствуйте! Мне нужен краскопульт для окраски фасада дома в аренду , есть у вас?"
488,краскопульт,"Здравствуйте. Подскажите, пожалуйста, стоимость аренды краскопульта в сутки и свободен ли 25-26 числа (завтра-послезавтра)?"
489,заклепочник,Здравствуйте есть заклепочник для вытяжных заклепок? Механический
490,дрель-шуруповерт,"Добрый день! Мне нужна дрель, какая цена аренды на сутки?"
491,перфоратор аккумуляторный,"Здравствуйте , есть перфератор аккумуляторный на завтра ?"
492,осушитель воздуха,Здравствуйте. Можно зарезервировать на завтра до 12ч осушитель?
493,торцовочная пила,"Здравствуйте, торцевую пилу в какую стоимость можно взять в аренду на день?"
494,триммер,Здравствуйте! Мне нужен триммер на завтра на день
495,УШМ,Здравствуйте. Сколько стоит аренда болгарки с алмазной чашкой? Мне нужно снять краску со стены
496,рейсмус,Здравствуйте! Нашу организацию (я представляю сейчас ИП) - интересует взять в аренду Станок рейсмусовый деревообрабатывающий с шириной обработки не менее 250 мм Какие условия аренды: 1. Кто может выступать арендатором? 2. Наличие/объем залога? 3. Стоимость аренды (сроки/цена)? 4. Возможность доставки арендодателем (находимся Канонерка)? Благодарю!
497,не вопрос клиента,Сообщение удалено
498,реноватор,Добрый день можно на завтра забронировать рановатор
499,перфоратор,Добрый день!  можно будет в аренду перфоратор взять? и сколько будет стоить?
500,степлер,"Добрый день. Интересует степлер электрический, гвозди от 40 мм. Есть такое?"
501,рейсмус,"Добрые день, скажите пожалуйста, сколько стоит аренда рейсмусового станка?"
502,реноватор,Добрый день! Необходима аренда реноватора на сутки. Подскажите стоимость с самовывозом на Парнасе?
503,перфоратор,"Здравствуйте! Подскажите, сколько будет стоить аренда перфоратора на день? Интересует на завтра 19.08"
504,мотопомпа,Добрый день. Есть ли у Вас мотопомпа в аренду? Сколько стоит в сутки?
505,перфоратор,"Здравствуйте,нужен перфоратор"
506,УШМ,"Здравствуйте, сколько стоит арендовать болгарку на пол для?"
507,паркетно-шлифовальная машина,Здраствуйте есть ли в аренду циклевочная машина? Оплата по безналу.
508,вопрос по режиму работы,Доброе утро! Когда можно будет подъехать к вам?
509,не вопрос клиента,Добрый день
510,пылесос,"Здравствуйте! Подскажите, пожалуйста, есть в аренду строительный пылесос? Какая стоимость?"
511,реноватор,"День добрый, реноватор в аренде есть у вас?"
512,триммер,Здравствуйте. Триммер бензиновый или хорошей мощности электрический имеется в аренду?
513,нет такого инструмента,Доброе утро. У вас есть резьбонарезной ручной станок?
514,паркетно-шлифовальная машина,"Добрый день!  Подскажите, пожалуйста, есть ли у вас циклевочная машина?  Сколько будет стоить аренда на день и какой вид/модель циклевочной машины?"
515,пылесос,"Добрый день!  Подскажите, пожалуйста, есть ли у вас циклевочная машина и пылесос к ней?  Сколько будет стоить аренда на день и какой вид/модель циклевочной машины?"
516,не вопрос клиента,Здравствуйте!
517,торцовочная пила,Добрый вечер. У вас есть торцевая пила?
518,резчик швов,Добрый день! Есть ли у вас доставка и вывоз? И какая стоимость будет за аренду нарезчика швов на 2 дня. (Режем асфальт)
519,пила погружная,"Здравствуйте, у вас есть погружная пила с шиной аккумуляторная?"
520,пылесос,"Здравствуйте, нужен строительный пылесос и шлифовальная машина по бетону, для потолка, есть ли а вас в наличии? что для этого нужно?"
521,резчик швов,Здравствуйте.  Нужно пропилить дорожную плиту.  Что посоветуете?  Глубина Реза нужна от 20 см.
522,дрель магнитная,Здравствуйте! Предлагается ли в аренду. Магнитный сверлильный станок
523,не вопрос клиента,Здравствуйте
524,нет такого инструмента,"Здравствуйте, есть зажим для фальцевой кровли?"
525,не вопрос клиента,Добрый день
526,шлифовальная машина,"Добрый день, у Вас есть шлиф машинка в аренду?"
527,шуруповерт,Здравствуйте.  Шуруповерт на сутки сколько стоит и какие условия?
528,не вопрос клиента,Здравствуйте
529,паркетно-шлифовальная машина,"Здравствуйте, нужна в аренду циклевочная машинка для паркета"
530,сварочный полуавтомат,Добрый день. Подскажите сколько стоит аренда сварочного полуавтомата на сутки?
531,пресс для труб РЕ-Х,Здравствуйте! Аксиальный прес под рехау есть ?
532,паяльник для ПВХ труб,Добрый вечер. У вас есть сварочный аппарат ппр с насадками 125-100 ?. То есть для больших диаметром ппр
533,дрель для алмазного бурения,Добрый день! Есть дрель для алмазного бурения?
534,машина полировальная,"Здравствуйте, аренда полировальной машинки сколько стоит?"
535,генератор,Здравствуйте. Какие варианты бензогенератора у вас есть и по какой цене?
536,машина полировальная,"Доброй ночи, извините за позднее сообщение, хотел бы узнать стоимость аренды полировальной машинки для автомобиля"
537,перфоратор,"Здравствуйте, сколько будет стоить перфоратор на 1-2 часа"
538,пушка тепловая,"Здравствуйте. Уточните, пожалуйста, есть ли у вас в аренду обогреватели?"
539,газонокосилка,Добрый день! А сколько стоит аренда газонокосилки?
540,пылесос,"Здравствуйте, у вас есть пылесосы для чистки мебели?"
541,не вопрос клиента,Здравствуйте
542,удлинитель электричексий,"Добрый день! У вас есть удлинитель 220в -,40/50 метров сегодня на сутки?"
543,газонокосилка,Аренда газонокосилки ск стоит у вас?
544,фрезер,"Здравствуйте, подскажите, можно ли взять фрезер в аренду и сколько будет стоить"
545,пылесос,"Добрый день,  можно взять в аренду строительный пылесос? На сутки с 2 по 3 августа"
546,плиткорез ручной,"Добрый день,  можно взять в аренду плиткорез? На сутки с 2 по 3 августа"
547,УШМ,Здравствуйте! У вас есть на сутки или двое болгарка увеличенного диаметра? 200 например  СПб
548,генератор,Добрый вечер Требуется арендовать генератор мощность 5кВт На 22.08 С 15:00 до 23:00 Подскажите пожалуйста сколько это может стоить ? Также имеется ли возможность осуществить трансфер и при необходимости завести генератор?
549,перфоратор,"Здравствуйте, сколько стоит аренда перфоратора"
550,пылесос,Здравствуйте. Интересует аренда строительного пылесоса на 1 день. Нужен в понедельник 22.07.2025 . Сколько будет стоить и когда можно забрать?
551,триммер аккумуляторный,Добрый день! У Вас есть в прокат аккумуляторный триммер ?
552,пылесос,Здравствуйте сколько стоит аренда строительного пылесоса
553,сварочный аппарат,"здравствуйте, мне приварить две железки, что мне для этого посоветуете взять в аренду?"
554,перфоратор,добрый день! а можно у вас сегодня будет взять перфоратор в аренду?
555,перфоратор,"Добрый день,подскажите пожалуйста сколько будет стоить арендовать перфоратор и сверло на 8 и 12 при возможности?"
556,нет такого инструмента,Добрый день! Сколько будет стоить аренда электропилы на 2 дня ? И куда надо подъехать? Часы работы
557,торцовочная пила,"Здравствуйте! Нужна торцовочная пила с диском, чтобы аккуратно резать углы плинтуса МДФ , какие условия и стоимость аренды ?😊"
558,перфоратор,"Здравствуйте, есть ли у вас в наличии следующие инструменты?  перфоратор ножницы по металлу  Нужно взять в аренду завтра в середине дня на двое суток. И сориентируйте пожалуйста по стоимости."
559,УШМ,"Здравствуйте, есть ли у вас в наличии следующие инструменты?  болгарка с диском по металлу  Нужно взять в аренду завтра в середине дня на двое суток. И сориентируйте пожалуйста по стоимости."
560,шуруповерт,"Здравствуйте, есть ли у вас в наличии следующие инструменты?  шуруповерт  Нужно взять в аренду завтра в середине дня на двое суток. И сориентируйте пожалуйста по стоимости."
561,отбойный молоток,Здравствуйте бетонолом есть у вас сколько джоулей и какая модель?
562,паяльник для ПВХ труб,"Здравствуйте, ищу сварочный аппарат для полипропиленовых труб диаметром 90мм.у вас такой есть?"
563,пылесос,"Здравствуйте, подскажите сколько у вас стоит аренда пылесоса кёрхер, например вд 3?"
564,вопрос по режиму работы,"Добрый день, по поводу аренды сколько стоит инструменты?"
565,не вопрос клиента,Сообщение удалено
566,фен,Добрый день! Сколько будет стоить аренда строительного фена на день?
567,УШМ,Ушм 230 сколько в день?
568,машина полировальная,"Здравствуйте, возможно завтра взять в аренду полировочную машинку?"
569,не вопрос клиента,Сообщение удалено
570,фрезер,"Добрый вечер, подскажите, будет ли фрезер с фрезой для врезки замков на завтра в аренду взять?"
571,генератор,Здравствуйте. Нужен генератор в аренду на эти выходные для питания походного холодильника. Есть небольшой свободный в наличии?
572,лобзик,"Здравствуйте, можно взять в аренду электролобзик на двое суток?"
573,перфоратор,Добрый день Сколько будет стоить аренда перфоратора на сутки
574,лобзик,"Здравствуйте, есть лобзик в наличии и сверло по дереву к нему?"
575,торцовочная пила,"Добрый вечер! Подскажите пожалуйста, могу ли я взять у Вас в аренду торцовочную пилу завтра утром на сутки?"
576,шлифовальная машина,"Здраствуйте, есть ли к вас шлифмашинки на аккумуляторе ?"
577,бур для перфоратора,Здравствуйте. У Вас есть бур для установки кондиционера?
578,нет такого инструмента,Здравствуйте есть аппарат для снятия кровли ?
579,перфоратор,"Доброго вечера, подскажите стоимость  аренды перфоратора ?"
580,лестница,"добрый день нужна в аренду лестница трехсекционная, думаю ступеней на 7 хватит. нужно на одну ночь, работать в тц гранд каньон, ремонт кондиционера"
581,заклепочник,"Здравствуйте, есть в наличии электро заклепочник?"
582,виброплита,Здравствуйте!   Интересует аренда трамбовки 250-300кг есть ли у вас такая?
583,пылесос,"Добрый день, в аренду у вас есть пылесос и шлифовальная машинка?"
584,не вопрос клиента,Здравствуйте
585,нет такого инструмента,"Здравствуйте, сколько стоит аренда трубореза?"
586,пылесос,Здравствуйте возможно ли завтра взять пылесос строительный в аренду?
587,не вопрос клиента,Добрый день!
588,торцовочная пила,"Здравствуйте! торцовочная пила с протяжкой есть у вас? чтобы распилить стеновые панели, они тонкие но широкие 20см"
589,перфоратор,Добрый вечер  У вас есть Перфоратор. И сколько это будет стоить на 2 суток
590,УШМ,Добрый вечер  У вас есть  болгарка  И сколько это будет стоить на 2 суток
591,лазерный уровень,Добрый вечер  У вас есть лазерный уровень (любой )  И сколько это будет стоить на 2 суток
592,лобзик,Добрый вечер  У вас есть лобзик  И сколько это будет стоить на 2 суток
593,нет такого инструмента,Здравствуйте. Интересует ленточная шлифмашина машинка на роликах . есть ?
594,краскопульт,"Добрый день,краскопульт есть в наличии ?"
595,вопрос по режиму работы,"Добрый вечер, работаете сейчас?"
596,не вопрос клиента,Здравствуйте
597,не вопрос клиента,"Здравствуйте,вам нужен инструмент для монтажных работ ?"
598,УШМ,"Здравствуйте. А нет ли такой возможности, чтобы и мастера вместе с инструментом пригласить? Нужно болгаркой отпилить  полосу на декоративной плитке на балконе ?"
599,не вопрос клиента,Привет
600,бур для перфоратора,"Здравствуйте, а 32 бур есть в аренду?"
601,перфоратор,Добрый день по аренде перфоратора возможно сегодня ?
602,пушка электрическая,Здравствуйте есть электрическая пушка до 3КВТ?
603,не вопрос клиента,Добрый вечер
604,не вопрос клиента,Сообщение удалено
605,сварочный полуавтомат,"здравствуйте, сколько будет стоить арендовать полуавтомат на субботу и воскресенье?"
606,виброплита,"Добрый день! У вас возможно на завтра с доставкой заказать бенз.трамбовку на 90 кг. Адрес доставки: улица Понссе, территория Южная часть производственной зоны Горелово, Виллозское г.п., Ломоносовский район. Работаеи по безналу с НДС."
607,пылесос,Здравствуйте мне нужен строительной пылесос
608,не вопрос клиента,Добрый день
609,лобзик,"Добрый день, лобзик аккумуляторный есть?"
610,пылесос,"Здравствуйте. Подскажите, пожалуйста, стоимость аренды строительного пылесоса"
611,пылесос,Здравствуйте! Интересует строительный пылесос в аренду
612,сварочный полуавтомат,"Здравствуйте,сколько стоит аренда сварочного полуавтомата?"
613,резчик швов,А резчик швов сколько будет в аренду стоить? И какие есть?
614,пылесос,"Добрый день, хотела узнать у вас насчет цены за аренду пылесоса с шлангом, работы на пару минут🙏🏻 Нужно протянуть леску по гофре. По адресу метро Рыбацкое, в какую стоимость это выйдет?"
615,бур для перфоратора,"Добрый вечер! Есть в аренде бур 28х1000 и 32х1000 под sds plus. Сколько на сутки один и второй бур и если оба сразу возьму в аренду, цена такая же? Мне на полдня, максимум день. Спасибо"
616,фрезер,Здравствуйте! Нужно будет арендовать фрезер на следующей неделе на 1 день. Сколько будет стоить?
617,перфоратор,"Здравствуйте, интересует перфоратор sdc max и бур 40 д метр"
618,не вопрос клиента,добрый день
619,лобзик,Здравствуйте! Интересует лобзик электрический по дереву. Есть?
620,УШМ,"Здравствуйте, сориентируйте пожалуйста по ценам.  Аренда : болгарки  Сроком на 12 часов и допустим сутки"
621,миксер,"Здравствуйте, сориентируйте пожалуйста по ценам.  Аренда : строительного миксера  Сроком на 12 часов и допустим сутки"
622,лобзик,"Добрый вечер, подскажите есть ли в наличии электролобзик и пила циркулярная? Сколько по стоимости аренда?"
623,воздуходувка,"Добрый день, подскажите пжл, есть ли у вас в аренду воздуходувка? Сколько по стоимости будет? Благодарю)"
624,лестница,"Добрый день, подскажите пжл, есть ли у вас в аренду самая длинная стремянка, метров так 12? Сколько по стоимости будет? Благодарю)"
625,пылесос,"Добрый день, строительный пылесос есть в наличии в аренду?"
626,не вопрос клиента,Добрый день
627,не вопрос клиента,Здравствуйте
628,лобзик,Добрый вечер. Элекролобзик в прокат есть?
629,не вопрос клиента,Здравствуйте
630,УШМ,"Добрый день. Я забронировала маленькую болгарку минут 20 назад ,но потребность отпала,не могу дозвониться через Авито,скидывает вызов. Снимите бронь,пожалуйста,извините ,что так вышла. Наталья."
631,виброплита,Здравствуйте. Сколько стоит аренда виброплиты с накладкой (ковриком) для плитки?
632,не вопрос клиента,Доброй ночи
633,пылесос,"Добрый день! Подскажите пожалуйста. Если сегодня арендовать строительный пылесос, завтра смогу его вернуть? Или завтра не работаете?"
634,УШМ аккумуляторная,"Здравствуйте, у вас можно взять в аренду аккумуляторную болгарку?"
635,паркетно-шлифовальная машина,циклевочная машина есть на прокат?
636,пылесос,"Доброе утро, какая стоимость аренда строительного пылесоса на 1 сутки?"
637,дрель-шуруповерт,Здравствуйте! Можно забронировать на завтра дрель?
638,пила дисковая,Здравствуйте. Можно завтра взять циркулярную пилу в аренду?
639,перфоратор,"Здравствуйте. Хотели бы взять в аренду перфоратор, где то на пол дня, сегодня или завтра."
640,пистолет для герметика,Здравствуйте! Есть ли в парке электрический пистолет для герметика под пакеты?
641,сварочный полуавтомат,"Здравствуйте. Интересует аренда сварочника полуавтомата, с баллоном. Стоимость?"
642,сварочный полуавтомат,Здравствуйте интересует аренда полуавтомата
643,не вопрос клиента,Здравствуйте
644,шнек для бензобура,"Здравствуйте, если у вас буры для бензобура Если есть, то какие диаметры"
645,шуруповерт,"Здравствуйте, подскажите, можно ли сегодня подъехать арендовать шуруповерт-дрель? В районе 17:00"
646,жираф,Добрый день. Интересует  инструмент для шлифования стен.
647,паркетно-шлифовальная машина,"Добрый день. Нам нужно отшлифовать террасу от старой краски, площадь большая, нужна Большая шлифовальная машина, есть в наличие ?"
648,торцовочная пила,"Здравствуйте , нужна торцовка с протяжкой под 305 диск"
649,отбойный молоток,"Здравствуйте, у вас есть в наличии бетоноломы в аренду ?"
650,сварочный полуавтомат,Добрый день! Сколько будет стоить аренда сварочного полуавтомата на 2 дня?
651,пылесос,"Доброе утро, хочу арендовать пылесос Керхер"
652,сварочный полуавтомат,"Здравствуйте, у вас есть полуавтомат? И вы завтра работаете?"
653,газонокосилка,Добрый день. Есть в наличии газонокосилка в аренду?
654,не вопрос клиента,Здравствуйте
655,шуруповерт,"Здравствуйте, подскажите пожалуйста сколько будет по цене шуруповерт, на 1 день?"
656,перфоратор,Здравствуйте. Интересует аренда большого перфоратора
657,торцовочная пила,Здравствуйте у вас есть торцовочная пила 2 в 1 сколько будет стоить оренда на один день?
658,сабельная пила,"Здравствуйте! Подскажите, пожалуйста, стоимость аренды пилы сабельной."
659,рохля,Здравствуйте . Есть ли у вас рохля (Перевозка поддонов) в прокат на 1 день ? Загрузить завтра утром
660,станок распиловочный,"добрый день, станок для распила доски есть?"
661,не вопрос клиента,Здравствуйте
662,лестница,Добрый вечер! У вас в аренду телескопическая стремянка?
663,краскопульт,Здравствуйте! Есть краскопульт в аренду?
664,краскопульт,"здравствуйте , какие модели краскопультов у вас есть в наличии и за какую цену?"
665,газонокосилка,Здравствуйте! Есть ли в аренду газонокосилка на аккумуляторе/бензине?
666,виброплита,Здравствуйте! Сколько будет стоить аренда трамбовщика на понедельник 12 мая?
667,перфоратор,"Здравствуйте, подскажите сколько будет стоить перфоратор в аренду на сутки?"
668,торцовочная пила,здраствуйте.у вас есть торцовочные пилы в аренду?
669,гвоздезабивной пистолет по бетону,не обходим газовый пистолет для монтажа теплоизоляции 100мм под дюпель гвоздь в бетон
670,дрель-шуруповерт,"Здравствуйте, скажите пожалуйста, сколько будет стоить аренда дрели на сутки?"
671,пылесос,"Добрый день, сегодня у вас свободен строительный пылесос ?"
672,не вопрос клиента,Здравствуйте
673,нет такого инструмента,"Здравствуйте, подскажите пожалуйста чем лучше вспахать? землю с корнями - верхний слой 15 см не прокопать только топором. Готов арендоватт"
674,перфоратор,Добрый вечер  Есть перфоратор сверлом 35 ssd max ?
675,рейсмус,добрый день. есть у вас рейсмус небольшой
676,торцовочная пила,"Добрый день! Звонил Вам по торцовке с протяжкой. Отправляю Вам реквизиты для счета   ИНН: 7801486233 КПП: 781301001 ОГРН: 1087847019303 ОКПО: 89061796 Основной счет: Расчетный счет: 40702810502260009028 Банк: ФИЛИАЛ ""ЦЕНТРАЛЬНЫЙ"" БАНКА ВТБ (ПАО) БИК: 044525411 Корр. счет: 30101810145250000411 Второй счет: Расчетный счет: 40702810410000797899 Банк: АО ""ТИНЬКОФФ БАНК"" БИК: 044525974 Корр.счет: 30101810145250000974 Юридический адрес: 197046, г. Санкт-Петербург, Каменноостровский пр., д. 9/2, литера А часть нежилого помещения 7Н (пом.1) Фактический Адрес: 197229, г. Санкт-Петербург, Лахтинский пр-кт, дом 85, литера В, помещение Т-7/1, офис 263 Директор: Михайлов Вячеслав Анатольевич"
677,торцовочная пила,День добрый  есть торцовочная пила?
678,лестница,"Здравствуйте, нужна стремянка. У нас высота 5 метров, упереть не к чему, нужна желательно трехступенчатая, у вас будет такая?"
679,сабельная пила,"День добрый, сабельная пила в какую цену за сутки?"
680,не вопрос клиента,Привет добрий вечер.
681,краскопульт,Сколько стоит аренда краскопульта? Какие есть в наличии?
682,фрезер,У вас  есть шаблон для фрезера?
683,виброплита,Доброе утро. Нужна виброплита в аренду сегобня после 12.00. Есть ли возможность взять у вас? И какая стоимость в сутки?
684,генератор,"Добрый день, сколько стоит аренда генератора на сутки?"
685,паркетно-шлифовальная машина,"Здравствуйте, интересует аренда циклевочной машины. Хотела бы узнать условия и есть ли в наличии на завтра."
686,бензорез,"Здравствуйте, нужен бензорез под 400 диск Хускварна. Есть такой?"
687,гвоздезабивной пистолет по дереву,"Добрый день , нужен шпилькозабивной пистолет."
688,пила погружная,"Добрый день! Подскажите пожалуйста , у вас есть погружная циркулярная пила?"
689,лестница,Здравствуйте  У Вас можно арендовать телескопическую лестницу?
690,фрезер,Здравствуйте! Сколько у вас стоит арендовать фрезер ручной?
691,виброплита,Доброе утро! Интересует аренда виброплиты. Есть ли у Вас доставка по ЛО-Курортный район?
692,триммер,"Добрый вечер. Подскажите, пожалуйста, у вас есть в аренду триммер для травы и сколько стоит аренда на день?"
693,сварочный аппарат,Здравствуйте сколько стоит аренда сварочного аппарата
694,газонокосилка,"Здравствуйте,  подскажите какие газонокосилки у вас есть и цена аренды."
695,сварочный полуавтомат,"Добрый вечер, сварочный полуавтомат какой у вас ?"
696,перфоратор,"Здравствуйте. Хочу взять в аренду на 2 дня перфоратор и ушм, какие условия?"
697,гвоздезабивной пистолет по бетону,Здравствуйте! У вас есть в аренду монтажный пистолет?
698,перфоратор,"Здравствуйте. Можно ли взять у Вас. Аренду инструмент. Нужен лобзик, перфоратор, болгарка (УШМ). Какие условия. Интересует стоимость краткосрочной и долгосрочной аренды. Можно на ИП или частник."
699,пылесос,"Здравствуйте, нужна аренда строительного пылесоса на завтра"
700,лобзик,Здравствуйте мне нужен лобзик  В аренду можно оформить ?
701,паркетно-шлифовальная машина,Добрый день  Скажите пожалуйста у вас есть в Аренду машина циклевочная для паркета? Чтобы после укладки можно было ее шлифовать
702,перфоратор,"здравствуйте, сколько будет стоить аренда перфоратора?"
703,пылесос,"здравствуйте, скажите пожалуйста, есть ли у вас в наличии свободные пылесосы?"
704,машина полировальная,"Добрый вечер! Хотела уточнить, если я возьму у вас в аренду шлифмашинку - в комплекте идет насадка мягкая для полировки? Или аренда только самой машинки у вас?"
705,миксер,"Здравствуйте, подскажите, пожалуйста, можно ли взять на прокат строительный миксер (для подготовки раствора шпатлевки)?"
706,краскопульт,"Здравствуйте.  Краскопульт, стоимость аренды 1-2 суток? Условия?"
707,рейсмус,"Добрый день. У вас есть рейсмус в аренду? Какой производитель , модель?"
708,перфоратор,"Здравствуйте! Можно ли на завтра арендовать перфоратор? И подскажите, на какое количество часов можно арендовать?"
709,генератор,"Добрый день, интересна аренда генератора, на 12 ч (если возможно) где то на 2 Кв. Хочется знать его шум (в ДцБ) и вес. А также идёт ли заправленным или нет?"
710,не вопрос клиента,"Добрый день, я пишу диплом на похожую тему(перспективные области шеринговой экономики), которая как раз таки вы занимаетесь. Я столкнулся с проблемой оценки спроса и перспектив данного вида деятельности. Как я понимаю, у вас могли бы быть данные, которые я бы смог проанализировать и использовать данные для диплома. Я был бы очень благодарен за ответ. С уважением, Киселев Алексей Андреевич.  Студент 4 курса СПБГУ."
711,паркетно-шлифовальная машина,"Добрый вечер Скажите, есть ли циклевальная машина?"
712,краскопульт,Здравствуйте  Интересует аренда краскопульта на 08.05  Подскажите условия
713,шуруповерт,"Добрый день, если арендовать шуруповерт, то какие биты идут в комплекте ?)"
714,генератор,Здравствуйте сколько стоит аренда генератора на один день?
715,пылесос,Здравствуйте сколько пылесос стоит на день?
716,рейсмус,Здравствуйте. Стоимость аренды рейсмусового станка на 2 дня?
717,пылесос,Добрый вечер! Интересует аренда строительного пылесоса. Какая стоимость? На какое время арендуете?
718,бур для перфоратора,Здравствуйте. Бур сдс плюс длинный 1.5-2.5 метра есть ?
719,шуруповерт,Здравствуйте! У вас есть шуруповерт в аренду?
720,отбойный молоток,"День добрый,а есть в аренду отбойный молоток?"
721,дрель-шуруповерт,"Здравствуйте, хочу дрель со свёрлами по дереву на 1 час у вас взять. Нужно в двери сделать дверь для кота"
722,лобзик,"Здравствуйте, хочу лобзик на 1 час у вас взять. Нужно в двери сделать дверь для кота"
723,паркетно-шлифовальная машина,Здравствуйте. Интересует аренда дисковой циклевочной машины. На следующей неделе вт-ср-чт
724,шуруповерт,Вечер добрый. В ближайшие дни можно арендовать шуруповерт ?
725,лобзик,"Добрый вечер , есть аккумуляторный лобзик в наличии ?"
726,бур для перфоратора,"Здравствуйте, сколько стоит на сутки взять бур по бетону?"
727,паяльник для ПВХ труб,"Добрый день, паяльник для полипропилена есть у вас?"
728,не вопрос клиента,Добрый вечер!
729,пушка газовая,"Здравствуйте, газовая пушка в аренду есть?"
730,реноватор,Здравствуйте реноватор есть в аренду на сегодня  ?
731,перфоратор,Здравствуйте! Сколько будет стоить взять перфоратор и строительный пылесос на 2 дня
732,не вопрос клиента,Добрый день
733,пресс для труб РЕ-Х,Здравствуйте  у вас можно  арендовать пресс для трубы  рендхау
734,генератор,Здравствуйте нужен генератор или преобразователь для потребителя  1500вт
735,паркетно-шлифовальная машина,Здравствуйте! А циклевочная машина у Вас какая?
736,сварочный полуавтомат,"Здравствуйте, сколько будет стоить аренда полуавтомата с проволкой и смесью"
737,пылесос,"Добрый день, сколько стоит аренда строительного пылесоса?"
738,УШМ аккумуляторная,"Здравствуйте, у вас есть аккумуляторная ушм?"
739,шуруповерт,Добрый вечер  Могу взять завтра на прокат шуроповерт с насадками на крест?
740,сварочный аппарат,"Здравствуйте, сколько стоит аренда сварочного аппарата?"
741,не вопрос клиента,Здравствуйте
742,шуруповерт,"Здравствуйте, сегодня можно подъехать часов в 12 взять шруповерт на сутки?"
743,гвоздезабивной пистолет по дереву,"Здравствуйте, Уточните стоимость аренды гвоздезабивного пистолета и характеристики. Нужно для гвоздей 90"
744,бензобур,"Добрый день ,бензобур на 2 оператора сколько будет стоить аренда?"
745,пила дисковая,Здравствуйте.  Циркулярная пила нужна на завтра
746,не вопрос клиента,Здравствуйте
747,не вопрос клиента,Здравствуйте
748,паяльник для ПВХ труб,"Здравствуйте, есть у вас аппарат для сварки полиэтиленовых труб диаметром 280 и 560 мм с оператором?"
749,нет такого инструмента,Добрый день.  Есть в аренду фрейер для пней?
750,не вопрос клиента,Здравствуйте
751,не вопрос клиента,"Здравствуйте. Можно ли получить инструмент в аренду также без залога, если нет прописки В Спб и ЛО?"
752,виброплита,"Здравствуйте, трамбовка 140 кг. Почем аренда на день ?"
753,лобзик,"Здравствуйте. Есть ли у вас электро лобзик в аренду, и, если есть, подскажите пожалуйста стоимость? Спасибо!"
754,степлер,"Здравствуйте, Стахановец У вас можно взять в аренду степлер?"
755,перфоратор,Добрый день! Планирую взять комплект перфоратор и бур 45х600. Сможете помочь?
756,сварочный полуавтомат,Здравствуйте сварочный аппарат полуавтомат есть
757,лестница,"Здравствуйте, есть ли у вас в аренду стремянки на длительный срок?"
758,перфоратор,"Здравствуйте, подскажите пожалуйста, у вас есть промышленный перфоратор или может бур подойдет. Нужно в несущей стене проход сделать"
759,УШМ аккумуляторная,"Здравствуйте, есть в аренду аккумуляторная ушм?"
760,пушка газовая,Добрый вечер. Нужна газовая пушка
761,газовый баллон,Добрый вечер. Нужна газовый балон композитный
762,степлер,"Здравствуйте, подскажите цену за сутки на электро степлер?"
763,торцовочная пила,Здравствуйте подскажите какие условия аренды торцовочной пилы?  Нужно запилить под 45 дверные коробки  Толщина пропила 70см
764,реноватор,Здравствуйте нужен реноватор на сутки
765,не вопрос клиента,Здравствуйте
766,не вопрос клиента,Здравствуйте
767,сварочный аппарат,"Здравствуйте,сварочный аппарат в аренду у вас завтра есть?"
768,не вопрос клиента,Здравствуйте
769,степлер,Здравствуйте. Сколько будет стоить степлер в аренду? Электрический.
770,пылесос,"Здравствуйте, сколько будет стоить строительный пылесос в аренду?"
771,не вопрос клиента,Здравствуйте
772,шлифовальная машина,"Добрый день! Подскажите, сколько стоит аренда эксцентриковой шлифмашины на сутки?"
773,пила дисковая,Добрый день. У Вас есть паркетка в аренду и какая стоимость?
774,пылесос,Добрый день!  У вас есть в аренду строительный пылесос?
775,рейсмус,"День добрый! Подскажите рейсмус есть в свободный на Парнасе и какой,цена ?"
776,перфоратор,Доброе утро 🌄  подскажите  пожалуйста  сколько перфоратор в  аренду стоит на сутки ?
777,шлифовальная машина,"Здравствуйте, есть в наличии шлифовальная машинка для шлифовки авто?"
778,не вопрос клиента,здравствуйте
779,шуруповерт,"Здравствуйте, есть в аренду шуруповерт?"
780,шуруповерт,"Здравствуйте, в какую стоимость у вас будет арендовать шуруповерт?"
781,краскопульт,Добрый день какая цена аренды краскопульта? И какой он сам по себе? Шланг сразу в банку с краской можно положить? Благодарю
782,реноватор,Добрый вечер! Сколько у вас стоит взять в аренду реноватор?
783,фрезер,Добрый день. Сколько стоит аренда ручного фрезера?
784,не вопрос клиента,Здравствуйте хочу приобрести на завтра инструмент с 9 до 16:00
785,паркетно-шлифовальная машина,Добрый день. Есть циклёвочная машинка с мешком для паркета?
786,не вопрос клиента,Здравствцйте
787,УШМ,Добрый день. Сколько будет стоит аренда болгарки на 3 часа? (для плитки напольной)
788,шуруповерт,"здравствуйте, сейчас работаете? хотел бы арендовать шуруповерт"
789,не вопрос клиента,Добрый вечер
790,нет такого инструмента,Добрый вечер есть кондуктор для установке межкомнатных дверей
791,перфоратор,Здравствуйте! По чем аренда перфоратора
792,сабельная пила,"Здравствуйте,  нужна сабельная пила"
793,отбойный молоток,"Здравствуйте,  нужна отбойный молоток"
794,паркетно-шлифовальная машина,"Здравствуйте.  Нужно арендовать цыклевочную машину, для пола из сосновой доски, а также расходные материалы ( наждачной ленты) сколько будет стоить и когда можно будет взять в аренду? С уважением Анатолий"
795,сварочный аппарат,Здравствуйте. Есть в аренду сварочный аппарат?
796,перфоратор,Здраствуйте аренда перфоратора какая цена?
797,пушка дизельная,Добрый день! Нам необходимы 6 дизельных пушек для производства отделочных работ в монолитном доме
798,лобзик,Здравствуйте есть электро лобзик  в
799,генератор,Здравствуйте  Нужны в аренду бензогенератор и тепловая пушка 2-3 кВт
800,пылесос,"Здравствуйте! Подскажите., а строительные пылесосы есть в наличии?"
801,не вопрос клиента,Здравствуйте
802,гвоздезабивной пистолет по бетону,Добрый день! У вас есть в прокат  Газовый монтажный пистолет для теплоизоляции и какая будет цена в сутки
803,не вопрос клиента,здравствуйте
804,шуруповерт,"Добрый день! Нужен в прокат шуруповерт для сборки стола, подскажите стоимость и до скольки можно подойти забрать?"
805,вышка тура,"Добрый день. Сколько будет стоить аренда вышки тура на месяц в парголово. Высота 7м, 1,6*,8 . С доставкой и забором."
806,не вопрос клиента,Здравствуйте
807,станок распиловочный,Здравствуйте! Сколько стоит  распиловочный станок?
808,УШМ аккумуляторная,"Здравствуйте, есть ли у вас аккумуляторная ушм? Какая цена? Есть ли 3 штуки? Сколько залог? Какая ушм?"
809,пила дисковая аккумуляторная,Добрый день. Имеется у Вас в аренде пилы циркулярная аккумуляторная?
810,фрезер,Здравствуйте! есть фрезер торцевой по дереву?
811,фрезер,Здравствуйте! Интересует цена на аренду фрезера.
812,миксер,"Добрый день, нужен строительный миксер. на 1  день. цена вопроса и модели какие?"
813,шлифовальная машина,"Добрый день, имеется шлифмашинка ?"
814,лестница,Здравствуйте. Интересует аренда лестницы. Рабочая высота 8-9 метров с рогами
815,перфоратор,Добрый день! Какая стоимость аренды перфоратор и на какое время?
816,лазерный уровень,Здравствуйте. У вас есть лазерный уровень в аренду?
817,гвоздезабивной пистолет по бетону,Добрый день. Есть  ли газовый пистолет и сколько стоит в сутки арендовать? Входит ли в комплект гвозди по бетону и газ?
818,бензорез,Добрый день. Аренда с большим диском по бетону на сутки по какой цене будет?
819,не вопрос клиента,Добрый день!
820,пылесос,"Добрый день Интересует аренда строительного пылесоса  Есть вариант с насадкой-щеткой  какой-то, чтоб обои можно было тоже пропылесосить? И какая цена за сутки?"
821,перфоратор,Доброй ночи. Интересует перф. Обычный. Сверлить стены под гипрок и электрику. Цена в сутки? Спасибо!
822,фрезер,Здравствуйте! Сколько стоит в аренду фрезер?
823,УШМ аккумуляторная,"Добрый вечер,аккумуляторная болгарка есть у вас?"
824,генератор,"Добрый день. Подскажите, есть ли у вас два генератора в аренду на 4-5квт?"
825,шлифовальная машина,"Здравствуйте, сколько будет стоить взять на сутки орбитально шлифмашинку"
826,фен,"Здравствуйте, сколько будет стоить взять на сутки строительный фен"
827,лестница-трансформер,Здравствуйте. Интересует лестница трансформер. Получение завтра в 09.00. Возврат в 18.00. Есть возможность?
828,не вопрос клиента,"Здравствуйте, б/у инструмент выкупаете ?"
829,фен,"Здраствуйте, есть ли у Вас строительный фен в аренду?"
830,установка алмазного бурения,"Здравствуйте, у вас сверлильная установка есть , нужно в кирпиче отверстия сделать , длиной 600 мм и в диаметре 30 мм. Какие условия по аренде ? И если паспорта нет , а есть водительское удостоверение."
831,перфоратор,"Здравствуйте, аренда перфоратора интересует сколько стоит?"
832,торцовочная пила,"Здравствуйте, подскажите, пожалуйста, есть ли в аренду тррцовочная пила?"
833,не вопрос клиента,"Здравствуйте, есть такая?"
834,паяльник для ПВХ труб,"Брал, Паяльник электрический для сваривания пластиковых труб. Паяльник новый, греет отлично сделали все быстро. Спасибо Стахановцу!"
835,перфоратор,"Здравствуйте, сколько стоит аренда перфоратора на 2-3 часа?"
836,мотопомпа,Добрый день. Аренда мотопомпы в какую цену?
837,сабельная пила,Добрый день Есть сабельная пила в аренду?
838,шлифовальная машина,Шлиф машинка для шпаклёвки ручная имеется ?
839,компрессор,Компрессор для пескоструя
840,культиватор,Доброй ночи можно взять в аренду мото культиватор ?
841,не вопрос клиента,Здравствуйте
842,штроборез,"Здравствуйте, нужен штроборез на 2 дня"
843,не вопрос клиента,Здравствуйте
844,не вопрос клиента,Добрый день!
845,пылесос,Доброе! Мне нужен пилесос в аренду.  Скажите пожалуйста какой пилесос и стоимость?
846,пресс для труб РЕ-Х,Добрый день! Есть у вас пресс для труб rehau stout на период с 19 по 23?
847,паяльник для ПВХ труб,"здравствуйте. мне нужно взять в аренду паяльник и нож для полипропиленовых труб, сколько будет стоить на 1-2 дня? и когда есть возможность получить?"
848,пылесос,здравствуйте. мне нужно взять в аренду пылесос. сколько будет стоить на 1-2 дня? и когда есть возможность получить?
849,штроборез,"здравствуйте. мне нужно взять в аренду штроборез, сколько будет стоить на 1-2 дня? и когда есть возможность получить?"
850,пылесос,"Здравствуйте, подскажите пожалуйста, в какую стоимость выйдет аренда строительного пылесоса ?"
851,лестница,"Добрый день, хотел бы арендовать стремянку"
852,не вопрос клиента,Добрый день
853,металлоискатель,Здравствуйте! Нужен в аренду металлоискатель. Подскажите какая глубина поиска?
854,не вопрос клиента,Здравствуйте!
855,УШМ,"Добрый день. Скажите, можно ли у вас взять в аренду угловую шлифовальную машинку с защитным кожухом и пылеотводом?"
856,не вопрос клиента,Добрый вечер
857,пила дисковая,Здравствуйте пила циркулярная интересует
858,шлифовальная машина,Здравствуйте! есть ли у вас шлифовальная машинка?
859,УШМ,Добрый день! Возможно арендовать болгарку сегодня?
860,детектор проводки,"Добрый день, подскажите пожалуйста есть ли у вас в наличии тестер скрытой проводки? Необходимо найти кабельв стене  на глубине 5 см"
861,жираф,"Добрый вечер! Нужен жираф в аренду на пару дней, подскажите, пожалуйста, какой фирмы у Вас данный инструмент?"
862,плиткорез ручной,Добрый день. Интересует плиткорез в аренду для плитки размером 600мм. Подскажите наличие и цену.
863,не вопрос клиента,Здравствуйте
864,пресс для труб РЕ-Х,"Здравствуйте. Скажите, аксиальный пресс сейчас есть в аренду?"
865,перфоратор,Доброе утро вчера с вами договаривались о аренде перфоратора большого и бура 45 Человек едет будет у вас примерно в 09.00
866,вибратор,Добрый вечер. Завтра часов в 12 нужно 2 глубинных вибратора 6-ти метровых. На сутки
867,не вопрос клиента,Здравствуйте
868,не вопрос клиента,"Добрый день. После строительства Лахта-центр приехало на склад на Парнасе 15 паллет инструмента БУ, часть новое. Скинуть список для ознакомления? напишите почту или телефон (могу на ватцап)."
869,плиткорез ручной,"Добрый день. Плиткорез ручной в аренду есть?  Минимум 400 мм. Сколько залог, сколько сутки?"
870,пылесос,"здравствуйте! подскажите, пожалуйста, у вас есть пылесосы в аренду?"
871,паяльник для ПВХ труб,"Добрый день, насчёт паяльник пекс трубы хотел узнать если он у вас?"
872,перфоратор,"Здравствуйте, перфоратор на сутки можно взять?"
873,дрель-шуруповерт,"Здравствуйте, возможно сегодня арендовать дрель?"
874,перфоратор,"Здравствуйте, интересует аренда перфоратора.  Ориентир по датам с 30.12 по  3.01 Какая будет стоимость?"
875,генератор,"Добрый день. Хочу взять у Вас генератор, сроком примерно на 15 суток. Какая будет цена. Спасибо."
876,фен,"Добрый вечер, подскажите пожалуйста - фен строительный - сколько стоит на сутки и кто произхводитель фена?"
877,лестница,"добрый день, нужна сегодня к 19 часам лестница для работы на высоте 3,5 метра. Нужна на 1 день. Нужна доставка на Васильевский остров, Нахимова дом 9.  Сможете сделать? Сколько будет стоить?"
878,жираф,"Здравствуйте, хотела бы сегодня взять на прокат шлифовальную машинку для стен, аренда нужна на 3 дня, сколько будет по цене и можно ли прийти к вам сегодня"
879,пушка дизельная,"Доброго дня! Ищем пушки дизельные на 15 кВт, три штуки  в аренду с четверга, на 2-3 дня. Есть у Вас? Какие условия? Территориально Порошкино."
880,пресс для труб РЕ-Х,Аксиальный прес есть в аренде?
881,нет такого инструмента,Доброе утро Нам нужен в аренду ленточнопилтный станок  Для распилки алюминиевого профиля
882,не вопрос клиента,Добрый день
883,лестница,"Здравствуйте, у вас есть стремянка для лестницы?"
884,УШМ,"Здравствуйте, сколько по стоимости аренда болгарки 1 день?  Свободно на завтра ?"
885,не вопрос клиента,"Здравствуйте. Прайс лист, можно, пожалуйста?!"
886,домкрат подкатной,"Добрый день. Скажите пожалуйста, у вас есть домкрат подкатной в аренду?"
887,торцовочная пила,Здравствуйте! Торцовочный пила есть?
888,пылесос,Здравствуйте  Можно строительный пылесос на 3 дня? Введенская 7 Сколько будет стоить и когда возможна доставка
889,лестница,"Здравствуйте, лестница/стремянка высотой 2-2,5 метра есть у Вас? Нужна будет доставка."
890,нет такого инструмента,"Здравствуйте, наборы гаечных ключей, трещеток, головок, есть?"
891,бензорез,"Добрый день, есть ли бензорез с 400 диском в аренду на одни сутки?"
892,генератор,Здравствуйте. Интересует в аренду дизельный генератор от 60кВт и станция прогрева бетона от 40кВт.
893,шлифовальная машина,"Здравствуйте, интересует в прокат ручная шлифмашина. Есть ли, залог, стоимость в сутки?"
894,генератор,"Здравствуйте, нужен генератор , чтобы два сварачника смог запитывать и 2 тележки на завтра"
895,лестница,"Добрый вечер. Есть ли у вас лестницы 9,5 м?"
896,генератор,"Здравствуйте! Подскажите пожалуйста, нужен генератор для работы на складе большом, Для клининговых услуг и уборке после строительства. Ваш генератор подойдет под эти цели? Какая стоимость выйдет на 3 дня? Какие условия? Спасибо!"
897,пушка дизельная,Добрый день! У вас есть дизельная пушка в аренду на сегодня? Какая стоимость аренды на сутки и стоимость доставки?
898,не вопрос клиента,Здравствуйте
899,не вопрос клиента,Здравствуйте
900,пушка газовая,"Добрый вечер, тепловую газовую пушку 40-50 квт можно арендовать?"
901,торцовочная пила,Здравствуйте! Нужен торцовочник чтобы выполнить запил плинтуса под разные углы высотой 80 мм. Сколько будет стоить аренда такого инструмента и условия аренды.
902,вопрос по режиму работы,Здравствуйте до скольки работаете
903,УШМ,"Здравствуйте, скажите маленькую болгарку можно в аренду у вас взять? И по какой цене?"
904,паяльник для ПВХ труб,"Здравствуйте, скажите пистолет для пайки можно в аренду у вас взять? И по какой цене?"
905,вопрос по режиму работы,Привет! Это Анастасия. По поводу пушки для фасада. Дадите прямой номер?
906,пылесос,"Здравствуйте! Подскажите, пожалуйста, стоимость аренды пылесоса на 2 суток? И осуществляется ли доставка?  Адрес: Смольный 7Б. Нужно собрать строительную пыль перед чистовой отделкой. Площадь: 80 кв.м."
907,перфоратор,"Здравствуйте, интересует перфоратор и бур д32х1000"
908,штроборез,Здравствуйте! Штроборез 125 возможно в аренду взять
909,коронка по бетону,Здравчтвуйте. Нужна коронка по бетону 132мм.
910,генератор,"Добрый день! Нужен бензогенератор в аренду - 6,5-7 кВт. 1-фазный. На неделю. адрес: обуховской обороны,51 Безнал, юрлицо, НДС"
911,дрель для алмазного бурения,"Добрый утро,  есть дрель для сухого алмазного бурения?"
912,штроборез,"Здравствуйте,  хотел бы взять у вас в прокат штроборез, он у вас свободен? какие условия и сколько это будет стоить?"
913,не вопрос клиента,Здравствуйте
914,домкрат бутылочный,"Здравствуйте!  Какие домкраты есть в аренду с вечера четверга по воскресенье?  Режим работы?  Стоимость в сутки?  Без залога, верно?"
915,воздуходувка,"Добрый день, есть в наличии воздуходув? Если есть, то цена аренды."
916,УШМ аккумуляторная,'Здравствуйте
917,УШМ аккумуляторная, нужно взять в аренду УШМ аккумуляторную для резки плитки на даче
918,УШМ аккумуляторная, сколько стоит?'
919,УШМ аккумуляторная, 'Добрый день
920,УШМ аккумуляторная, интересует аренда аккумуляторной болгарки на два дня
921,УШМ аккумуляторная, какие условия?'
922,УШМ аккумуляторная, 'Здравствуйте
923,УШМ аккумуляторная, есть ли у вас УШМ аккумуляторная для резки металла на стройке?'
924,УШМ аккумуляторная, 'Привет
925,УШМ аккумуляторная, нужна болгарка аккумуляторная для шлифовки дерева
926,УШМ аккумуляторная, сколько стоит аренда?'
927,УШМ аккумуляторная, 'Здравствуйте
928,УШМ аккумуляторная, подскажите
929,УШМ аккумуляторная, можно ли взять аккумуляторную УШМ на сутки для демонтажа?'
930,УШМ аккумуляторная, 'Добрый день
931,УШМ аккумуляторная, интересует аренда болгарки аккумуляторной для зачистки сварных швов
932,УШМ аккумуляторная, есть в наличии?'
933,УШМ аккумуляторная, 'Здравствуйте
934,УШМ аккумуляторная, сколько будет стоить аренда аккумуляторной УШМ на выходные?'
935,УШМ аккумуляторная, 'Привет
936,УШМ аккумуляторная, нужна болгарка аккумуляторная для резки бетона
937,УШМ аккумуляторная, есть такая у вас?'
938,УШМ аккумуляторная, 'Здравствуйте
939,УШМ аккумуляторная, интересует аренда УШМ аккумуляторной для работ на высоте
940,УШМ аккумуляторная, какие модели есть?'
941,УШМ аккумуляторная, 'Добрый день
942,УШМ аккумуляторная, подскажите
943,УШМ аккумуляторная, есть ли аккумуляторная болгарка для резки труб в аренду?'
944,рейсмус,'Здравствуйте
945,рейсмус, нужен рейсмус на пару дней
946,рейсмус, чтобы доски для террасы выровнять. Сколько стоит?'
947,рейсмус,"  
'Добрый день! Есть ли у вас в прокате рейсмус? Нужно обработать пару кубов досок.'"
948,рейсмус,"  
'Привет"
949,рейсмус, ищу рейсмус на выходные
950,рейсмус, чтобы заготовки для мебели подготовить. Какие условия?'
951,рейсмус,"  
'Здравствуйте"
952,рейсмус, сколько стоит аренда рейсмуса на сутки? Нужно для ремонта пола.'
953,рейсмус,"  
'Добрый вечер! Можно взять рейсмус на завтра? Доски для обшивки бани подогнать.'"
954,рейсмус,"  
'Здравствуйте"
955,рейсмус, есть рейсмус в аренду? Нужно пару десятков досок откалибровать.'
956,рейсмус,"  
'Привет"
957,рейсмус, рейсмус нужен на день
958,рейсмус, чтобы столешницу выровнять. Сколько стоит?'
959,рейсмус,"  
'Добрый день! Подскажите"
960,рейсмус, есть ли у вас рейсмус и какой ширины он берет доски?'
961,рейсмус,"  
'Здравствуйте"
962,рейсмус, сколько будет стоить аренда рейсмуса на неделю? Делаем ремонт в доме.'
963,рейсмус,"  
'Привет"
964,рейсмус, ищу рейсмус на сегодня
965,рейсмус, чтобы дверные косяки подогнать. Есть в наличии?'
966,лазерный уровень,'Здравствуйте
967,лазерный уровень, нужен лазерный уровень для выравнивания стен
968,лазерный уровень, на сколько часов можно арендовать?'
969,лазерный уровень, 'Добрый день
970,лазерный уровень, планирую класть плитку в ванной
971,лазерный уровень, нужен лазерный уровень на пару дней
972,лазерный уровень, сколько стоит?'
973,лазерный уровень, 'Здравствуйте
974,лазерный уровень, интересует аренда лазерного уровня на выходные
975,лазерный уровень, какие условия?'
976,лазерный уровень, 'Добрый вечер
977,лазерный уровень, нужен лазерный уровень для монтажа потолка
978,лазерный уровень, есть ли у вас в наличии?'
979,лазерный уровень, 'Здравствуйте
980,лазерный уровень, подскажите
981,лазерный уровень, сколько стоит аренда лазерного уровня на сутки?'
982,лазерный уровень, 'Добрый день
983,лазерный уровень, планирую делать разметку для забора
984,лазерный уровень, нужен лазерный уровень на день
985,лазерный уровень, есть ли у вас?'
986,лазерный уровень, 'Здравствуйте
987,лазерный уровень, интересует лазерный уровень для выравнивания пола
988,лазерный уровень, можно ли арендовать на выходные?'
989,лазерный уровень, 'Добрый вечер
990,лазерный уровень, нужен лазерный уровень для установки дверей
991,лазерный уровень, сколько стоит аренда на день?'
992,лазерный уровень, 'Здравствуйте
993,лазерный уровень, планирую делать разметку для плитки
994,лазерный уровень, нужен лазерный уровень на пару часов
995,лазерный уровень, есть ли у вас?'
996,лазерный уровень, 'Добрый день
997,лазерный уровень, интересует аренда лазерного уровня для монтажа гипсокартона
998,лазерный уровень, какие условия?'
999,бур для перфоратора,1. 'Привет
1000,бур для перфоратора, нужен бур для перфоратора на 12 мм
1001,бур для перфоратора," чтобы плитку снять. Есть в наличии?'  
2. 'Добрый день! Ищу бур для перфоратора под анкера 10 мм"
1002,бур для перфоратора," на пару дней. Сколько стоит?'  
3. 'Здравствуйте"
1003,бур для перфоратора," завтра надо сверлить бетон — есть буры для перфоратора 8-10 мм?'  
4. 'Можно взять в аренду бур для перфоратора на 25 мм? Нужно отверстие под трубу.'  
5. 'Есть буры SDS-plus под перфоратор? Надо штробы прорезать.'  
6. 'Добрый вечер! Нужен длинный бур (300 мм) для перфоратора"
1004,бур для перфоратора," чтобы сквозь стену пройти.'  
7. 'Сколько стоит бур для перфоратора на сутки? Диаметр 16 мм"
1005,бур для перфоратора," бетон сверлить.'  
8. 'Здравствуйте"
1006,бур для перфоратора," есть ли у вас буры для перфоратора под дюбеля? Нужно 6 и 8 мм.'  
9. 'Ищу бур для перфоратора с алмазным напылением — надо керамогранит сверлить.'  
10. 'Добрый день! Дайте два бура для перфоратора: 12 и 18 мм. На выходные возьму.'"
1007,штроборез,'Здравствуйте
1008,штроборез, нужен штроборез для прокладки проводки в квартире
1009,штроборез, сколько стоит аренда на день?'
1010,штроборез,"  
'Добрый день"
1011,штроборез, есть ли у вас в прокате штроборез с алмазным диском? Нужно сделать канавки в стене.'
1012,штроборез,"  
'Привет"
1013,штроборез, ищу штроборез на пару часов
1014,штроборез, чтобы проштробить пару метров под кабель.'
1015,штроборез,"  
'Здравствуйте"
1016,штроборез, сколько стоит взять штроборез на выходные? Нужно развести проводку в гараже.'
1017,штроборез,"  
'Добрый вечер"
1018,штроборез, у вас можно арендовать штроборез с пылесосом? Чтобы пыли меньше было.'
1019,штроборез,"  
'Нужен штроборез для ремонта в ванной — делаем скрытую проводку. Какие условия аренды?'"
1020,штроборез,"  
'Здравствуйте"
1021,штроборез, есть ли штроборез в наличии? Надо проштробить стены под розетки.'
1022,штроборез,"  
'Добрый день"
1023,штроборез, подскажите стоимость аренды штробореза на сутки — делаем ремонт в коридоре.'
1024,штроборез,"  
'Привет"
1025,штроборез, ищу штроборез на сегодня
1026,штроборез, нужно быстро проложить кабель в стене.'
1027,штроборез,"  
'Здравствуйте"
1028,штроборез, у вас есть мощный штроборез для бетона? Нужно сделать штробы в несущей стене.'
1029,фен,'Здравствуйте
1030,фен, нужен строительный фен на пару дней для снятия старой краски
1031,фен, сколько стоит аренда?'
1032,фен,"  
'Добрый день"
1033,фен, есть ли у вас в прокате термофен мощный? Нужно разогреть трубы перед пайкой.'
1034,фен,"  
'Привет"
1035,фен, можно взять фен строительный на сегодня? Хочу ускорить высыхание шпаклевки.'
1036,фен,"  
'Здравствуйте"
1037,фен, интересует аренда фена для удаления наклеек с дверей
1038,фен, какие условия?'
1039,фен,"  
'Добрый вечер"
1040,фен, подскажите
1041,фен, есть ли у вас термовоздуходувка? Нужно снять линолеум.'
1042,фен,"  
'Привет"
1043,фен, сколько стоит фен на сутки? Надо разморозить водопроводную трубу в гараже.'
1044,фен,"  
'Здравствуйте"
1045,фен, ищу фен для усадки термоусадки на проводах
1046,фен, есть у вас такой?'
1047,фен,"  
'Добрый день"
1048,фен, нужен строительный фен на выходные для ремонта лодки
1049,фен, какие варианты?'
1050,фен,"  
'Привет"
1051,фен, есть ли у вас фен с регулировкой температуры? Хочу снять старый лак с мебели.'
1052,фен,"  
'Здравствуйте"
1053,фен, сколько стоит взять фен на день? Нужно прогреть битум перед укладкой.'
1054,степлер,'Привет
1055,степлер, нужен степлер для обивки мебели
1056,степлер, есть у вас в аренду?'
1057,степлер,"  
'Здравствуйте"
1058,степлер, сколько стоит взять строительный степлер на выходные?'
1059,степлер,"  
'Добрый день! Ищу степлер"
1060,степлер, чтобы прикрепить сетку к забору. Есть такой?'
1061,степлер,"  
'Сколько стоит аренда степлера на день? Нужно закрепить пленку на теплице.'"
1062,степлер,"  
'Есть ли у вас мощный степлер для кровельных работ? Нужно на пару дней.'"
1063,степлер,"  
'Привет"
1064,степлер, нужен степлер для монтажа вагонки. Сколько стоит сутки аренды?'
1065,степлер,"  
'Здравствуйте"
1066,степлер, у вас можно взять степлер и скобы к нему? Для ремонта дивана.'
1067,степлер,"  
'Добрый день! Нужен степлер для крепления изолона на балконе. Есть в наличии?'"
1068,степлер,"  
'Сколько стоит аренда степлера на 3 часа? Нужно подшить ковер.'"
1069,степлер,"  
'Здравствуйте"
1070,степлер, есть ли у вас мебельный степлер? Хочу перетянуть стул.'
1071,пушка газовая,'Здравствуйте
1072,пушка газовая, нужна газовая пушка для прогрева гаража на выходные
1073,пушка газовая, сколько стоит аренда?'
1074,пушка газовая,"  
'Добрый день"
1075,пушка газовая, подскажите
1076,пушка газовая, есть ли у вас газовая пушка в аренду для сушки стен после ремонта?'
1077,пушка газовая,"  
'Здравствуйте"
1078,пушка газовая, сколько стоит взять газовую пушку на сутки для обогрева склада?'
1079,пушка газовая,"  
'Добрый вечер"
1080,пушка газовая, нужна газовая пушка для прогрева теплицы на пару дней
1081,пушка газовая, есть в наличии?'
1082,пушка газовая,"  
'Здравствуйте"
1083,пушка газовая, можно ли арендовать газовую пушку для обогрева стройплощадки на неделю?'
1084,пушка газовая,"  
'Добрый день"
1085,пушка газовая, интересует газовая пушка для прогрева подвала
1086,пушка газовая, сколько стоит аренда?'
1087,пушка газовая,"  
'Здравствуйте"
1088,пушка газовая, подскажите
1089,пушка газовая, есть ли газовая пушка для обогрева гаража на сегодня?'
1090,пушка газовая,"  
'Добрый день"
1091,пушка газовая, нужна газовая пушка для сушки штукатурки
1092,пушка газовая, сколько стоит аренда на день?'
1093,пушка газовая,"  
'Здравствуйте"
1094,пушка газовая, можно ли взять газовую пушку для обогрева дачи на выходные?'
1095,пушка газовая,"  
'Добрый вечер"
1096,пушка газовая, интересует газовая пушка для прогрева помещения после затопления
1097,пушка газовая, есть в наличии?'
1098,сабельная пила,'Здравствуйте
1099,сабельная пила, нужна сабельная пила для резки труб на даче
1100,сабельная пила, сколько стоит аренда на день?'
1101,сабельная пила, 'Добрый день
1102,сабельная пила, есть ли у вас сабельная пила в аренду? Нужно распилить деревянные доски.'
1103,сабельная пила, 'Здравствуйте
1104,сабельная пила, подскажите стоимость аренды сабельной пилы на сутки
1105,сабельная пила, нужно демонтировать старые двери.'
1106,сабельная пила, 'Привет
1107,сабельная пила, нужна сабельная пила для резки металла
1108,сабельная пила, можно ли взять на выходные?'
1109,сабельная пила, 'Здравствуйте
1110,сабельная пила, сколько стоит аренда сабельной пилы? Нужно распилить ветки в саду.'
1111,сабельная пила, 'Добрый день
1112,сабельная пила, есть ли сабельная пила в наличии? Нужно сделать несколько резов по металлу.'
1113,сабельная пила, 'Здравствуйте
1114,сабельная пила, подскажите
1115,сабельная пила, можно ли арендовать сабельную пилу на день для работ по дереву?'
1116,сабельная пила, 'Привет
1117,сабельная пила, нужна сабельная пила для демонтажа старого забора
1118,сабельная пила, сколько будет стоить аренда?'
1119,сабельная пила, 'Здравствуйте
1120,сабельная пила, планирую взять сабельную пилу на два дня
1121,сабельная пила, какие у вас условия?'
1122,сабельная пила, 'Добрый день
1123,сабельная пила, есть ли сабельная пила в аренду? Нужно распилить несколько досок для строительства.'
1124,газонокосилка,'Привет
1125,газонокосилка, нужна газонокосилка на выходные
1126,газонокосилка, сколько стоит аренда?'
1127,газонокосилка,"  
'Здравствуйте"
1128,газонокосилка, у вас есть бензиновая газонокосилка в прокате?'
1129,газонокосилка,"  
'Добрый день"
1130,газонокосилка, сколько будет стоить взять газонокосилку на сутки?'
1131,газонокосилка,"  
'Здравствуйте"
1132,газонокосилка, ищу электрическую газонокосилку
1133,газонокосилка, есть у вас?'
1134,газонокосилка,"  
'Нужна газонокосилка для дачи"
1135,газонокосилка, подскажите условия аренды.'
1136,газонокосилка,"  
'Привет"
1137,газонокосилка, можно сегодня забрать газонокосилку на пару дней?'
1138,газонокосилка,"  
'Добрый вечер"
1139,газонокосилка, есть ли самоходные газонокосилки в аренду?'
1140,газонокосилка,"  
'Здравствуйте"
1141,газонокосилка, сколько стоит прокат газонокосилки на неделю?'
1142,газонокосилка,"  
'Нужна газонокосилка"
1143,газонокосилка, чтобы подровнять траву во дворе
1144,газонокосилка, какие варианты?'
1145,газонокосилка,"  
'Добрый день"
1146,газонокосилка, интересует аренда газонокосилки на завтра
1147,газонокосилка, есть свободные?'
1148,пресс для труб РЕ-Х,1. 'Здравствуйте
1149,пресс для труб РЕ-Х, нужен пресс для труб РЕ-Х на день для монтажа теплого пола
1150,пресс для труб РЕ-Х," есть у вас такой?'  
2. 'Добрый день! Сколько стоит аренда пресса для труб РЕ-Х на сутки? Нужно соединить пару труб на даче.'  
3. 'Привет"
1151,пресс для труб РЕ-Х," есть ли у вас пресс для РЕ-Х труб? Завтра планирую разводку воды в бане.'  
4. 'Здравствуйте"
1152,пресс для труб РЕ-Х, подскажите
1153,пресс для труб РЕ-Х," можно ли взять пресс для труб РЕ-Х на выходные? Нужно смонтировать водопровод.'  
5. 'Добрый вечер! У вас есть пресс для РЕ-Х труб? Сколько стоит аренда на 3-4 часа?'  
6. 'Привет"
1154,пресс для труб РЕ-Х, нужен пресс для труб РЕ-Х
1155,пресс для труб РЕ-Х," чтобы поджать пару фитингов. Есть в наличии?'  
7. 'Здравствуйте"
1156,пресс для труб РЕ-Х," сколько стоит пресс для РЕ-Х труб на сутки? Нужно сделать разводку в квартире.'  
8. 'Добрый день! Есть ли у вас пресс для РЕ-Х труб с насадками под 20 мм? Нужен на день.'  
9. 'Привет"
1157,пресс для труб РЕ-Х," можно взять пресс для труб РЕ-Х сегодня после обеда? Нужно срочно починить трубу.'  
10. 'Здравствуйте"
1158,пресс для труб РЕ-Х, интересует аренда пресса для РЕ-Х труб на неделю. Какая стоимость и залог?'
1159,жираф,'Здравствуйте
1160,жираф, нужен жираф для покраски потолков в квартире
1161,жираф, сколько стоит аренда на день?'
1162,жираф,"  
'Добрый день"
1163,жираф, есть ли у вас в прокате жираф высотой метров 5-6?'
1164,жираф,"  
'Привет"
1165,жираф, срочно нужен жираф для монтажа гипсокартона на даче
1166,жираф, какие условия?'
1167,жираф,"  
'Здравствуйте"
1168,жираф, сколько стоит взять жираф на выходные для ремонта фасада?'
1169,жираф,"  
'Добрый вечер"
1170,жираф, ищу жираф с площадкой
1171,жираф, чтобы помыть окна на втором этаже.'
1172,жираф,"  
'Здравствуйте"
1173,жираф, есть ли у вас жираф для работы на высоте 3-4 метра?'
1174,жираф,"  
'Добрый день"
1175,жираф, нужен жираф для сборки урожая с высоких деревьев
1176,жираф, подскажите стоимость.'
1177,жираф,"  
'Привет"
1178,жираф, можно ли арендовать жираф на пару часов для замены лампочек в зале?'
1179,жираф,"  
'Здравствуйте"
1180,жираф, интересует жираф для поклейки обоев в коридоре с высокими потолками.'
1181,жираф,"  
'Добрый день"
1182,жираф, сколько стоит жираф на сутки для ремонта потолка в частном доме?'
1183,газовый баллон,'Здравствуйте
1184,газовый баллон, нужен газовый баллон для горелки на пару дней
1185,газовый баллон, сколько стоит аренда?'
1186,газовый баллон,"  
'Добрый день"
1187,газовый баллон, есть ли у вас в прокате газовые баллоны для строительного фена?'
1188,газовый баллон,"  
'Привет"
1189,газовый баллон, ищу баллон с пропаном для пайки труб
1190,газовый баллон, какие у вас условия?'
1191,газовый баллон,"  
'Здравствуйте"
1192,газовый баллон, сколько стоит взять газовый баллон на неделю для дачного гриля?'
1193,газовый баллон,"  
'Добрый вечер"
1194,газовый баллон, нужен баллон для газового обогревателя на время ремонта
1195,газовый баллон, есть в наличии?'
1196,газовый баллон,"  
'Привет"
1197,газовый баллон, можно арендовать небольшой баллон с газом для горелки на сегодня?'
1198,газовый баллон,"  
'Здравствуйте"
1199,газовый баллон, интересует прокат газового баллона под плиту на стройке
1200,газовый баллон, какие варианты?'
1201,газовый баллон,"  
'Добрый день"
1202,газовый баллон, есть ли у вас баллоны для газового резака? Нужно на 2-3 дня.'
1203,газовый баллон,"  
'Здравствуйте"
1204,газовый баллон, сколько стоит аренда газового баллона для паяльной лампы?'
1205,газовый баллон,"  
'Привет"
1206,газовый баллон, нужен баллон с пропаном для заправки туристической горелки
1207,газовый баллон, есть в прокате?'
1208,триммер,'Здравствуйте
1209,триммер, нужен триммер на выходные
1210,триммер, чтобы подровнять траву на даче
1211,триммер, сколько стоит аренда?'
1212,триммер,"  
'Добрый день"
1213,триммер, есть ли у вас в прокате триммер для покоса травы во дворе?'
1214,триммер,"  
'Привет"
1215,триммер, сколько стоит взять триммер на день
1216,триммер, нужно убрать сорняки вдоль забора?'
1217,триммер,"  
'Здравствуйте"
1218,триммер, можно арендовать триммер с леской на завтра с утра?'
1219,триммер,"  
'Добрый вечер"
1220,триммер, ищу триммер бензиновый
1221,триммер, есть в наличии?'
1222,триммер,"  
'Здравствуйте"
1223,триммер, нужен триммер на пару часов
1224,триммер, чтобы подстричь газон перед домом.'
1225,триммер,"  
'Добрый день"
1226,триммер, подскажите стоимость аренды триммера на сутки
1227,триммер, участок 6 соток.'
1228,триммер,"  
'Привет"
1229,триммер, есть ли у вас мощный триммер для высокой травы? Нужен на выходные.'
1230,триммер,"  
'Здравствуйте"
1231,триммер, можно взять в аренду триммер с защитным кожухом?'
1232,триммер,"  
'Добрый день"
1233,триммер, сколько стоит триммер на неделю
1234,триммер, нужно обработать заброшенный участок.'
1235,плиткорез ручной,1. 'Привет
1236,плиткорез ручной, нужен ручной плиткорез на пару дней – делаю ремонт в ванной
1237,плиткорез ручной, плитку резать'
1238,плиткорез ручной,"  
2. 'Здравствуйте! Есть плиткорез ручной для керамогранита? Нужно ровно отрезать несколько плиток'"
1239,плиткорез ручной,"  
3. 'Добрый день! Сколько стоит аренда ручного плиткореза на сутки? Укладка плитки на кухне'"
1240,плиткорез ручной,"  
4. 'Привет"
1241,плиткорез ручной, ищу плиткорез ручной – надо подрезать плитку у порога. Есть в наличии?'
1242,плиткорез ручной,"  
5. 'Здравствуйте"
1243,плиткорез ручной, нужен плиткорез на выходные – делаю фартук на кухне. Какой залог?'
1244,плиткорез ручной,"  
6. 'Добрый день! Есть ли у вас ручной плиткорез с алмазным колесом? Нужен для тонкой работы'"
1245,плиткорез ручной,"  
7. 'Привет"
1246,плиткорез ручной, плиткорез ручной нужен на сегодня – пару плиток подогнать. Можно забрать сейчас?'
1247,плиткорез ручной,"  
8. 'Здравствуйте"
1248,плиткорез ручной, сколько стоит взять плиткорез на неделю? Делаю пол в коридоре'
1249,плиткорез ручной,"  
9. 'Добрый день! Нужен плиткорез для кафеля – резать углы. Есть что-то простое и недорогое?'"
1250,плиткорез ручной,"  
10. 'Привет"
1251,плиткорез ручной, ищу ручной плиткорез – надо подрезать плитку вокруг трубы. Есть в аренде?'
1252,заклепочник,'Здравствуйте
1253,заклепочник, нужен заклепочник для монтажа забора из профлиста
1254,заклепочник, есть у вас в аренде?'
1255,заклепочник,"  
'Добрый день"
1256,заклепочник, сколько стоит взять заклепочник на выходные?'
1257,заклепочник,"  
'Привет"
1258,заклепочник, есть ли у вас заклепочник для алюминиевых заклепок?'
1259,заклепочник,"  
'Здравствуйте"
1260,заклепочник, нужно скрепить листы металла
1261,заклепочник, подойдет обычный заклепочник?'
1262,заклепочник,"  
'Добрый вечер"
1263,заклепочник, ищу заклепочник на 2-3 часа
1264,заклепочник, сколько будет стоить?'
1265,заклепочник,"  
'Здравствуйте"
1266,заклепочник, есть ли в наличии заклепочник с набором насадок?'
1267,заклепочник,"  
'Привет"
1268,заклепочник, нужен заклепочник для ремонта ворот
1269,заклепочник, какие условия аренды?'
1270,заклепочник,"  
'Добрый день"
1271,заклепочник, подскажите
1272,заклепочник, можно ли взять заклепочник сегодня после 18:00?'
1273,заклепочник,"  
'Здравствуйте"
1274,заклепочник, сколько стоит аренда заклепочника на сутки?'
1275,заклепочник,"  
'Привет"
1276,заклепочник, есть ли у вас аккумуляторный заклепочник в прокате?'
1277,бензорез,'Здравствуйте
1278,бензорез, нужен бензорез на пару дней
1279,бензорез, чтобы резать металлические трубы на даче'
1280,бензорез,"  
'Добрый день"
1281,бензорез, сколько стоит аренда бензореза на сутки? Нужно плитку резать'
1282,бензорез,"  
'Привет"
1283,бензорез, есть бензорез в наличии? Надо демонтировать старые ворота'
1284,бензорез,"  
'Здравствуйте"
1285,бензорез, ищу бензорез для резки бетона
1286,бензорез, какие у вас условия аренды?'
1287,бензорез,"  
'Добрый вечер"
1288,бензорез, можно взять бензорез на завтра с утра? Режем арматуру на стройке'
1289,бензорез,"  
'Здравствуйте"
1290,бензорез, сколько стоит бензорез на день? Нужно подрезать кирпичи для кладки'
1291,бензорез,"  
'Привет"
1292,бензорез, есть ли бензорез с алмазным диском? Надо прорезать стену'
1293,бензорез,"  
'Добрый день"
1294,бензорез, нужен бензорез на выходные
1295,бензорез, резать асфальт во дворе'
1296,бензорез,"  
'Здравствуйте"
1297,бензорез, у вас можно арендовать бензорез на пару часов? Надо подрезать трубы'
1298,бензорез,"  
'Добрый день"
1299,бензорез, интересует бензорез для резки металла
1300,бензорез, какие модели у вас есть?'
1301,гвоздезабивной пистолет по дереву,'Здравствуйте
1302,гвоздезабивной пистолет по дереву, нужен гвоздезабивной пистолет для обшивки вагонкой
1303,гвоздезабивной пистолет по дереву, сколько стоит аренда на день?'
1304,гвоздезабивной пистолет по дереву,"  
'Добрый день"
1305,гвоздезабивной пистолет по дереву, есть в наличии пистолет для забивания гвоздей в дерево? Нужно на выходные.'
1306,гвоздезабивной пистолет по дереву,"  
'Привет"
1307,гвоздезабивной пистолет по дереву, ищу в аренду нейлер по дереву для сборки забора
1308,гвоздезабивной пистолет по дереву, какие условия?'
1309,гвоздезабивной пистолет по дереву,"  
'Здравствуйте"
1310,гвоздезабивной пистолет по дереву, сколько стоит взять гвоздезабивной пистолет на 3 часа? Нужно подшить потолок.'
1311,гвоздезабивной пистолет по дереву,"  
'Добрый вечер"
1312,гвоздезабивной пистолет по дереву, у вас можно арендовать нейлер для дерева? Требуется для монтажа обрешетки.'
1313,гвоздезабивной пистолет по дереву,"  
'Здравствуйте"
1314,гвоздезабивной пистолет по дереву, нужен пистолет для гвоздей по дереву
1315,гвоздезабивной пистолет по дереву, есть в наличии? На сутки.'
1316,гвоздезабивной пистолет по дереву,"  
'Привет"
1317,гвоздезабивной пистолет по дереву, есть ли у вас нейлер для забивания гвоздей в доски? Нужен на сегодня.'
1318,гвоздезабивной пистолет по дереву,"  
'Добрый день"
1319,гвоздезабивной пистолет по дереву, подскажите стоимость аренды гвоздезабивного пистолета для сборки деревянного настила.'
1320,гвоздезабивной пистолет по дереву,"  
'Здравствуйте"
1321,гвоздезабивной пистолет по дереву, нужен инструмент для быстрого монтажа гвоздей в дерево
1322,гвоздезабивной пистолет по дереву, что у вас есть?'
1323,гвоздезабивной пистолет по дереву,"  
'Привет"
1324,гвоздезабивной пистолет по дереву, ищу в прокат нейлер по дереву для ремонта террасы
1325,гвоздезабивной пистолет по дереву, какие варианты?'
1326,отбойный молоток,'Привет
1327,отбойный молоток, нужно разбить старую бетонную плиту во дворе — есть в аренду отбойный молоток?'
1328,отбойный молоток,"  
'Добрый день! Сколько стоит взять отбойный молоток на выходные для демонтажа стены?'"
1329,отбойный молоток,"  
'Здравствуйте"
1330,отбойный молоток, ищу отбойник для вскрытия асфальта у гаража — какие условия аренды?'
1331,отбойный молоток,"  
'Можно сегодня арендовать отбойный молоток? Нужно срочно снять старую плитку.'"
1332,отбойный молоток,"  
'Сколько стоит отбойный молоток на сутки? Планирую копать траншею под трубы.'"
1333,отбойный молоток,"  
'Есть легкий отбойный молоток для работ по кирпичу? Нужно разобрать перегородку.'"
1334,отбойный молоток,"  
'Добрый день! Хочу взять отбойник"
1335,отбойный молоток, чтобы выровнять фундамент — посоветуете модель?'
1336,отбойный молоток,"  
'Здравствуйте"
1337,отбойный молоток, нужен мощный отбойный молоток для демонтажа бетонного крыльца. Есть такой?'
1338,отбойный молоток,"  
'Сколько стоит аренда отбойного молотка на 3 часа? Только пару углов сколоть.'"
1339,отбойный молоток,"  
'Привет! Дачный ремонт — надо снять старую штукатурку. Есть отбойник в прокат?'"
1340,резчик швов,1. 'Здравствуйте
1341,резчик швов," нужен резчик швов на пару дней для ремонта тротуарной плитки во дворе. Сколько стоит?'  
2. 'Добрый день! Есть ли у вас в аренду резчик швов для бетона? Нужно сделать деформационные швы на свежей стяжке.'  
3. 'Привет"
1342,резчик швов," ищу резчик швов для демонтажа старой плитки в ванной. На сутки хватит?'  
4. 'Здравствуйте"
1343,резчик швов," подскажите стоимость аренды резчика швов на выходные — надо подготовить пол под новое покрытие.'  
5. 'Добрый вечер! У вас можно взять резчик швов для асфальта? Нужно расширить швы перед герметизацией.'  
6. 'Привет"
1344,резчик швов," есть резчик швов с алмазным диском? Надо прорезать бетонный пол в гараже.'  
7. 'Здравствуйте"
1345,резчик швов," сколько стоит резчик швов на день? Нужно сделать температурные швы на дорожке у дома.'  
8. 'Добрый день! Нужен резчик швов для удаления старого герметика между плитами. Есть в наличии?'  
9. 'Привет"
1346,резчик швов," ищу резчик швов для работ по бетону. Сколько стоит аренда на 3-4 часа?'  
10. 'Здравствуйте"
1347,резчик швов, у вас есть резчик швов с возможностью регулировки глубины? Нужен для ремонта террасы.'
1348,пила погружная,'Здравствуйте
1349,пила погружная, нужна погружная пила для резки ламината
1350,пила погружная, сколько стоит аренда на день?'
1351,пила погружная, 'Добрый день
1352,пила погружная, подскажите
1353,пила погружная, есть ли у вас в прокате погружная пила для работы с деревом?'
1354,пила погружная, 'Здравствуйте
1355,пила погружная, сколько будет стоить аренда погружной пилы на выходные?'
1356,пила погружная, 'Привет
1357,пила погружная, нужна погружная пила для демонтажа старого паркета
1358,пила погружная, есть у вас такая?'
1359,пила погружная, 'Добрый вечер
1360,пила погружная, интересует погружная пила для резки фанеры
1361,пила погружная, какие условия аренды?'
1362,пила погружная, 'Здравствуйте
1363,пила погружная, можно ли взять погружную пилу на пару часов для небольшого ремонта?'
1364,пила погружная, 'Добрый день
1365,пила погружная, подскажите стоимость аренды погружной пилы на сутки
1366,пила погружная, нужно для отделочных работ.'
1367,пила погружная, 'Здравствуйте
1368,пила погружная, есть ли у вас погружная пила для резки ДСП?'
1369,пила погружная, 'Привет
1370,пила погружная, интересует аренда погружной пилы для работы с гипсокартоном
1371,пила погружная, сколько стоит?'
1372,пила погружная, 'Добрый день
1373,пила погружная, нужна погружная пила для резки деревянных панелей
1374,пила погружная, есть в наличии?'
1375,фен аккумуляторный,'Здравствуйте
1376,фен аккумуляторный, нужен аккумуляторный фен для демонтажа плитки на даче
1377,фен аккумуляторный, сколько стоит аренда?'
1378,фен аккумуляторный, 'Добрый день
1379,фен аккумуляторный, подскажите
1380,фен аккумуляторный, есть ли у вас в аренду аккумуляторный фен для работ на высоте?'
1381,фен аккумуляторный, 'Здравствуйте
1382,фен аккумуляторный, можно ли арендовать аккумуляторный фен на выходные для ремонта в квартире?'
1383,фен аккумуляторный, 'Привет
1384,фен аккумуляторный, нужен фен аккумуляторный для прогрева труб
1385,фен аккумуляторный, сколько стоит на сутки?'
1386,фен аккумуляторный, 'Здравствуйте
1387,фен аккумуляторный, есть ли у вас аккумуляторный фен для работ по отделке?'
1388,фен аккумуляторный, 'Добрый вечер
1389,фен аккумуляторный, подскажите стоимость аренды аккумуляторного фена на день?'
1390,фен аккумуляторный, 'Здравствуйте
1391,фен аккумуляторный, нужен аккумуляторный фен для демонтажа старых обоев
1392,фен аккумуляторный, есть в наличии?'
1393,фен аккумуляторный, 'Привет
1394,фен аккумуляторный, можно ли взять аккумуляторный фен на пару часов для мелкого ремонта?'
1395,фен аккумуляторный, 'Здравствуйте
1396,фен аккумуляторный, сколько стоит аренда аккумуляторного фена для прогрева клея?'
1397,фен аккумуляторный, 'Добрый день
1398,фен аккумуляторный, есть ли у вас аккумуляторный фен для работы на улице?'
1399,компрессор,'Здравствуйте
1400,компрессор, нужен компрессор для покраски забора
1401,компрессор, на сутки.'
1402,компрессор,"  
'Добрый день"
1403,компрессор, подскажите
1404,компрессор, есть ли у вас компрессор для работы с пневмоинструментом?'
1405,компрессор,"  
'Здравствуйте"
1406,компрессор, сколько стоит аренда компрессора на день?'
1407,компрессор,"  
'Привет"
1408,компрессор, нужен компрессор для продувки системы отопления
1409,компрессор, есть у вас?'
1410,компрессор,"  
'Добрый вечер"
1411,компрессор, интересует компрессор для покраски стен
1412,компрессор, на 2 дня.'
1413,компрессор,"  
'Здравствуйте"
1414,компрессор, есть ли компрессор для подключения краскопульта?'
1415,компрессор,"  
'Добрый день"
1416,компрессор, подскажите стоимость аренды компрессора на выходные.'
1417,компрессор,"  
'Привет"
1418,компрессор, нужен компрессор для подкачки колес
1419,компрессор, на пару часов.'
1420,компрессор,"  
'Здравствуйте"
1421,компрессор, можно ли арендовать компрессор для работы с гвоздезабивным пистолетом?'
1422,компрессор,"  
'Добрый день"
1423,компрессор, интересует компрессор для продувки труб
1424,компрессор, на несколько часов.'
1425,дрель для алмазного бурения,'Здравствуйте
1426,дрель для алмазного бурения, нужна дрель для алмазного бурения
1427,дрель для алмазного бурения, чтобы сделать отверстия под трубы в бетонной стене'
1428,дрель для алмазного бурения,"  
'Добрый день"
1429,дрель для алмазного бурения, сколько стоит аренда дрели для алмазного бурения на день? Нужно просверлить несколько отверстий в плитах'
1430,дрель для алмазного бурения,"  
'Привет"
1431,дрель для алмазного бурения, есть ли у вас дрель для алмазного бурения? Нужно пробурить отверстия под коммуникации в фундаменте'
1432,дрель для алмазного бурения,"  
'Здравствуйте"
1433,дрель для алмазного бурения, интересует аренда дрели для алмазного бурения на выходные
1434,дрель для алмазного бурения, какие условия?'
1435,дрель для алмазного бурения,"  
'Добрый вечер"
1436,дрель для алмазного бурения, подскажите
1437,дрель для алмазного бурения, можно ли у вас взять дрель для алмазного бурения? Нужно сделать отверстия под кондиционер'
1438,дрель для алмазного бурения,"  
'Здравствуйте"
1439,дрель для алмазного бурения, сколько стоит взять дрель для алмазного бурения на 4 часа? Нужно пробурить пару отверстий в перекрытии'
1440,дрель для алмазного бурения,"  
'Добрый день"
1441,дрель для алмазного бурения, нужна дрель для алмазного бурения
1442,дрель для алмазного бурения, чтобы пройти армированный бетон
1443,дрель для алмазного бурения, есть у вас такое?'
1444,дрель для алмазного бурения,"  
'Привет"
1445,дрель для алмазного бурения, ищу дрель для алмазного бурения — нужно сделать отверстия под анкера в несущей стене'
1446,дрель для алмазного бурения,"  
'Здравствуйте"
1447,дрель для алмазного бурения, есть ли в наличии дрель для алмазного бурения? Нужно пробурить отверстия под канализацию'
1448,дрель для алмазного бурения,"  
'Добрый день"
1449,дрель для алмазного бурения, подскажите стоимость аренды дрели для алмазного бурения на сутки
1450,дрель для алмазного бурения, нужно работать с железобетоном'
1451,лампа Лосева,'Здравствуйте
1452,лампа Лосева, нужна лампа Лосева для проверки УФ-света на стройке
1453,лампа Лосева, сколько стоит аренда?'
1454,лампа Лосева, 'Добрый день
1455,лампа Лосева, подскажите
1456,лампа Лосева, можно ли взять лампу Лосева на сутки?'
1457,лампа Лосева, 'Здравствуйте
1458,лампа Лосева, интересует аренда лампы Лосева для проверки герметичности труб
1459,лампа Лосева, какие условия?'
1460,лампа Лосева, 'Привет
1461,лампа Лосева, есть ли у вас лампа Лосева в наличии? Нужна на завтра.'
1462,лампа Лосева, 'Здравствуйте
1463,лампа Лосева, сколько стоит аренда лампы Лосева на 3 дня?'
1464,лампа Лосева, 'Добрый вечер
1465,лампа Лосева, нужна лампа Лосева для проверки УФ-отвердителя
1466,лампа Лосева, какие варианты?'
1467,лампа Лосева, 'Здравствуйте
1468,лампа Лосева, можно ли сегодня арендовать лампу Лосева?'
1469,лампа Лосева, 'Привет
1470,лампа Лосева, интересует лампа Лосева для проверки УФ-света в квартире
1471,лампа Лосева, сколько стоит?'
1472,лампа Лосева, 'Здравствуйте
1473,лампа Лосева, нужна лампа Лосева для работы с УФ-краской
1474,лампа Лосева, есть в наличии?'
1475,лампа Лосева, 'Добрый день
1476,лампа Лосева, подскажите стоимость аренды лампы Лосева на неделю.'
1477,бензобур,'Здравствуйте
1478,бензобур, нужен бензобур для установки столбов забора на даче
1479,бензобур, сколько стоит аренда на день?'
1480,бензобур,"  
'Добрый день"
1481,бензобур, интересует бензобур для земляных работ
1482,бензобур, есть в наличии?'
1483,бензобур,"  
'Привет"
1484,бензобур, можно взять бензобур на выходные? Нужно пробурить несколько ям под сваи.'
1485,бензобур,"  
'Здравствуйте"
1486,бензобур, сколько стоит аренда бензобура на 4 часа? Нужно для монтажа опор.'
1487,бензобур,"  
'Добрый вечер"
1488,бензобур, у вас есть бензобур с диаметром шнека 200 мм?'
1489,бензобур,"  
'Здравствуйте"
1490,бензобур, нужен бензобур на завтра
1491,бензобур, какие условия аренды?'
1492,бензобур,"  
'Привет"
1493,бензобур, есть бензобур в прокате? Нужно пробурить ямы под столбы.'
1494,бензобур,"  
'Добрый день"
1495,бензобур, сколько стоит взять бензобур на сутки? Работаю на стройке.'
1496,бензобур,"  
'Здравствуйте"
1497,бензобур, нужен бензобур для бурения под фундамент
1498,бензобур, есть в наличии?'
1499,бензобур,"  
'Добрый вечер"
1500,бензобур, можно арендовать бензобур на сегодня? Нужно срочно сделать пару отверстий.'
1501,станок распиловочный,'Здравствуйте
1502,станок распиловочный, нужен распиловочный станок для резки досок на даче
1503,станок распиловочный, сколько стоит аренда на день?'
1504,станок распиловочный, 'Добрый день
1505,станок распиловочный, подскажите
1506,станок распиловочный, есть ли у вас в наличии станок распиловочный для работы с ламинатом?'
1507,станок распиловочный, 'Здравствуйте
1508,станок распиловочный, сколько будет стоить аренда распиловочного станка на выходные?'
1509,станок распиловочный, 'Добрый вечер
1510,станок распиловочный, нужен станок распиловочный для резки ДСП
1511,станок распиловочный, какие у вас условия?'
1512,станок распиловочный, 'Здравствуйте
1513,станок распиловочный, можно ли арендовать распиловочный станок на сегодняшний день?'
1514,станок распиловочный, 'Добрый день
1515,станок распиловочный, подскажите стоимость аренды распиловочного станка на сутки
1516,станок распиловочный, нужно для ремонта.'
1517,станок распиловочный, 'Здравствуйте
1518,станок распиловочный, нужен станок распиловочный для резки бруса
1519,станок распиловочный, есть ли у вас такой в аренду?'
1520,станок распиловочный, 'Добрый вечер
1521,станок распиловочный, сколько стоит аренда распиловочного станка на неделю?'
1522,станок распиловочный, 'Здравствуйте
1523,станок распиловочный, подскажите
1524,станок распиловочный, можно ли взять в аренду распиловочный станок завтра утром?'
1525,станок распиловочный, 'Добрый день
1526,станок распиловочный, нужен распиловочный станок для работы с фанерой
1527,станок распиловочный, какие у вас условия аренды?'
1528,пушка дизельная,'Здравствуйте
1529,пушка дизельная, нужна дизельная пушка для обогрева гаража на пару дней
1530,пушка дизельная, сколько стоит аренда?'
1531,пушка дизельная, 'Добрый день
1532,пушка дизельная, подскажите
1533,пушка дизельная, есть ли у вас в прокате дизельная тепловая пушка?'
1534,пушка дизельная, 'Здравствуйте
1535,пушка дизельная, сколько будет стоить аренда дизельной пушки на выходные?'
1536,пушка дизельная, 'Добрый вечер
1537,пушка дизельная, нужна дизельная пушка для прогрева бетона
1538,пушка дизельная, есть в наличии?'
1539,пушка дизельная, 'Здравствуйте
1540,пушка дизельная, можно ли арендовать дизельную пушку на сутки?'
1541,пушка дизельная, 'Добрый день
1542,пушка дизельная, интересует аренда дизельной пушки для обогрева склада
1543,пушка дизельная, какие условия?'
1544,пушка дизельная, 'Здравствуйте
1545,пушка дизельная, нужна дизельная пушка для высушивания штукатурки
1546,пушка дизельная, есть в прокате?'
1547,пушка дизельная, 'Добрый день
1548,пушка дизельная, сколько стоит взять дизельную пушку на неделю?'
1549,пушка дизельная, 'Здравствуйте
1550,пушка дизельная, есть ли у вас дизельная пушка для обогрева строительной площадки?'
1551,пушка дизельная, 'Добрый вечер
1552,пушка дизельная, подскажите
1553,пушка дизельная, можно ли арендовать дизельную пушку на сегодня?'
1554,пушка тепловая,1. 'Здравствуйте
1555,пушка тепловая," нужна тепловая пушка на пару дней для просушки стен после штукатурки. Есть у вас в наличии?'  
2. 'Добрый день! Сколько стоит аренда тепловой пушки на сутки? Нужно прогреть гараж перед ремонтом.'  
3. 'Привет"
1556,пушка тепловая, есть тепловые пушки? Завтра начинаем отделку балкона
1557,пушка тепловая," а там холодно.'  
4. 'Здравствуйте"
1558,пушка тепловая," ищу тепловую пушку на неделю — надо просушить дом после потопа.'  
5. 'Добрый вечер! У вас можно взять тепловую пушку? Строим баню"
1559,пушка тепловая," а ночью заморозки.'  
6. 'Сколько стоит тепловая пушка на выходные? На даче трубы промерзают.'  
7. 'Привет"
1560,пушка тепловая," есть мощная тепловая пушка? Нужно быстро прогреть склад перед приемкой товара.'  
8. 'Здравствуйте"
1561,пушка тепловая, срочно нужна тепловая пушка — в квартире ремонт
1562,пушка тепловая," а отопление отключили.'  
9. 'Добрый день"
1563,пушка тепловая, подскажите
1564,пушка тепловая," есть ли в аренду газовая тепловая пушка? Для сушки бетона в гараже.'  
10. 'Можно взять тепловую пушку на сегодня? В мастерской после зимы сыро"
1565,пушка тепловая, инструмент ржавеет.'
1566,культиватор,'Здравствуйте
1567,культиватор, нужен культиватор на выходные
1568,культиватор, чтобы вспахать огород на даче
1569,культиватор, сколько стоит?'
1570,культиватор,"  
'Добрый день"
1571,культиватор, есть ли у вас в аренде легкий культиватор для клумбы?'
1572,культиватор,"  
'Привет"
1573,культиватор, сколько стоит взять культиватор на день? Нужно обработать участок 6 соток.'
1574,культиватор,"  
'Здравствуйте"
1575,культиватор, ищу мощный культиватор для целины
1576,культиватор, есть у вас такие?'
1577,культиватор,"  
'Добрый вечер"
1578,культиватор, можно арендовать культиватор на завтра с утра?'
1579,культиватор,"  
'Здравствуйте"
1580,культиватор, подскажите стоимость аренды культиватора на неделю.'
1581,культиватор,"  
'Нужен культиватор для обработки земли под газон"
1582,культиватор, какие у вас есть варианты?'
1583,культиватор,"  
'Привет"
1584,культиватор, есть ли в наличии бензиновый культиватор? Нужно на 2 дня.'
1585,культиватор,"  
'Добрый день"
1586,культиватор, сколько стоит взять культиватор на сутки? Участок небольшой.'
1587,культиватор,"  
'Здравствуйте"
1588,культиватор, можно ли у вас арендовать культиватор с доставкой?'
1589,подъемник ГКЛ,'Здравствуйте
1590,подъемник ГКЛ, нужен подъемник для гипсокартона на пару дней
1591,подъемник ГКЛ, сколько стоит аренда?'
1592,подъемник ГКЛ,"  
'Добрый день"
1593,подъемник ГКЛ, ищу подъемник ГКЛ для монтажа потолков
1594,подъемник ГКЛ, есть у вас в наличии?'
1595,подъемник ГКЛ,"  
'Привет"
1596,подъемник ГКЛ, сколько стоит взять подъемник для гипсокартона на выходные?'
1597,подъемник ГКЛ,"  
'Здравствуйте"
1598,подъемник ГКЛ, нужен подъемник ГКЛ на завтра
1599,подъемник ГКЛ, можно забрать утром?'
1600,подъемник ГКЛ,"  
'Добрый вечер"
1601,подъемник ГКЛ, есть ли подъемник для гипсокартона в аренду на сутки?'
1602,подъемник ГКЛ,"  
'Здравствуйте"
1603,подъемник ГКЛ, сколько стоит аренда подъемника ГКЛ на день? Нужно смонтировать потолок.'
1604,подъемник ГКЛ,"  
'Привет"
1605,подъемник ГКЛ, ищу подъемник для гипсокартона
1606,подъемник ГКЛ, чтобы поднять листы на второй этаж. Есть у вас?'
1607,подъемник ГКЛ,"  
'Добрый день"
1608,подъемник ГКЛ, нужен подъемник ГКЛ на неделю
1609,подъемник ГКЛ, какие условия аренды?'
1610,подъемник ГКЛ,"  
'Здравствуйте"
1611,подъемник ГКЛ, можно взять подъемник для гипсокартона сегодня после обеда?'
1612,подъемник ГКЛ,"  
'Привет"
1613,подъемник ГКЛ, сколько стоит подъемник ГКЛ на пару часов? Нужно поднять несколько листов.'
1614,мотопомпа,'Здравствуйте
1615,мотопомпа, нужна мотопомпа для откачки воды из подвала после дождя
1616,мотопомпа, сколько стоит на сутки?'
1617,мотопомпа,"  
'Добрый день"
1618,мотопомпа, интересует аренда мотопомпы на выходные для полива огорода
1619,мотопомпа, есть в наличии?'
1620,мотопомпа,"  
'Привет"
1621,мотопомпа, у вас можно взять мотопомпу для осушения котлована? Нужна на пару дней.'
1622,мотопомпа,"  
'Здравствуйте"
1623,мотопомпа, сколько стоит мотопомпа в аренду? Нужно откачать воду из бассейна.'
1624,мотопомпа,"  
'Добрый вечер"
1625,мотопомпа, нужна мотопомпа для перекачки воды из речки в бочки
1626,мотопомпа, какие у вас условия?'
1627,мотопомпа,"  
'Здравствуйте"
1628,мотопомпа, есть ли у вас мощная мотопомпа для осушения участка после паводка?'
1629,мотопомпа,"  
'Привет"
1630,мотопомпа, ищу мотопомпу на день
1631,мотопомпа, чтобы откачать воду из дренажной канавы. Сколько стоит?'
1632,мотопомпа,"  
'Добрый день"
1633,мотопомпа, подскажите
1634,мотопомпа, можно ли арендовать мотопомпу для чистки пруда? Нужна на неделю.'
1635,мотопомпа,"  
'Здравствуйте"
1636,мотопомпа, нужна мотопомпа для перекачки воды из колодца
1637,мотопомпа, какие модели у вас есть?'
1638,мотопомпа,"  
'Привет"
1639,мотопомпа, сколько стоит взять мотопомпу на сутки? Нужно откачать воду из затопленного гаража.'
1640,перфоратор аккумуляторный,'Здравствуйте
1641,перфоратор аккумуляторный, нужен аккумуляторный перфоратор для сверления стен в квартире
1642,перфоратор аккумуляторный, сколько стоит на день?'
1643,перфоратор аккумуляторный,"  
'Добрый день"
1644,перфоратор аккумуляторный, ищу мощный аккумуляторный перфоратор для демонтажа плитки
1645,перфоратор аккумуляторный, есть у вас такие?'
1646,перфоратор аккумуляторный,"  
'Привет"
1647,перфоратор аккумуляторный, можно взять перфоратор на батарее на выходные? Нужно повесить полки.'
1648,перфоратор аккумуляторный,"  
'Здравствуйте"
1649,перфоратор аккумуляторный, сколько стоит аренда аккумуляторного перфоратора с буром на 6-8 мм?'
1650,перфоратор аккумуляторный,"  
'Добрый вечер"
1651,перфоратор аккумуляторный, нужен перфоратор без провода для работы на даче
1652,перфоратор аккумуляторный, где нет электричества.'
1653,перфоратор аккумуляторный,"  
'Здравствуйте"
1654,перфоратор аккумуляторный, есть ли в наличии аккумуляторный перфоратор? Нужно просверлить несколько отверстий в бетоне.'
1655,перфоратор аккумуляторный,"  
'Привет"
1656,перфоратор аккумуляторный, сколько стоит взять перфоратор на аккумуляторе на 4 часа? Только для пары дырок.'
1657,перфоратор аккумуляторный,"  
'Добрый день"
1658,перфоратор аккумуляторный, ищу легкий аккумуляторный перфоратор для работы на высоте
1659,перфоратор аккумуляторный, что у вас есть?'
1660,перфоратор аккумуляторный,"  
'Здравствуйте"
1661,перфоратор аккумуляторный, можно арендовать перфоратор без провода на завтра? Нужно установить кондиционер.'
1662,перфоратор аккумуляторный,"  
'Привет"
1663,перфоратор аккумуляторный, есть ли у вас перфоратор на батарее с функцией удара? Нужно разобрать старую кладку.'
1664,воздуходувка,'Привет
1665,воздуходувка, нужна воздуходувка на пару дней
1666,воздуходувка, чтобы убрать листья с участка
1667,воздуходувка, сколько стоит?'
1668,воздуходувка,"  
'Здравствуйте"
1669,воздуходувка, есть ли у вас в аренду воздуходувка для очистки крыши от снега?'
1670,воздуходувка,"  
'Добрый день"
1671,воздуходувка, подскажите стоимость аренды воздуходувки на выходные
1672,воздуходувка, надо убрать двор.'
1673,воздуходувка,"  
'Здравствуйте"
1674,воздуходувка, нужна мощная воздуходувка для стройки
1675,воздуходувка, чтобы пыль гнать
1676,воздуходувка, есть такие?'
1677,воздуходувка,"  
'Привет"
1678,воздуходувка, можно взять воздуходувку на сегодня
1679,воздуходувка, часа на три? Листья сгребать.'
1680,воздуходувка,"  
'Добрый день"
1681,воздуходувка, интересует воздуходувка для чистки тротуарной плитки после укладки
1682,воздуходувка, какие условия?'
1683,воздуходувка,"  
'Здравствуйте"
1684,воздуходувка, есть воздуходувки в наличии? Надо продуть гараж от опилок.'
1685,воздуходувка,"  
'Привет"
1686,воздуходувка, сколько стоит аренда воздуходувки на сутки? Надо участок после обрезки деревьев убрать.'
1687,воздуходувка,"  
'Добрый день"
1688,воздуходувка, нужна воздуходувка с функцией пылесоса
1689,воздуходувка, есть такие в прокате?'
1690,воздуходувка,"  
'Здравствуйте"
1691,воздуходувка, можно арендовать воздуходувку на завтра с утра? Листья уже засыпали весь двор.'
1692,детектор проводки,1. 'Привет
1693,детектор проводки," нужно найти проводку в стене перед сверлением. Есть у вас детектор в аренду на пару часов?'  
2. 'Здравствуйте"
1694,детектор проводки," завтра делаю ремонт в ванной — нужен детектор скрытой проводки. Сколько стоит на сутки?'  
3. 'Добрый день! Ищу прибор"
1695,детектор проводки, чтобы проверить
1696,детектор проводки," где проходит кабель в панельном доме. Что у вас есть?'  
4. 'Мне нужно повесить полку"
1697,детектор проводки, но боюсь попасть в провода. Дайте в аренду детектор на день
1698,детектор проводки," сколько стоит?'  
5. 'Здравствуйте"
1699,детектор проводки," есть ли у вас детектор проводки с глубиной сканирования от 5 см? Нужно для кирпичной стены.'  
6. 'Привет! Делаю перепланировку — нужен хороший детектор проводки и металла. Есть такие в прокате?'  
7. 'Добрый вечер"
1700,детектор проводки," ищу прибор для поиска скрытой проводки перед штроблением. Какие условия аренды?'  
8. 'Сколько стоит взять детектор проводки на выходные? Нужно проверить стены в квартире перед ремонтом.'  
9. 'Здравствуйте"
1701,детектор проводки, у вас есть детекторы
1702,детектор проводки, которые показывают не только провода
1703,детектор проводки," но и арматуру?'  
10. 'Привет"
1704,детектор проводки, срочно нужен детектор проводки — сегодня вечером делаю отверстия под кондиционер. Есть в наличии?'
1705,удлинитель электричексий,'Здравствуйте
1706,удлинитель электричексий, нужен удлинитель метров на 30 для подключения бетономешалки на даче
1707,удлинитель электричексий, есть в наличии?'
1708,удлинитель электричексий,"  
'Добрый день"
1709,удлинитель электричексий, сколько стоит взять удлинитель на 50 метров на неделю?'
1710,удлинитель электричексий,"  
'Привет"
1711,удлинитель электричексий, есть удлинитель с заземлением на 20 метров? Нужно подключить болгарку во дворе.'
1712,удлинитель электричексий,"  
'Здравствуйте"
1713,удлинитель электричексий, ищу удлинитель на 15-20 метров для ремонта в квартире
1714,удлинитель электричексий, какие варианты есть?'
1715,удлинитель электричексий,"  
'Добрый вечер"
1716,удлинитель электричексий, нужен мощный удлинитель на 40 метров для стройки
1717,удлинитель электричексий, какие условия аренды?'
1718,удлинитель электричексий,"  
'Здравствуйте"
1719,удлинитель электричексий, есть ли у вас удлинители с защитой от влаги? Нужно для работы на улице.'
1720,удлинитель электричексий,"  
'Привет"
1721,удлинитель электричексий, сколько стоит удлинитель на сутки? Нужно подключить перфоратор в подъезде.'
1722,удлинитель электричексий,"  
'Добрый день"
1723,удлинитель электричексий, ищу удлинитель на 25 метров с тройником
1724,удлинитель электричексий, есть такие в прокате?'
1725,удлинитель электричексий,"  
'Здравствуйте"
1726,удлинитель электричексий, можно взять удлинитель на 10 метров сегодня после обеда?'
1727,удлинитель электричексий,"  
'Привет"
1728,удлинитель электричексий, нужен удлинитель на 50 метров для подключения сварочного аппарата
1729,удлинитель электричексий, какие у вас есть?'
1730,лестница-трансформер,'Здравствуйте
1731,лестница-трансформер, нужна лестница-трансформер для покраски потолка
1732,лестница-трансформер, на сколько можно арендовать?'
1733,лестница-трансформер, 'Добрый день
1734,лестница-трансформер, подскажите
1735,лестница-трансформер, есть ли у вас в аренду лестница-трансформер для высотных работ?'
1736,лестница-трансформер, 'Здравствуйте
1737,лестница-трансформер, сколько будет стоить аренда лестницы-трансформера на день?'
1738,лестница-трансформер, 'Добрый вечер
1739,лестница-трансформер, нужна лестница-трансформер для монтажа люстры
1740,лестница-трансформер, какие условия аренды?'
1741,лестница-трансформер, 'Здравствуйте
1742,лестница-трансформер, можно ли арендовать лестницу-трансформер на выходные?'
1743,лестница-трансформер, 'Добрый день
1744,лестница-трансформер, интересует лестница-трансформер для работы на даче
1745,лестница-трансформер, сколько стоит аренда?'
1746,лестница-трансформер, 'Здравствуйте
1747,лестница-трансформер, нужна лестница-трансформер для ремонта крыши
1748,лестница-трансформер, есть ли у вас такая?'
1749,лестница-трансформер, 'Добрый вечер
1750,лестница-трансформер, сколько будет стоить аренда лестницы-трансформера на 3 дня?'
1751,лестница-трансформер, 'Здравствуйте
1752,лестница-трансформер, подскажите
1753,лестница-трансформер, можно ли арендовать лестницу-трансформер сегодня после обеда?'
1754,лестница-трансформер, 'Добрый день
1755,лестница-трансформер, интересует лестница-трансформер для работы в саду
1756,лестница-трансформер, есть ли у вас в наличии?'
1757,пушка электрическая,'Здравствуйте
1758,пушка электрическая, нужна электрическая пушка для обогрева гаража
1759,пушка электрическая, сколько стоит аренда на день?'
1760,пушка электрическая, 'Добрый день
1761,пушка электрическая, подскажите
1762,пушка электрическая, есть ли у вас в прокате электрическая тепловая пушка?'
1763,пушка электрическая, 'Здравствуйте
1764,пушка электрическая, сколько будет стоить аренда электрической пушки на выходные?'
1765,пушка электрическая, 'Привет
1766,пушка электрическая, нужна электрическая пушка для сушки стен после ремонта
1767,пушка электрическая, есть у вас?'
1768,пушка электрическая, 'Добрый вечер
1769,пушка электрическая, можно ли взять в аренду электрическую тепловую пушку на сутки?'
1770,пушка электрическая, 'Здравствуйте
1771,пушка электрическая, интересует аренда электрической пушки для обогрева склада
1772,пушка электрическая, какие условия?'
1773,пушка электрическая, 'Привет
1774,пушка электрическая, нужна электрическая пушка для прогрева бетона
1775,пушка электрическая, сколько стоит аренда?'
1776,пушка электрическая, 'Здравствуйте
1777,пушка электрическая, есть ли у вас электрическая тепловая пушка в аренду на сегодня?'
1778,пушка электрическая, 'Добрый день
1779,пушка электрическая, подскажите стоимость аренды электрической пушки на неделю.'
1780,пушка электрическая, 'Здравствуйте
1781,пушка электрическая, нужна электрическая пушка для обогрева помещения на даче
1782,пушка электрическая, есть у вас?'
1783,нейлер пневматический,'Здравствуйте
1784,нейлер пневматический, нужен нейлер пневматический для монтажа вагонки на даче
1785,нейлер пневматический, сколько стоит аренда?'
1786,нейлер пневматический, 'Добрый день
1787,нейлер пневматический, подскажите
1788,нейлер пневматический, есть ли у вас нейлер пневматический в аренду?'
1789,нейлер пневматический, 'Здравствуйте
1790,нейлер пневматический, хочу взять нейлер пневматический на пару дней для сборки каркаса
1791,нейлер пневматический, какие условия?'
1792,нейлер пневматический, 'Привет
1793,нейлер пневматический, нужен нейлер пневматический для крепления гипсокартона
1794,нейлер пневматический, сколько стоит на сутки?'
1795,нейлер пневматический, 'Здравствуйте
1796,нейлер пневматический, планирую обшивать потолок
1797,нейлер пневматический, нужен нейлер пневматический
1798,нейлер пневматический, есть в наличии?'
1799,нейлер пневматический, 'Добрый день
1800,нейлер пневматический, сколько стоит аренда нейлера пневматического на выходные?'
1801,нейлер пневматический, 'Здравствуйте
1802,нейлер пневматический, нужен нейлер пневматический для монтажа деревянного пола
1803,нейлер пневматический, подскажите стоимость?'
1804,нейлер пневматический, 'Привет
1805,нейлер пневматический, есть ли нейлер пневматический в аренду для сборки забора?'
1806,нейлер пневматический, 'Здравствуйте
1807,нейлер пневматический, хочу взять нейлер пневматический для ремонта крыши
1808,нейлер пневматический, какие условия аренды?'
1809,нейлер пневматический, 'Добрый день
1810,нейлер пневматический, подскажите
1811,нейлер пневматический, можно ли сегодня арендовать нейлер пневматический для отделки балкона?'
1812,пила дисковая аккумуляторная,'Добрый день
1813,пила дисковая аккумуляторная, нужна аккумуляторная дисковая пила для распила досок на даче
1814,пила дисковая аккумуляторная, сколько стоит аренда на день?'
1815,пила дисковая аккумуляторная,"  
'Здравствуйте"
1816,пила дисковая аккумуляторная, есть ли у вас в прокате аккумуляторная циркулярка? Нужно распилить ламинат.'
1817,пила дисковая аккумуляторная,"  
'Привет"
1818,пила дисковая аккумуляторная, ищу дисковую пилу на батарейках для резки фанеры
1819,пила дисковая аккумуляторная, можно взять на выходные?'
1820,пила дисковая аккумуляторная,"  
'Добрый вечер"
1821,пила дисковая аккумуляторная, сколько стоит взять аккумуляторную дисковую пилу на 3 часа? Нужно подрезать дверь.'
1822,пила дисковая аккумуляторная,"  
'Здравствуйте"
1823,пила дисковая аккумуляторная, есть ли у вас легкая аккумуляторная пила для работ на высоте? Нужно подпилить балки.'
1824,пила дисковая аккумуляторная,"  
'Добрый день"
1825,пила дисковая аккумуляторная, интересует аренда аккумуляторной циркулярки с хорошим диском по дереву
1826,пила дисковая аккумуляторная, есть такая?'
1827,пила дисковая аккумуляторная,"  
'Привет"
1828,пила дисковая аккумуляторная, нужна дисковая пила без провода для распиловки бруса на стройке
1829,пила дисковая аккумуляторная, какие условия аренды?'
1830,пила дисковая аккумуляторная,"  
'Здравствуйте"
1831,пила дисковая аккумуляторная, можно взять аккумуляторную пилу на сегодня? Нужно отрезать несколько досок.'
1832,пила дисковая аккумуляторная,"  
'Добрый день"
1833,пила дисковая аккумуляторная, ищу компактную дисковую пилу на батарейках для мелкого ремонта
1834,пила дисковая аккумуляторная, что у вас есть?'
1835,пила дисковая аккумуляторная,"  
'Здравствуйте"
1836,пила дисковая аккумуляторная, сколько стоит аренда аккумуляторной циркулярной пилы на сутки? Нужно распилить OSB.'
1837,вибратор,'Здравствуйте
1838,вибратор, нужен вибратор для уплотнения бетона при заливке стяжки. Есть у вас в аренду?'
1839,вибратор,"  
'Добрый день! Сколько стоит взять глубинный вибратор на выходные? Нужно фундамент заливать.'"
1840,вибратор,"  
'Привет"
1841,вибратор, есть вибратор поверхностный? Надо плитку укладывать во дворе.'
1842,вибратор,"  
'Здравствуйте"
1843,вибратор, ищу вибратор для бетона на сутки. Какой у вас самый мощный?'
1844,вибратор,"  
'Добрый вечер! Подскажите"
1845,вибратор, вибратор для уплотнения раствора в опалубке есть в наличии?'
1846,вибратор,"  
'Нужен вибратор строительный на пару часов — просто столбы забетонировать. Сколько стоит?'"
1847,вибратор,"  
'Здравствуйте"
1848,вибратор, у вас можно взять в аренду вибратор с гибким валом? Для колонн заливаем.'
1849,вибратор,"  
'Добрый день! Вибратор для бетона есть? Надо дорожку залить"
1850,вибратор, чтобы пустот не было.'
1851,вибратор,"  
'Привет"
1852,вибратор, срочно нужен вибратор на сегодня. Есть что-то свободное?'
1853,вибратор,"  
'Здравствуйте"
1854,вибратор, сколько стоит вибратор на неделю? Делаем монолитную плиту в гараже.'
1855,коронка по бетону,'Здравствуйте
1856,коронка по бетону, нужна коронка по бетону на 68 мм для подрозетников
1857,коронка по бетону, есть в наличии?'
1858,коронка по бетону,"  
'Добрый день"
1859,коронка по бетону, сколько стоит аренда коронки по бетону на день? Нужно сделать отверстия под трубы.'
1860,коронка по бетону,"  
'Привет"
1861,коронка по бетону, есть коронка по бетону 100 мм? Срочно нужно для прокладки вентиляции.'
1862,коронка по бетону,"  
'Здравствуйте"
1863,коронка по бетону, интересует коронка по бетону с алмазным напылением
1864,коронка по бетону, работаем с армированным бетоном.'
1865,коронка по бетону,"  
'Добрый вечер"
1866,коронка по бетону, подскажите
1867,коронка по бетону, у вас есть коронка по бетону на 50 мм? Нужно просверлить пару отверстий в стене.'
1868,коронка по бетону,"  
'Здравствуйте"
1869,коронка по бетону, сколько стоит взять коронку по бетону на выходные? Делаем ремонт в квартире.'
1870,коронка по бетону,"  
'Добрый день"
1871,коронка по бетону, нужна коронка по бетону для установки розеток
1872,коронка по бетону, какой диаметр есть в наличии?'
1873,коронка по бетону,"  
'Привет"
1874,коронка по бетону, есть ли коронка по бетону с охлаждением? Работаем на высоте
1875,коронка по бетону, нужен надежный инструмент.'
1876,коронка по бетону,"  
'Здравствуйте"
1877,коронка по бетону, интересует аренда коронки по бетону на 80 мм
1878,коронка по бетону, сколько стоит на сутки?'
1879,коронка по бетону,"  
'Добрый день"
1880,коронка по бетону, ищу коронку по бетону для монтажа кондиционера
1881,коронка по бетону, есть что-то подходящее?'
1882,пистолет для герметика,'Здравствуйте
1883,пистолет для герметика, нужен пистолет для герметика
1884,пистолет для герметика, чтобы заделать швы в ванной'
1885,пистолет для герметика, 'Добрый день
1886,пистолет для герметика, сколько стоит аренда пистолета для герметика на сутки?'
1887,пистолет для герметика, 'Здравствуйте
1888,пистолет для герметика, есть ли у вас пистолет для герметика в аренду?'
1889,пистолет для герметика, 'Добрый вечер
1890,пистолет для герметика, подскажите
1891,пистолет для герметика, можно ли взять пистолет для герметика завтра утром?'
1892,пистолет для герметика, 'Здравствуйте
1893,пистолет для герметика, нужен пистолет для герметика для работы с окнами
1894,пистолет для герметика, сколько это будет стоить?'
1895,пистолет для герметика, 'Добрый день
1896,пистолет для герметика, хочу арендовать пистолет для герметика на выходные'
1897,пистолет для герметика, 'Здравствуйте
1898,пистолет для герметика, есть ли у вас в наличии пистолет для герметика
1899,пистолет для герметика, и какие условия аренды?'
1900,пистолет для герметика, 'Добрый день
1901,пистолет для герметика, подскажите стоимость аренды пистолета для герметика на 3 дня'
1902,пистолет для герметика, 'Здравствуйте
1903,пистолет для герметика, нужен пистолет для герметика для ремонта в кухне
1904,пистолет для герметика, есть ли у вас?'
1905,пистолет для герметика, 'Добрый вечер
1906,пистолет для герметика, можно ли арендовать пистолет для герметика сегодня вечером?'
1907,домкрат подкатной,'Здравствуйте
1908,домкрат подкатной, нужен домкрат подкатной для замены колес на машине
1909,домкрат подкатной, сколько стоит аренда на день?'
1910,домкрат подкатной, 'Добрый день
1911,домкрат подкатной, подскажите
1912,домкрат подкатной, есть ли у вас в наличии домкрат подкатной для легкового авто?'
1913,домкрат подкатной, 'Здравствуйте
1914,домкрат подкатной, хочу арендовать домкрат подкатной на выходные
1915,домкрат подкатной, какие условия?'
1916,домкрат подкатной, 'Привет
1917,домкрат подкатной, нужен домкрат подкатной на пару часов
1918,домкрат подкатной, чтобы поднять машину для ремонта.'
1919,домкрат подкатной, 'Здравствуйте
1920,домкрат подкатной, сколько будет стоить аренда домкрата подкатного на 2 дня?'
1921,домкрат подкатной, 'Добрый день
1922,домкрат подкатной, ищу домкрат подкатной для работы с внедорожником
1923,домкрат подкатной, есть у вас такой?'
1924,домкрат подкатной, 'Здравствуйте
1925,домкрат подкатной, можно ли сегодня взять в аренду домкрат подкатной?'
1926,домкрат подкатной, 'Привет
1927,домкрат подкатной, нужен домкрат подкатной для поднятия авто
1928,домкрат подкатной, чтобы поменять тормозные колодки.'
1929,домкрат подкатной, 'Здравствуйте
1930,домкрат подкатной, сколько стоит аренда домкрата подкатного на сутки?'
1931,домкрат подкатной, 'Добрый день
1932,домкрат подкатной, подскажите
1933,домкрат подкатной, есть ли домкрат подкатной для грузовика?'
1934,шнек для бензобура,'Здравствуйте
1935,шнек для бензобура, нужен шнек для бензобура на выходные
1936,шнек для бензобура, сколько стоит аренда?'
1937,шнек для бензобура, 'Добрый день
1938,шнек для бензобура, подскажите
1939,шнек для бензобура, есть ли в наличии шнек для бензобура диаметром 150 мм?'
1940,шнек для бензобура, 'Здравствуйте
1941,шнек для бензобура, хочу арендовать шнек для бензобура на сутки
1942,шнек для бензобура, какие условия?'
1943,шнек для бензобура, 'Привет
1944,шнек для бензобура, нужен шнек для бензобура
1945,шнек для бензобура, чтобы пробурить скважину на даче
1946,шнек для бензобура, есть у вас?'
1947,шнек для бензобура, 'Здравствуйте
1948,шнек для бензобура, сколько стоит аренда шнека для бензобура на день?'
1949,шнек для бензобура, 'Добрый вечер
1950,шнек для бензобура, интересует шнек для бензобура диаметром 200 мм
1951,шнек для бензобура, есть в наличии?'
1952,шнек для бензобура, 'Здравствуйте
1953,шнек для бензобура, можно ли арендовать шнек для бензобура на два дня?'
1954,шнек для бензобура, 'Привет
1955,шнек для бензобура, нужен шнек для бензобура
1956,шнек для бензобура, чтобы установить столбы забора
1957,шнек для бензобура, есть у вас?'
1958,шнек для бензобура, 'Здравствуйте
1959,шнек для бензобура, подскажите стоимость аренды шнека для бензобура на выходные.'
1960,шнек для бензобура, 'Добрый день
1961,шнек для бензобура, интересует аренда шнека для бензобура
1962,шнек для бензобура, какие у вас условия?'
1963,металлоискатель,'Здравствуйте
1964,металлоискатель, нужен металлоискатель на выходные
1965,металлоискатель, чтобы поискать монеты на дачном участке
1966,металлоискатель, сколько стоит аренда?'
1967,металлоискатель,"  
'Добрый день"
1968,металлоискатель, есть ли у вас в прокате металлоискатель с хорошей глубиной поиска? Нужно проверить участок перед стройкой.'
1969,металлоискатель,"  
'Привет"
1970,металлоискатель, можно взять металлоискатель на пару часов? Хочу проверить двор
1971,металлоискатель, потерял ключи.'
1972,металлоискатель,"  
'Здравствуйте"
1973,металлоискатель, сколько стоит аренда металлоискателя на сутки? Нужно найти трубу в земле.'
1974,металлоискатель,"  
'Добрый вечер"
1975,металлоискатель, у вас есть металлоискатели в аренду? Хочу поискать артефакты в лесу.'
1976,металлоискатель,"  
'Здравствуйте"
1977,металлоискатель, ищу металлоискатель для поиска старых гвоздей и мусора перед посадкой газона.'
1978,металлоискатель,"  
'Привет"
1979,металлоискатель, есть ли у вас простой металлоискатель на день? Нужно проверить участок перед копкой.'
1980,металлоискатель,"  
'Добрый день"
1981,металлоискатель, нужен металлоискатель с настройкой на цветные металлы. Есть такой в прокате?'
1982,металлоискатель,"  
'Здравствуйте"
1983,металлоискатель, сколько стоит взять металлоискатель на 3 дня? Планирую поездку в старую деревню.'
1984,металлоискатель,"  
'Привет"
1985,металлоискатель, можно арендовать металлоискатель на сегодня? Потерял кольцо во дворе.'
1986,рохля,'Здравствуйте
1987,рохля, нужна рохля для перевозки стройматериалов на объекте
1988,рохля, сколько стоит аренда?'
1989,рохля, 'Добрый день
1990,рохля, подскажите
1991,рохля, можно ли взять рохлю на два дня?'
1992,рохля, 'Здравствуйте
1993,рохля, есть ли у вас рохля для перевозки мешков с цементом?'
1994,рохля, 'Добрый вечер
1995,рохля, сколько будет стоить аренда рохли на сутки?'
1996,рохля, 'Здравствуйте
1997,рохля, нужна рохля для перемещения плитки по участку
1998,рохля, есть в наличии?'
1999,рохля, 'Добрый день
2000,рохля, подскажите
2001,рохля, сколько стоит арендовать рохлю на неделю?'
2002,рохля, 'Здравствуйте
2003,рохля, можно ли сегодня забрать рохлю для перевозки досок?'
2004,рохля, 'Добрый день
2005,рохля, есть ли рохля с большими колесами для работы на неровной поверхности?'
2006,рохля, 'Здравствуйте
2007,рохля, сколько стоит аренда рохли на один день?'
2008,рохля, 'Добрый вечер
2009,рохля, нужна рохля для перевозки кирпича
2010,рохля, какие условия аренды?'
2011,установка алмазного бурения,"1. 'Добрый день! Нужна установка алмазного бурения для отверстия под вентиляцию в бетонной стене. Сколько стоит работа?'  
2. 'Здравствуйте"
2012,установка алмазного бурения," интересует аренда установки алмазного бурения на день — нужно сделать несколько отверстий под трубы.'  
3. 'Привет! Есть ли у вас алмазное бурение? Нужно проделать отверстие 120 мм в несущей стене.'  
4. 'Добрый вечер! Сколько стоит взять в аренду установку для алмазного бурения на выходные? Будем сверлить перекрытия.'  
5. 'Здравствуйте"
2013,установка алмазного бурения," срочно нужно алмазное бурение под кондиционер. Есть ли возможность выезда мастера сегодня?'  
6. 'Привет! Нужно пробурить отверстие в фундаменте. У вас есть алмазная установка в аренду?'  
7. 'Добрый день! Интересует стоимость алмазного бурения под канализацию в кирпичной стене.'  
8. 'Здравствуйте! Можно ли арендовать установку для алмазного бурения с оператором? Нужно сделать несколько отверстий в бетоне.'  
9. 'Привет! Есть ли у вас алмазные коронки на 80 мм? Нужно пробурить пару отверстий в плитах.'  
10. 'Добрый день! Сколько стоит аренда установки алмазного бурения на 4 часа? Нужно сделать отверстие под стояк.'"
2014,триммер аккумуляторный,1. 'Здравствуйте
2015,триммер аккумуляторный," нужен аккумуляторный триммер на выходные для покоса травы на даче. Есть в наличии?'  
2. 'Добрый день! Сколько стоит аренда триммера на сутки? Нужно подровнять газон во дворе.'  
3. 'Привет"
2016,триммер аккумуляторный," есть ли у вас легкие триммеры без провода? Надо обработать пару соток.'  
4. 'Здравствуйте"
2017,триммер аккумуляторный," ищу аккумуляторный триммер с леской и ножом. На 2 дня. Какие варианты?'  
5. 'Добрый вечер! У вас можно взять триммер с батареей? Заросший участок надо привести в порядок.'  
6. 'Сколько стоит триммер на день? Нужно скосить траву вдоль забора.'  
7. 'Здравствуйте"
2018,триммер аккумуляторный," есть ли в аренду мощные аккумуляторные триммеры? Нужно расчистить бурьян.'  
8. 'Добрый день"
2019,триммер аккумуляторный," нужен триммер без шнура на 3-4 часа. Есть свободные?'  
9. 'Привет! Дайте в аренду триммер с зарядкой. Траву за домом постричь.'  
10. 'Здравствуйте"
2020,триммер аккумуляторный, сколько стоит взять триммер на выходные? Газон на даче уже по колено.'
2021,вышка тура,1. 'Привет
2022,вышка тура," нужна вышка-тура для покраски фасада двухэтажного дома. Есть в наличии на завтра?'  
2. 'Здравствуйте"
2023,вышка тура," интересует аренда вышки-туры на неделю для монтажа потолков в цеху. Какая максимальная высота?'  
3. 'Добрый день! Хочу взять вышку-туру на выходные для обрезки деревьев на даче. Есть что-то не очень тяжелое?'  
4. 'Сколько стоит вышка-тура на сутки? Нужно помыть окна в офисном здании"
2024,вышка тура," высота 5-6 метров.'  
5. 'А у вас есть разборные вышки-туры? Для ремонта фасада магазина"
2025,вышка тура," работаем вдвоём.'  
6. 'Здравствуйте"
2026,вышка тура," нужна вышка-тура с широкой платформой для укладки плитки в холле. Есть такие?'  
7. 'Добрый вечер! Подскажите"
2027,вышка тура," можно ли арендовать вышку-туру с доставкой? Для монтажа рекламного баннера.'  
8. 'Ищу вышку-туру для ремонта крыши гаража. Достаточно 3-4 метра. Сколько стоит на день?'  
9. 'Привет! Есть ли вышки-туры с ограждением? Будем штукатурить стены в подъезде.'  
10. 'Здравствуйте"
2028,вышка тура, нужна вышка-тура для демонтажа старой вывески. Какие документы нужны для аренды?'
2029,моющий пылесос,'Здравствуйте
2030,моющий пылесос, нужен моющий пылесос для уборки после ремонта в квартире
2031,моющий пылесос, сколько стоит аренда на день?'
2032,моющий пылесос, 'Добрый день
2033,моющий пылесос, подскажите
2034,моющий пылесос, есть ли у вас моющий пылесос в аренду?'
2035,моющий пылесос, 'Здравствуйте
2036,моющий пылесос, хочу взять моющий пылесос на выходные
2037,моющий пылесос, какие условия?'
2038,моющий пылесос, 'Привет
2039,моющий пылесос, нужен моющий пылесос для чистки ковров
2040,моющий пылесос, сколько стоит на сутки?'
2041,моющий пылесос, 'Здравствуйте
2042,моющий пылесос, можно ли арендовать моющий пылесос сегодня после обеда?'
2043,моющий пылесос, 'Добрый день
2044,моющий пылесос, интересует аренда моющего пылесоса на неделю
2045,моющий пылесос, какая стоимость?'
2046,моющий пылесос, 'Здравствуйте
2047,моющий пылесос, есть ли в наличии моющий пылесос для уборки после стройки?'
2048,моющий пылесос, 'Привет
2049,моющий пылесос, нужен моющий пылесос для чистки полов в доме
2050,моющий пылесос, сколько будет стоить на день?'
2051,моющий пылесос, 'Здравствуйте
2052,моющий пылесос, подскажите
2053,моющий пылесос, можно ли взять моющий пылесос на прокат завтра утром?'
2054,моющий пылесос, 'Добрый день
2055,моющий пылесос, сколько стоит аренда моющего пылесоса на 2 дня?'
2056,тачка,'Здравствуйте
2057,тачка, нужна тачка для перевозки земли на даче
2058,тачка, сколько стоит аренда на день?'
2059,тачка,"  
'Добрый день"
2060,тачка, есть ли у вас в прокате строительная тачка? Нужно вывезти мусор со стройки.'
2061,тачка,"  
'Привет"
2062,тачка, можно взять тачку на выходные? Будем завозить песок для садовых дорожек.'
2063,тачка,"  
'Здравствуйте"
2064,тачка, интересует аренда тачки на пару часов — нужно перевезти кирпичи во дворе.'
2065,тачка,"  
'Добрый вечер"
2066,тачка, подскажите
2067,тачка, есть ли у вас тачки с усиленным кузовом? Нужно для стройки.'
2068,тачка,"  
'Здравствуйте"
2069,тачка, сколько стоит тачка в аренду на сутки? Нужно разгрузить машину с щебнем.'
2070,тачка,"  
'Привет"
2071,тачка, есть ли у вас тачки в наличии? Завтра нужно вывезти старые доски с участка.'
2072,тачка,"  
'Добрый день"
2073,тачка, интересует прокат тачки для дачи — будем перевозить грунт и удобрения.'
2074,тачка,"  
'Здравствуйте"
2075,тачка, можно взять тачку на сегодня? Нужно переместить мешки с цементом.'
2076,тачка,"  
'Добрый день"
2077,тачка, нужна крепкая тачка для стройки
2078,тачка, какие у вас есть варианты и цены?'
2079,дрель магнитная,'Здравствуйте
2080,дрель магнитная, нужна магнитная дрель для сверления металла
2081,дрель магнитная, сколько стоит аренда на день?'
2082,дрель магнитная, 'Добрый день
2083,дрель магнитная, подскажите
2084,дрель магнитная, есть ли у вас магнитная дрель в аренду?'
2085,дрель магнитная, 'Здравствуйте
2086,дрель магнитная, сколько будет стоить магнитная дрель на 3 дня?'
2087,дрель магнитная, 'Добрый вечер
2088,дрель магнитная, нужно арендовать магнитную дрель для работ на высоте
2089,дрель магнитная, есть такая?'
2090,дрель магнитная, 'Здравствуйте
2091,дрель магнитная, интересует магнитная дрель для сверления толстого металла
2092,дрель магнитная, какие условия аренды?'
2093,дрель магнитная, 'Здравствуйте
2094,дрель магнитная, нужна магнитная дрель на завтра
2095,дрель магнитная, можно ли забрать утром?'
2096,дрель магнитная, 'Добрый день
2097,дрель магнитная, подскажите стоимость аренды магнитной дрели на сутки.'
2098,дрель магнитная, 'Здравствуйте
2099,дрель магнитная, есть ли магнитная дрель в наличии? Нужна на выходные.'
2100,дрель магнитная, 'Добрый вечер
2101,дрель магнитная, хочу арендовать магнитную дрель для работы с металлоконструкциями
2102,дрель магнитная, сколько это будет стоить?'
2103,дрель магнитная, 'Здравствуйте
2104,дрель магнитная, интересует магнитная дрель для сверления на стройке
2105,дрель магнитная, какие есть варианты аренды?'
2106,осушитель воздуха,'Здравствуйте
2107,осушитель воздуха, нужен осушитель воздуха для квартиры после затопления
2108,осушитель воздуха, сколько стоит аренда?'
2109,осушитель воздуха, 'Добрый день
2110,осушитель воздуха, планирую отделку ванной
2111,осушитель воздуха, требуется осушитель воздуха на пару дней
2112,осушитель воздуха, есть у вас?'
2113,осушитель воздуха, 'Привет
2114,осушитель воздуха, нужен осушитель воздуха для дачного домика
2115,осушитель воздуха, чтобы просушить после зимы
2116,осушитель воздуха, подскажите условия аренды.'
2117,осушитель воздуха, 'Здравствуйте
2118,осушитель воздуха, сколько будет стоить аренда осушителя воздуха на сутки для гаража?'
2119,осушитель воздуха, 'Добрый вечер
2120,осушитель воздуха, у вас есть осушитель воздуха для аренды? Нужно просушить комнату после ремонта.'
2121,осушитель воздуха, 'Здравствуйте
2122,осушитель воздуха, нужен осушитель воздуха для склада
2123,осушитель воздуха, подскажите стоимость и сроки аренды.'
2124,осушитель воздуха, 'Привет
2125,осушитель воздуха, планирую поклейку обоев
2126,осушитель воздуха, требуется осушитель воздуха на пару дней
2127,осушитель воздуха, есть у вас?'
2128,осушитель воздуха, 'Здравствуйте
2129,осушитель воздуха, сколько стоит арендовать осушитель воздуха для квартиры на неделю?'
2130,осушитель воздуха, 'Добрый день
2131,осушитель воздуха, нужен осушитель воздуха для просушивания подвала после дождей
2132,осушитель воздуха, подскажите условия.'
2133,осушитель воздуха, 'Здравствуйте
2134,осушитель воздуха, есть ли у вас осушитель воздуха в аренду для просушивания помещения после протечки?'
2135,бензопила,'Здравствуйте
2136,бензопила, нужно спилить несколько деревьев на даче
2137,бензопила, есть бензопила в аренду?'
2138,бензопила,"  
'Добрый день"
2139,бензопила, подскажите стоимость аренды бензопилы на выходные.'
2140,бензопила,"  
'Здравствуйте"
2141,бензопила, нужна бензопила для распила бревен
2142,бензопила, сколько стоит на сутки?'
2143,бензопила,"  
'Привет"
2144,бензопила, есть ли у вас бензопила в наличии? Нужно на сегодня.'
2145,бензопила,"  
'Здравствуйте"
2146,бензопила, планирую демонтаж старого сарая
2147,бензопила, нужна бензопила
2148,бензопила, какие условия аренды?'
2149,бензопила,"  
'Добрый день"
2150,бензопила, сколько будет стоить аренда бензопилы на 3 часа?'
2151,бензопила,"  
'Здравствуйте"
2152,бензопила, нужно распилить несколько досок
2153,бензопила, есть бензопила в прокате?'
2154,бензопила,"  
'Привет"
2155,бензопила, интересует аренда бензопилы на завтра
2156,бензопила, сколько стоит?'
2157,бензопила,"  
'Здравствуйте"
2158,бензопила, нужна бензопила для заготовки дров
2159,бензопила, есть в наличии?'
2160,бензопила,"  
'Добрый день"
2161,бензопила, подскажите
2162,бензопила, можно ли арендовать бензопилу прямо сейчас?'
2163,прогрев бетона,'Здравствуйте
2164,прогрев бетона, нужен прогрев бетона на стройке
2165,прогрев бетона, подскажите стоимость аренды оборудования на сутки?'
2166,прогрев бетона, 'Добрый день
2167,прогрев бетона, планируем заливать фундамент
2168,прогрев бетона, требуется прогрев бетона
2169,прогрев бетона, какие условия аренды?'
2170,прогрев бетона, 'Здравствуйте
2171,прогрев бетона, нужно взять в аренду оборудование для прогрева бетона на выходные
2172,прогрев бетона, сколько это будет стоить?'
2173,прогрев бетона, 'Добрый вечер
2174,прогрев бетона, интересует аренда оборудования для прогрева бетона
2175,прогрев бетона, подскажите
2176,прогрев бетона, есть ли у вас такие приборы?'
2177,прогрев бетона, 'Здравствуйте
2178,прогрев бетона, сколько стоит аренда оборудования для прогрева бетона на два дня?'
2179,прогрев бетона, 'Добрый день
2180,прогрев бетона, нужно прогреть бетон на даче
2181,прогрев бетона, подскажите
2182,прогрев бетона, есть ли у вас подходящее оборудование?'
2183,прогрев бетона, 'Здравствуйте
2184,прогрев бетона, интересует аренда оборудования для прогрева бетона
2185,прогрев бетона, подскажите стоимость и условия?'
2186,прогрев бетона, 'Добрый день
2187,прогрев бетона, планируем заливку пола
2188,прогрев бетона, требуется прогрев бетона
2189,прогрев бетона, есть ли у вас оборудование в аренду?'
2190,прогрев бетона, 'Здравствуйте
2191,прогрев бетона, нужно взять в аренду оборудование для прогрева бетона на неделю
2192,прогрев бетона, подскажите стоимость?'
2193,прогрев бетона, 'Добрый вечер
2194,прогрев бетона, интересует аренда оборудования для прогрева бетона
2195,прогрев бетона, подскажите
2196,прогрев бетона, какие у вас условия?'
2197,пила ленточная,'Здравствуйте
2198,пила ленточная, нужна ленточная пила для распила досок на даче
2199,пила ленточная, сколько стоит аренда на день?'
2200,пила ленточная,"  
'Добрый день"
2201,пила ленточная, есть ли у вас в прокате ленточная пила для резки металла?'
2202,пила ленточная,"  
'Привет"
2203,пила ленточная, ищу ленточную пилу для распиловки бруса
2204,пила ленточная, какие у вас условия аренды?'
2205,пила ленточная,"  
'Здравствуйте"
2206,пила ленточная, сколько стоит взять ленточную пилу на выходные? Нужно распилить несколько бревен.'
2207,пила ленточная,"  
'Добрый вечер"
2208,пила ленточная, можно ли арендовать ленточную пилу на завтра с утра?'
2209,пила ленточная,"  
'Здравствуйте"
2210,пила ленточная, нужна ленточная пила для ремонта забора
2211,пила ленточная, какие у вас расценки?'
2212,пила ленточная,"  
'Привет"
2213,пила ленточная, есть ли у вас мощная ленточная пила для работы с толстой фанерой?'
2214,пила ленточная,"  
'Добрый день"
2215,пила ленточная, интересует аренда ленточной пилы на пару часов
2216,пила ленточная, сколько будет стоить?'
2217,пила ленточная,"  
'Здравствуйте"
2218,пила ленточная, подскажите
2219,пила ленточная, есть ли ленточная пила для резки пластика?'
2220,пила ленточная,"  
'Добрый вечер"
2221,пила ленточная, хочу взять ленточную пилу на сутки
2222,пила ленточная, какие документы нужны?'
2223,пила цепная аккумуляторная,'Здравствуйте
2224,пила цепная аккумуляторная, нужна аккумуляторная цепная пила для обрезки деревьев на даче
2225,пила цепная аккумуляторная, сколько стоит аренда на день?'
2226,пила цепная аккумуляторная,"  
'Добрый день"
2227,пила цепная аккумуляторная, интересует аренда цепной пилы на аккумуляторе для заготовки дров
2228,пила цепная аккумуляторная, есть у вас такие?'
2229,пила цепная аккумуляторная,"  
'Привет"
2230,пила цепная аккумуляторная, можно взять аккумуляторную цепную пилу на выходные? Сколько выйдет по деньгам?'
2231,пила цепная аккумуляторная,"  
'Здравствуйте"
2232,пила цепная аккумуляторная, ищу легкую цепную пилу без провода для спила старых веток
2233,пила цепная аккумуляторная, что у вас есть в наличии?'
2234,пила цепная аккумуляторная,"  
'Добрый вечер"
2235,пила цепная аккумуляторная, сколько стоит арендовать аккумуляторную цепную пилу на 5-6 часов?'
2236,пила цепная аккумуляторная,"  
'Здравствуйте"
2237,пила цепная аккумуляторная, нужна пила для демонтажа деревянного забора
2238,пила цепная аккумуляторная, аккумуляторная предпочтительнее
2239,пила цепная аккумуляторная, какие условия?'
2240,пила цепная аккумуляторная,"  
'Привет"
2241,пила цепная аккумуляторная, есть ли у вас в прокате цепные пилы на батарейках? Нужно спилить пару деревьев во дворе.'
2242,пила цепная аккумуляторная,"  
'Добрый день"
2243,пила цепная аккумуляторная, подскажите стоимость аренды аккумуляторной цепной пилы с защитной экипировкой.'
2244,пила цепная аккумуляторная,"  
'Здравствуйте"
2245,пила цепная аккумуляторная, можно сегодня забрать аккумуляторную пилу для подрезки сада? До вечера верну.'
2246,пила цепная аккумуляторная,"  
'Добрый день"
2247,пила цепная аккумуляторная, интересует цепная пила без шнура для работы на высоте
2248,пила цепная аккумуляторная, какие модели у вас есть?'
2249,плиткорез электрический,'Здравствуйте
2250,плиткорез электрический, нужен электрический плиткорез для укладки плитки в ванной
2251,плиткорез электрический, сколько стоит аренда на день?'
2252,плиткорез электрический, 'Добрый день
2253,плиткорез электрический, есть ли у вас в аренду электрический плиткорез на выходные?'
2254,плиткорез электрический, 'Здравствуйте
2255,плиткорез электрический, подскажите
2256,плиткорез электрический, можно ли взять плиткорез электрический сегодня после обеда?'
2257,плиткорез электрический, 'Добрый вечер
2258,плиткорез электрический, сколько будет стоить аренда электрического плиткореза на сутки?'
2259,плиткорез электрический, 'Здравствуйте
2260,плиткорез электрический, нужен плиткорез электрический для резки керамогранита
2261,плиткорез электрический, какие у вас условия?'
2262,плиткорез электрический, 'Добрый день
2263,плиткорез электрический, хочу арендовать электрический плиткорез на два дня
2264,плиткорез электрический, сколько это будет стоить?'
2265,плиткорез электрический, 'Здравствуйте
2266,плиткорез электрический, есть ли у вас плиткорез электрический в наличии? Нужен завтра утром.'
2267,плиткорез электрический, 'Добрый день
2268,плиткорез электрический, подскажите
2269,плиткорез электрический, можно ли взять электрический плиткорез на прокат на неделю?'
2270,плиткорез электрический, 'Здравствуйте
2271,плиткорез электрический, сколько стоит аренда электрического плиткореза на день? Нужно резать плитку для кухни.'
2272,плиткорез электрический, 'Добрый вечер
2273,плиткорез электрический, есть ли возможность арендовать электрический плиткорез на завтра? Нужен для работ на даче.'
2274,нивелир оптический,'Здравствуйте
2275,нивелир оптический, нужен оптический нивелир для разметки фундамента
2276,нивелир оптический, сколько стоит аренда на день?'
2277,нивелир оптический, 'Добрый день
2278,нивелир оптический, подскажите
2279,нивелир оптический, есть ли у вас в аренде оптический нивелир?'
2280,нивелир оптический, 'Здравствуйте
2281,нивелир оптический, хочу взять нивелир на выходные
2282,нивелир оптический, какая стоимость?'
2283,нивелир оптический, 'Добрый вечер
2284,нивелир оптический, нужен оптический нивелир для выравнивания участка
2285,нивелир оптический, есть в наличии?'
2286,нивелир оптический, 'Здравствуйте
2287,нивелир оптический, сколько будет стоить аренда оптического нивелира на сутки?'
2288,нивелир оптический, 'Добрый день
2289,нивелир оптический, планирую взять нивелир для работы на стройке
2290,нивелир оптический, какие условия аренды?'
2291,нивелир оптический, 'Здравствуйте
2292,нивелир оптический, нужен оптический нивелир для проверки уровня стен
2293,нивелир оптический, можно взять сегодня?'
2294,нивелир оптический, 'Добрый день
2295,нивелир оптический, подскажите
2296,нивелир оптический, есть ли нивелир в аренду и какие документы нужны?'
2297,нивелир оптический, 'Здравствуйте
2298,нивелир оптический, хочу арендовать оптический нивелир для установки забора
2299,нивелир оптический, сколько это будет стоить?'
2300,нивелир оптический, 'Добрый вечер
2301,нивелир оптический, нужен нивелир для земляных работ
2302,нивелир оптический, можно взять на два дня?'
2303,реноватор аккумуляторный,'Здравствуйте
2304,реноватор аккумуляторный, нужен аккумуляторный реноватор для подрезки плинтусов
2305,реноватор аккумуляторный, есть у вас в аренде?'
2306,реноватор аккумуляторный,"  
'Добрый день"
2307,реноватор аккумуляторный, сколько стоит взять реноватор на батарее на выходные? Нужно плитку подрезать.'
2308,реноватор аккумуляторный,"  
'Привет"
2309,реноватор аккумуляторный, есть ли у вас аккумуляторный реноватор? Хочу взять на пару часов для мелкого ремонта.'
2310,реноватор аккумуляторный,"  
'Здравствуйте"
2311,реноватор аккумуляторный, интересует аренда реноватора без провода — нужно работать в труднодоступном месте.'
2312,реноватор аккумуляторный,"  
'Добрый вечер"
2313,реноватор аккумуляторный, подскажите
2314,реноватор аккумуляторный, можно ли у вас арендовать реноватор на аккумуляторе для резки гипсокартона?'
2315,реноватор аккумуляторный,"  
'Здравствуйте"
2316,реноватор аккумуляторный, нужен реноватор без провода на день — сколько будет стоить?'
2317,реноватор аккумуляторный,"  
'Привет"
2318,реноватор аккумуляторный, есть ли в наличии аккумуляторный реноватор? Нужно подпилить дверную коробку.'
2319,реноватор аккумуляторный,"  
'Добрый день"
2320,реноватор аккумуляторный, сколько стоит взять реноватор на батарейке на 3 часа? Нужно подрезать ламинат.'
2321,реноватор аккумуляторный,"  
'Здравствуйте"
2322,реноватор аккумуляторный, у вас можно арендовать беспроводной реноватор? Нужен для работ на даче.'
2323,реноватор аккумуляторный,"  
'Привет"
2324,реноватор аккумуляторный, ищу реноватор на аккумуляторе — нужно демонтировать старую плитку в ванной.'
2325,пароочиститель,'Здравствуйте
2326,пароочиститель, нужен пароочиститель для чистки плитки в ванной
2327,пароочиститель, сколько стоит аренда на день?'
2328,пароочиститель,"  
'Добрый день"
2329,пароочиститель, есть ли у вас в прокате пароочиститель? Хочу отмыть балкон после ремонта.'
2330,пароочиститель,"  
'Привет"
2331,пароочиститель, нужен пароочиститель на выходные
2332,пароочиститель, чтобы отдраить кухонные шкафы от жира.'
2333,пароочиститель,"  
'Здравствуйте"
2334,пароочиститель, подскажите
2335,пароочиститель, можно ли взять пароочиститель на пару часов для чистки дивана?'
2336,пароочиститель,"  
'Добрый вечер"
2337,пароочиститель, интересует аренда пароочистителя для дезинфекции полов в доме
2338,пароочиститель, какие условия?'
2339,пароочиститель,"  
'Здравствуйте"
2340,пароочиститель, есть ли у вас компактный пароочиститель для чистки автомобильного салона?'
2341,пароочиститель,"  
'Привет"
2342,пароочиститель, нужен пароочиститель
2343,пароочиститель, чтобы отмыть кафель в душевой
2344,пароочиститель, сколько стоит на сутки?'
2345,пароочиститель,"  
'Добрый день"
2346,пароочиститель, хочу взять пароочиститель для чистки окон и рам
2347,пароочиститель, есть в наличии?'
2348,пароочиститель,"  
'Здравствуйте"
2349,пароочиститель, подскажите стоимость аренды пароочистителя на день для уборки после ремонта.'
2350,пароочиститель,"  
'Привет"
2351,пароочиститель, можно ли арендовать пароочиститель сегодня на вечер? Нужно почистить ковры.'
2352,сабельная пила аккумуляторная,'Здравствуйте
2353,сабельная пила аккумуляторная, нужна аккумуляторная сабельная пила для распиловки досок на даче
2354,сабельная пила аккумуляторная, сколько стоит аренда на день?'
2355,сабельная пила аккумуляторная, 'Добрый день
2356,сабельная пила аккумуляторная, подскажите
2357,сабельная пила аккумуляторная, есть ли у вас сабельная пила аккумуляторная для демонтажа старых дверей?'
2358,сабельная пила аккумуляторная, 'Здравствуйте
2359,сабельная пила аккумуляторная, сколько будет стоить аренда сабельной пилы аккумуляторной на 2 дня?'
2360,сабельная пила аккумуляторная, 'Привет
2361,сабельная пила аккумуляторная, нужно распилить металлические трубы
2362,сабельная пила аккумуляторная, есть ли у вас сабельная пила аккумуляторная?'
2363,сабельная пила аккумуляторная, 'Здравствуйте
2364,сабельная пила аккумуляторная, сабельная пила аккумуляторная нужна для работы с деревом
2365,сабельная пила аккумуляторная, какие условия аренды?'
2366,сабельная пила аккумуляторная, 'Добрый день
2367,сабельная пила аккумуляторная, интересует сабельная пила аккумуляторная для резки пластиковых труб
2368,сабельная пила аккумуляторная, сколько стоит на сутки?'
2369,сабельная пила аккумуляторная, 'Здравствуйте
2370,сабельная пила аккумуляторная, можно ли взять сабельную пилу аккумуляторную на выходные для работ на стройке?'
2371,сабельная пила аккумуляторная, 'Привет
2372,сабельная пила аккумуляторная, нужна сабельная пила аккумуляторная для распиловки бруса
2373,сабельная пила аккумуляторная, какие у вас есть модели?'
2374,сабельная пила аккумуляторная, 'Здравствуйте
2375,сабельная пила аккумуляторная, подскажите
2376,сабельная пила аккумуляторная, есть ли в наличии сабельная пила аккумуляторная для резки металла?'
2377,сабельная пила аккумуляторная, 'Добрый день
2378,сабельная пила аккумуляторная, сколько будет стоить аренда сабельной пилы аккумуляторной на 3 часа?'
2379,присоска,'Здравствуйте
2380,присоска, нужна присоска для подъема стекла
2381,присоска, есть у вас в аренду?'
2382,присоска,"  
'Добрый день"
2383,присоска, сколько стоит взять присоску для плитки на день?'
2384,присоска,"  
'Привет"
2385,присоска, есть ли у вас строительные присоски для переноски гипсокартона?'
2386,присоска,"  
'Здравствуйте"
2387,присоска, ищу присоску для монтажа зеркала
2388,присоска, какие варианты есть?'
2389,присоска,"  
'Добрый вечер"
2390,присоска, нужна присоска для демонтажа оконного стекла
2391,присоска, сколько стоит?'
2392,присоска,"  
'Есть присоска для подъема тяжелых панелей? Нужно на пару часов.'"
2393,присоска,"  
'Здравствуйте"
2394,присоска, возьму в аренду присоску для укладки керамогранита.'
2395,присоска,"  
'Добрый день"
2396,присоска, подскажите
2397,присоска, есть ли присоски для стекол и какая цена за сутки?'
2398,присоска,"  
'Нужна присоска для работы с сантехническими люками"
2399,присоска, есть такое?'
2400,присоска,"  
'Здравствуйте"
2401,присоска, сколько стоит аренда присоски для переноски плитки на 2 дня?'
2402,домкрат бутылочный,'Здравствуйте
2403,домкрат бутылочный, нужен бутылочный домкрат на 5 тонн
2404,домкрат бутылочный, чтобы поднять машину на выходных'
2405,домкрат бутылочный,"  
'Добрый день"
2406,домкрат бутылочный, есть в наличии бутылочный домкрат? Нужно заменить колесо'
2407,домкрат бутылочный,"  
'Привет"
2408,домкрат бутылочный, сколько стоит аренда бутылочного домкрата на день?'
2409,домкрат бутылочный,"  
'Здравствуйте"
2410,домкрат бутылочный, ищу бутылочный домкрат на 10 тонн для стройки
2411,домкрат бутылочный, есть у вас?'
2412,домкрат бутылочный,"  
'Добрый вечер"
2413,домкрат бутылочный, можно взять в аренду бутылочный домкрат на пару часов?'
2414,домкрат бутылочный,"  
'Здравствуйте"
2415,домкрат бутылочный, нужен домкрат бутылочный
2416,домкрат бутылочный, чтобы приподнять баню для ремонта фундамента'
2417,домкрат бутылочный,"  
'Добрый день"
2418,домкрат бутылочный, подскажите
2419,домкрат бутылочный, есть ли у вас бутылочные домкраты и какая грузоподъемность?'
2420,домкрат бутылочный,"  
'Привет"
2421,домкрат бутылочный, срочно нужен бутылочный домкрат
2422,домкрат бутылочный, сегодня заберу
2423,домкрат бутылочный, сколько стоит?'
2424,домкрат бутылочный,"  
'Здравствуйте"
2425,домкрат бутылочный, интересует аренда бутылочного домкрата на 2 тонны для дачи'
2426,домкрат бутылочный,"  
'Добрый день"
2427,домкрат бутылочный, есть ли у вас бутылочный домкрат
2428,домкрат бутылочный, чтобы поднять гаражные ворота?'
