тема;текст;;;;;;;;;;;;;;;;;;;;;;;
шуруповерт;добрый вечер! подскажите, у вас можно взять в аренду шурповерт?;;;;;;;;;;;;;;;;;;;;;;;
пылесос;Здравствуйте) сколько стоит аренда строительного пылесоса на сутки?;;;;;;;;;;;;;;;;;;;;;;;
плиткорез ручной;Доброе утро. Подскажите пожалуйста в какую цену у вас следующие инструменты: плиткорез ручной 60 см, реноватор, вибратор для плитки.;;;;;;;;;;;;;;;;;;;;;;;
фен;Доброе утро Есть строительный фен на аккумуляторной батареи?;;;;;;;;;;;;;;;;;;;;;;;
не вопрос клиента;Добрый день;;;;;;;;;;;;;;;;;;;;;;;
паркетно-шлифовальная машина;Добрый день! хочу обновить деревянный пол на даче. У вас есть циклевочная машина?;;;;;;;;;;;;;;;;;;;;;;;
перфоратор;Здравствуйте, подскажите, пожалуйста, сколько у вас стоит аренда дрели с микроударом + алмазная коронка на 72 мм, строительный пылесос, штроборез, гвоздезабивной пистолет, перфоратор на сутки?;;;;;;;;;;;;;;;;;;;;;;;
краскопульт;Здравствуйте, есть краскопульт для эмали?;;;;;;;;;;;;;;;;;;;;;;;
лестница;Какая стоимость аренды стремянки ?;;;;;;;;;;;;;;;;;;;;;;;
не вопрос клиента;Добрый день! Есть склад 300-1000м² в центре СПб. Подходит для хранения товарных запасов — можно разместить и держать длительно. Без интенсивного трафика, доступ 24/7. Если ищете склад — могу отправить информацию.;;;;;;;;;;;;;;;;;;;;;;;
пылесос;Добрый день!  Сколько стоит взять в аренду строительный пылесос на сутки? Спасибо;;;;;;;;;;;;;;;;;;;;;;;
нет такого инструмента;Здравствуйте аргон есть ?;;;;;;;;;;;;;;;;;;;;;;;
машина полировальная;Добрый день. Есть у вас в аренду полировальная машинка? Если есть, то какая цена в сутки, что в комплекте и какой фирмы/модель;;;;;;;;;;;;;;;;;;;;;;;
компрессор;Добрый день! Подскажите, есть ли у вас компрессор в аренду?;;;;;;;;;;;;;;;;;;;;;;;
сабельная пила;Здравствуйте,у вас есть сабельная пила?;;;;;;;;;;;;;;;;;;;;;;;
гвоздезабивной пистолет по бетону;Здравствуйте, у вас есть монтажный пистолет Toya для электромонтажа? И можно ли будет сегодня его взять в аренду?;;;;;;;;;;;;;;;;;;;;;;;
пушка газовая;Здравствуйте а сколько стоит аренда газовой пушки большой?;;;;;;;;;;;;;;;;;;;;;;;
газовый баллон;Здравствуйте а сколько стоит аренда газовой с балоном?;;;;;;;;;;;;;;;;;;;;;;;
резчик швов;Добрый день, ищём кожух для ШВОНАРЕЗЧИКа  GROST FS500 HC. Можно б/у. Может можете предложить? Спасибо.;;;;;;;;;;;;;;;;;;;;;;;
шуруповерт;Здравствуйте, сколько будет стоить арендовать, шуроповёрт на одни сутки;;;;;;;;;;;;;;;;;;;;;;;
фен;Здравствуйте, сколько будет стоить арендовать, строительный фен на одни сутки;;;;;;;;;;;;;;;;;;;;;;;
пылесос;Доброй ночи. У вас можно взять в аренду строительный пылесос?;;;;;;;;;;;;;;;;;;;;;;;
шуруповерт;Здравствуйте, меня зовут Александр, просили написать на Авито на прямую по поводу аренды шуруповерта и перфоратора.;;;;;;;;;;;;;;;;;;;;;;;
перфоратор;Здравствуйте, меня зовут Александр, просили написать на Авито на прямую по поводу аренды шуруповерта и перфоратора.;;;;;;;;;;;;;;;;;;;;;;;
сварочный аппарат;Здравствуйте, сварочник в аренду по какой цене?;;;;;;;;;;;;;;;;;;;;;;;
генератор;Здравствуйте  Какая цена аренды генератора ?   Нужен под мойку высокого давления;;;;;;;;;;;;;;;;;;;;;;;
пресс для труб РЕ-Х;Здравствуйте. Интересует аренда  аксиального гидравлического пресса для труб на следующую субботу. Есть у вас такой?;;;;;;;;;;;;;;;;;;;;;;;
сварочный полуавтомат;Здравствуйте, подскажите пожалуйста, какой у вас полуавтомат , и в какую сумму в аренду на сутки ?;;;;;;;;;;;;;;;;;;;;;;;
нет такого инструмента;Здравствуйте, подскажите пожалуйста у вас сварочные аппараты для сварки нержавейки аргоном есть?;;;;;;;;;;;;;;;;;;;;;;;
дрель-шуруповерт;добрый день! подскажите пожалуйста, дрель и шуроповерт можно взять в аренду? цена?;;;;;;;;;;;;;;;;;;;;;;;
пароочиститель;Добрый день, сколько будет стоить аренда пароочистителя?;;;;;;;;;;;;;;;;;;;;;;;
пылесос;Добрый день, сколько будет стоить аренда строительного пылесоса с мешком для мусора?;;;;;;;;;;;;;;;;;;;;;;;
машина полировальная;Здравствуйте! Хотелось бы арендовать с утра 31.03.2026 на сутки ручную полировочную (шлифмашинку) машинку для полировки кафельной плитки;;;;;;;;;;;;;;;;;;;;;;;
торцовочная пила;Здравствуйте. Сколько у вас стоит взять в аренду торцовку самую маленькую?;;;;;;;;;;;;;;;;;;;;;;;
лобзик;Добрый вечер, подскажите пожалуйста, мне нужно выпилить квадратное отверстие в столешнице под мойку и под газовую плитку без духовки, у вас есть электрический или ручной лобзик?;;;;;;;;;;;;;;;;;;;;;;;
торцовочная пила;Добрый день. Интересует аренда торцовочной пилы, если не сложно дайте информацию по условиям;;;;;;;;;;;;;;;;;;;;;;;
бензорез;Здравствуйте. Подскажите пожалуйста бензорез у вас есть?;;;;;;;;;;;;;;;;;;;;;;;
газовый баллон;Добрый день  Интересует газовый баллон литров на 8-12  Можно арендовать?;;;;;;;;;;;;;;;;;;;;;;;
нет такого инструмента;Добрый вечер.  А у вас электроинструменты в аренду есть ?  Пресс клещи, кримпера и тд;;;;;;;;;;;;;;;;;;;;;;;
не вопрос клиента;Здравствуйте;;;;;;;;;;;;;;;;;;;;;;;
шуруповерт;Здравствуйте! Нужен шуруповерт, завтра в районе 12;;;;;;;;;;;;;;;;;;;;;;;
УШМ;Здравствуйте! Нужна болгарка, завтра в районе 12;;;;;;;;;;;;;;;;;;;;;;;
бур для перфоратора;Добрый вечер, у вас есть бур по бетону, 20х600/22х600?;;;;;;;;;;;;;;;;;;;;;;;
УШМ аккумуляторная;Здравствуйте есть ли у вас УШМ на аккумуляторе?;;;;;;;;;;;;;;;;;;;;;;;
не вопрос клиента;Здравствуйте;;;;;;;;;;;;;;;;;;;;;;;
не вопрос клиента;Добрый вечер. Возможно вас заинтересует покупка Дрель на магнитной станине Milwaukee MDE 42?);;;;;;;;;;;;;;;;;;;;;;;
пылесос;Добрый вечер. Скажите, сколько стоит аренда строительного пылесоса(уборка квартиры после установки дверей, подвесных потолков). С доставкой инструмента. Район Адмиралтейский. Ул. Набережная обводного канала.;;;;;;;;;;;;;;;;;;;;;;;
нет такого инструмента;Добрый вечер. Скажите, сколько стоит аренда робота мойщика окон. С доставкой инструмента. Район Адмиралтейский. Ул. Набережная обводного канала.;;;;;;;;;;;;;;;;;;;;;;;
перфоратор;Здравствуйте! По чем аренда перфоратора, и есть ли доставка?;;;;;;;;;;;;;;;;;;;;;;;
пылесос;Здравствуйте! Нужен строительный пылесос на завтра;;;;;;;;;;;;;;;;;;;;;;;
генератор;Здравствуйте, в какую цену генератор 3 квт;;;;;;;;;;;;;;;;;;;;;;;
пылесос;Добрый вечер. Что кроме оплаты аренды нужно чтобы оформить аренду строительного пылесоса?;;;;;;;;;;;;;;;;;;;;;;;
нет такого инструмента;Добрый ,есть аппарат для сварки аргоном?;;;;;;;;;;;;;;;;;;;;;;;
лобзик;Добрый вечер, а лобзик есть?;;;;;;;;;;;;;;;;;;;;;;;
паяльник для ПВХ труб;Здравствуйте! Скажите, пожалуйста, есть ли у вас в прокате паяльник для сварки полипропиленовых труб и сколько стоит прокат на сутки?;;;;;;;;;;;;;;;;;;;;;;;
УШМ;Здравствуйте, мне нужно две болгарки. На 3 дня. Какие условия?;;;;;;;;;;;;;;;;;;;;;;;
шуруповерт;Здравствуйте, мне нужно шуруповерт. На 3 дня. Какие условия?;;;;;;;;;;;;;;;;;;;;;;;
торцовочная пила;Здравствуйте, мне нужна торцевочная пила. На 3 дня. Какие условия?;;;;;;;;;;;;;;;;;;;;;;;
перфоратор;Добрый день, скажите пожалуйста возможно ли у вас взять в аренду перфоратор сегодня на сутки?;;;;;;;;;;;;;;;;;;;;;;;
УШМ аккумуляторная;Здравствуйте, у вас есть балгарка аккумуляторная?;;;;;;;;;;;;;;;;;;;;;;;
паркетно-шлифовальная машина;Здравствуйте, можете пожалуйста подобрать инструмент если у вас есть такой. Ситуация: паркет в старом фонде, был покрыт старой оранжевой краской, которая была снята вручную с помощью ленточной шлифмашинки. Сам по себе паркет с перепадами и не очень ровный, в некоторых щелях остались остатки краски. Хочется это все как-то привести в нормальный вид насколько это возможно. К идеальности не стримимся, но хотябы все сверху снять. Боимся что снимем слишком много (не знаю возможно ли это). Прилагаю фото;;;;;;;;;;;;;;;;;;;;;;;
сварочный полуавтомат;Здравствуйте! Сколько стоит аренда сварочного полуавтомата?;;;;;;;;;;;;;;;;;;;;;;;
машина полировальная;Добрый день, есть полировательная машинка?;;;;;;;;;;;;;;;;;;;;;;;
гвоздезабивной пистолет по дереву;Доброе утро, гвоздизабивной пистолет для вагонки есть у Вас?;;;;;;;;;;;;;;;;;;;;;;;
торцовочная пила;Здравствуйте. Сколько стоит аренда торцовки с диском по алюминию?;;;;;;;;;;;;;;;;;;;;;;;
лобзик;Здравствуйте. Нужен электролобзик на выходные, нахожусь в Сестрорецке. Где у вас ближайший пункт выдачи и какие инструменты доступны?;;;;;;;;;;;;;;;;;;;;;;;
перфоратор;Доброе утро! Подскажите пожалуйста стоить проката перфоратора  на 1 час?;;;;;;;;;;;;;;;;;;;;;;;
дрель-шуруповерт;Здравствуйте! Хотел бы взять дрель , шуруповерт в аренду завтра на день . Сколько это будет стоить ?;;;;;;;;;;;;;;;;;;;;;;;
миксер;Здравствуйте! Хотел бы взять миксер в аренду завтра на день . Сколько это будет стоить ?;;;;;;;;;;;;;;;;;;;;;;;
перфоратор;Добрый день! Подскажите, пожалуйста можно ли сегодня взять перфоратор? И какая будет стоимость?;;;;;;;;;;;;;;;;;;;;;;;
дрель-шуруповерт;Здравствуйте, нужна дрель или шуруповерт(что дешевле)  и сверло на 6  на пару часов;;;;;;;;;;;;;;;;;;;;;;;
перфоратор;Добрый день! Аренда перфоратора в какую цену?;;;;;;;;;;;;;;;;;;;;;;;
гвоздезабивной пистолет по бетону;Добрый вечер а у вас есть газовый монтажный пистолет Toua для электро монтажа?;;;;;;;;;;;;;;;;;;;;;;;
нет такого инструмента;Здравствуйте. Есть торцовка комбинированная в прокат ?;;;;;;;;;;;;;;;;;;;;;;;
шуруповерт;Здравствуйте! Сколько будет стоить аренда шуруповерта?;;;;;;;;;;;;;;;;;;;;;;;
торцовочная пила;Здравствуйте! Хотела бы взять в аренду торцовочную пилу. Подскажите, пожалуйста, могу ли завтра? И сколько будет по стоимости?;;;;;;;;;;;;;;;;;;;;;;;
моющий пылесос;Добрый день! Нужен моющий строительный пылесос. Отмыть стены в сервисе от масла. Что посоветуете? Работаете сегодня? На каких условиях аренда?;;;;;;;;;;;;;;;;;;;;;;;
паркетно-шлифовальная машина;Здравствуйте,есть ли у вас напрокат циклевочная машина для пола с;;;;;;;;;;;;;;;;;;;;;;;
УШМ аккумуляторная;Здравствуйте, у вас есть аккумуляторная болгарка?;;;;;;;;;;;;;;;;;;;;;;;
дрель-шуруповерт;Добрый день! Подскажите сколько в аренду на 1 день будет стоить дрель;;;;;;;;;;;;;;;;;;;;;;;
нет такого инструмента;Здравствуйте! Нужен нейлер telegram номер 911 948-78-14;;;;;;;;;;;;;;;;;;;;;;;
торцовочная пила;Здравствуйте , интересует аренда торцовочной пилы с диском для алюминия;;;;;;;;;;;;;;;;;;;;;;;
нет такого инструмента;Здравствуйте. А есть перфоратор и коронка чтоб пробить стену в частном доме под вентканал? Диаметр трубы 100 мм.;;;;;;;;;;;;;;;;;;;;;;;
не вопрос клиента;Здравствуйте;;;;;;;;;;;;;;;;;;;;;;;
не вопрос клиента;Добрый день!;;;;;;;;;;;;;;;;;;;;;;;
шуруповерт;Здравствуйте! Хотел бы уточнить стоимость аренды шуруповерта на 1 день;;;;;;;;;;;;;;;;;;;;;;;
сабельная пила;Добрый день у вас сабельная пила с полотном идёт? Есть полотно под газоблоки?;;;;;;;;;;;;;;;;;;;;;;;
дрель-шуруповерт;Здравствуйте  дрель нужен на прокат, сколько будет стоить на день;;;;;;;;;;;;;;;;;;;;;;;
перфоратор;Добрый день! Какя цена перфоратора?;;;;;;;;;;;;;;;;;;;;;;;
паркетно-шлифовальная машина;Здравствуйте подскажите пожалуйста есть ли аренда циклевочной машины;;;;;;;;;;;;;;;;;;;;;;;
торцовочная пила;Здравствуйте, сколько в сутки стоит аренда торцовки с протяжкой?;;;;;;;;;;;;;;;;;;;;;;;
перфоратор;Добрый день. Хотела бы арендовать на завтра перфоратор на сутки. Какая будет стоимость аренды? Нужна доставка на Магнитогорскую 3к2 (м. Новочеркасская). Также нужны сверла по бетону/кирпичу, если нет в комплекте;;;;;;;;;;;;;;;;;;;;;;;
пылесос;Здравствуйте, пылесос строительный нужен , какие у вас и сколько стоят ?;;;;;;;;;;;;;;;;;;;;;;;
лобзик;Здравствуйте, скажите лобзик есть в аренду?;;;;;;;;;;;;;;;;;;;;;;;
подъемник ГКЛ;Добрый день, какой у вас подъемник ГКЛ для аренды есть? Модель?;;;;;;;;;;;;;;;;;;;;;;;
гвоздезабивной пистолет по дереву;Здравствуйте! У вас есть для аренды гвоздезабивной пистолет? Нужен для крепления наличников(может ошибаюсь, но вроде есть такие степлеры даже для этих целей).;;;;;;;;;;;;;;;;;;;;;;;
бур для перфоратора;Здравствуйте. Подскажите, есть ли у вас бур sds plus 32/ 600?;;;;;;;;;;;;;;;;;;;;;;;
присоска;Добрый вечер. Есть присоски для монтажа широкоформатной плитки?;;;;;;;;;;;;;;;;;;;;;;;
перфоратор;Здравствуйте.сегодня можно взять в аренду перфоратор?;;;;;;;;;;;;;;;;;;;;;;;
не вопрос клиента;Здравствуйте;;;;;;;;;;;;;;;;;;;;;;;
сабельная пила аккумуляторная;Добрый день. Требуется аккумуляторная сабельная пила на сутки. Задача - распил силового кабеля диаметром около 50мм.. порядка 50 распилов. Есть подходящая пила?;;;;;;;;;;;;;;;;;;;;;;;
удлинитель электричексий;Здравствуйте. Интересует уличный удлинитель на 3квТ Какая стоимость аренды?;;;;;;;;;;;;;;;;;;;;;;;
пылесос;Добрый день,есть строительные пылесосы в аренду?убрать пыль от штукатурки и бетона с пола;;;;;;;;;;;;;;;;;;;;;;;
перфоратор;Добрый вечер А можно взять в аренду перфоратор? Нужно для снятия старой штукатурки  Можно доставкой до пискаревского проспекта 20?;;;;;;;;;;;;;;;;;;;;;;;
не вопрос клиента;Добрый день. Вам алмазные диски не нужны? Не скупаете?;;;;;;;;;;;;;;;;;;;;;;;
не вопрос клиента;Добрый день. Возможно вас заинтересует покупка гидравлического насаоса для дальнейшей сдачи его в аренду ?;;;;;;;;;;;;;;;;;;;;;;;
лобзик;Здравствуйте! Мне нужен Лобзик у вас имеется в наличии?;;;;;;;;;;;;;;;;;;;;;;;
паркетно-шлифовальная машина;добрый день, у вас есть циклевочная машина в аренду?;;;;;;;;;;;;;;;;;;;;;;;
фен аккумуляторный;Добрый день. Подскажите, пожалуйста, есть ли у вас в аренду аккумуляторный фен?  Нужно на несколько дней, замки на даче разморозить;;;;;;;;;;;;;;;;;;;;;;;
штроборез;Здравствуйте,  сколько будет стоить аренда штробореза;;;;;;;;;;;;;;;;;;;;;;;
пылесос;Здравствуйте,  сколько будет стоить аренда пылесоса;;;;;;;;;;;;;;;;;;;;;;;
краскопульт;Здравствуйте , можно взять в аренду краскопульт с завтрашнего дня ?;;;;;;;;;;;;;;;;;;;;;;;
шуруповерт;здравствуйте есть шуруповерт ленточный ?;;;;;;;;;;;;;;;;;;;;;;;
не вопрос клиента;тест;;;;;;;;;;;;;;;;;;;;;;;
торцовочная пила;Здравствуйте. Есть на завтра торцовка с 255 диском? Сколько аренда на сутки и какие условия аренды?;;;;;;;;;;;;;;;;;;;;;;;
перфоратор;Здравствуйте!  Мне нужно в съемной квартире 2 полки установить, поэтому в поисках дрели.  Мне на пару часов буквально потребуются)  Сколько это по стоимости у вас выйдет?;;;;;;;;;;;;;;;;;;;;;;;
дрель-шуруповерт;Здравствуйте!  Мне нужно в съемной квартире 2 полки установить, поэтому в поисках шуруповерта.  Мне на пару часов буквально потребуются)  Сколько это по стоимости у вас выйдет?;;;;;;;;;;;;;;;;;;;;;;;
паркетно-шлифовальная машина;здравствуйте. есть шлифмашинки для реставрации пола на какой-то из выходных дней?;;;;;;;;;;;;;;;;;;;;;;;
УШМ;Доброе утро! Можно у вас взять болгарку (ушм) на два дня? Сколько будет стоить? И нужен ли залог?;;;;;;;;;;;;;;;;;;;;;;;
пила дисковая;Здравствуйте, есть в аренду циркулярная плита с углом поворота ? Сколько стоит ?;;;;;;;;;;;;;;;;;;;;;;;
реноватор аккумуляторный;Здравствуйте.  У вас имеется аккумуляторный ренноватор?;;;;;;;;;;;;;;;;;;;;;;;
торцовочная пила;Здравствуйте, хотела бы арендовать торцовочную пилу. Подскажите, можно ли взять доставкой?;;;;;;;;;;;;;;;;;;;;;;;
пила погружная;Доброе утро. Пила погружная с направляющими у вас найдется?  Спасибо;;;;;;;;;;;;;;;;;;;;;;;
отбойный молоток;Добрый вечер! Будет ли возможность забронировать перфоратор с зубилом(если имеется) на 11.02 или 12.02 с доставкой ?;;;;;;;;;;;;;;;;;;;;;;;
не вопрос клиента;Привет;;;;;;;;;;;;;;;;;;;;;;;
паркетно-шлифовальная машина;Здравствуйте. У вас есть аренда циклевочной машины для паркета?;;;;;;;;;;;;;;;;;;;;;;;
не вопрос клиента;Добрый день. Заключение договора на аренду с пропиской в СПБ?;;;;;;;;;;;;;;;;;;;;;;;
перфоратор;Здравствуйте, нужен перфоратор в аренду. 2 отверстия сделать;;;;;;;;;;;;;;;;;;;;;;;
генератор;Добрый день! Подскажите стоимость аренды генераторов. Нам нужен один генератор 5 кВт, и 2 генератора по 3 кВт. дата 21 февраля, время с 10:00 до 16:00  Подскажите сразу по стоимости бензина и доставки, адрес ул. Турку 23к1;;;;;;;;;;;;;;;;;;;;;;;
машина полировальная;Добрый день  Подскажите пожалуйста  Есть у вас в наличии полировальная машинка ?;;;;;;;;;;;;;;;;;;;;;;;
нейлер пневматический;Добрый вечер! Подскажите пожалуйста стоимость аренды пневматического степлера?;;;;;;;;;;;;;;;;;;;;;;;
компрессор;Добрый вечер! Подскажите пожалуйста стоимость аренды компрессора?;;;;;;;;;;;;;;;;;;;;;;;
гвоздезабивной пистолет по бетону;Здравствуйте, есть гвоздезабивной пистолет по бетону ? Нужен на 80 грибы;;;;;;;;;;;;;;;;;;;;;;;
не вопрос клиента;Здравствуйте;;;;;;;;;;;;;;;;;;;;;;;
вопрос по режиму работы;Добрый день ! Вчера брал сабельную пилу  До которого часа не обходимо сегодня вернуть?   89219347466 Джабаров Арзу;;;;;;;;;;;;;;;;;;;;;;;
дрель-шуруповерт;Здравствуйте, аренда дрели сколько стоит?;;;;;;;;;;;;;;;;;;;;;;;
сварочный аппарат;Здравствуйте, есть ли сварочный аппарат и какая цена?;;;;;;;;;;;;;;;;;;;;;;;
не вопрос клиента;звонила, пишу для сохранения! не обращайте внимания;;;;;;;;;;;;;;;;;;;;;;;
нет такого инструмента;Здравствуйте ! У вас есть пила по камню диаметра 80?;;;;;;;;;;;;;;;;;;;;;;;
фен аккумуляторный;Добрый день, подскажите у вас есть строительный фен  аккумуляторный?;;;;;;;;;;;;;;;;;;;;;;;
перфоратор;Добрый день перфоратор в аренду сколько будет стоить на день?;;;;;;;;;;;;;;;;;;;;;;;
фен аккумуляторный;Добрый вечер! А есть аккумуляторный фен?;;;;;;;;;;;;;;;;;;;;;;;
машина полировальная;Добрый день! Есть или к Вас в наличии полировальная машина с регулировкой оборотов?;;;;;;;;;;;;;;;;;;;;;;;
фен;Здравствуйте! У вас есть строительные фены в аренду?;;;;;;;;;;;;;;;;;;;;;;;
лазерный уровень;Здравствуйте, сколько стоит аренда лазерного уровня?;;;;;;;;;;;;;;;;;;;;;;;
дрель-шуруповерт;Здравствуйте, сколько будет стоить аренда дрели на пару часов?;;;;;;;;;;;;;;;;;;;;;;;
жираф;Добрый день. Подскажите, есть ли в наличии машинка для шлифовки стен и потолков, стоимость аренды и залога?;;;;;;;;;;;;;;;;;;;;;;;
не вопрос клиента;Здравствуйте;;;;;;;;;;;;;;;;;;;;;;;
шуруповерт;Здравствуйте, подскажите пожалуйста, нам нужен в аренду шуроповерт и шестигранный ключ ( но только больше универсального, для разбора дивана). Сколько это будет стоить по цене, если арендовать его у вас на сутки, с 18:00;;;;;;;;;;;;;;;;;;;;;;;
миксер;Здравствуйте, сколько стоит аренда строительного миксера?;;;;;;;;;;;;;;;;;;;;;;;
виброплита;добрый вечер! есть у вас трамбовка с доставкой?;;;;;;;;;;;;;;;;;;;;;;;
перфоратор;Здравствуйте нужен перфоратор сколько стоит прокат? Хотим установить кронштейн;;;;;;;;;;;;;;;;;;;;;;;
миксер;Здравствуйте, сколько стоит аренда миксера строительного;;;;;;;;;;;;;;;;;;;;;;;
пылесос;Здравствуйте, сколько стоит аренда строительного пылесоса;;;;;;;;;;;;;;;;;;;;;;;
не вопрос клиента;Здравствуйте;;;;;;;;;;;;;;;;;;;;;;;
шуруповерт;Здравствуйте, сколько будет стоит шуруповерт?;;;;;;;;;;;;;;;;;;;;;;;
нет такого инструмента;Здравствуйте, у вас есть набор инструментов: пассатижи, гаечный ключ ?;;;;;;;;;;;;;;;;;;;;;;;
не вопрос клиента;Здравствуй;;;;;;;;;;;;;;;;;;;;;;;
нет такого инструмента;Добрый вечер. Нужна торцевая пила со столом.;;;;;;;;;;;;;;;;;;;;;;;
фрезер;Добрый вечер. Нужен фрезер для монтажа МК дверей. Есть по наличию?;;;;;;;;;;;;;;;;;;;;;;;
торцовочная пила;Здравствуйте. Подскажите пожалуйста стоимость торцовочной пилы на сутки и есть ли диск по алюминию;;;;;;;;;;;;;;;;;;;;;;;
паркетно-шлифовальная машина;Доброе утро. Хочу взять напрокат ципливочную машину. Какая стоимость за сутки?;;;;;;;;;;;;;;;;;;;;;;;
торцовочная пила;Здравствуйте, можно взять в аренду торцевую пилу ?;;;;;;;;;;;;;;;;;;;;;;;
шуруповерт;Здравствуйте  Аренда шуруповерта какая стоимость? Залог?;;;;;;;;;;;;;;;;;;;;;;;
пылесос;Добрый день! Подскажите стоимость аренды пылесоса в час?;;;;;;;;;;;;;;;;;;;;;;;
лестница-трансформер;Здравствуйте,в какую цену арендовать лестницу трансформер на сутки?;;;;;;;;;;;;;;;;;;;;;;;
не вопрос клиента;Сообщение удалено;;;;;;;;;;;;;;;;;;;;;;;
шлифовальная машина;Добрый день! Подскажите, есть ли в аренду шлиф машина? Сколько стоит взять на день?;;;;;;;;;;;;;;;;;;;;;;;
пылесос;Добрый день! Подскажите, есть ли в аренду пылесос? Сколько стоит взять на день?;;;;;;;;;;;;;;;;;;;;;;;
нет такого инструмента;Здравствуйте. Интересует шиногиб ручной. Есть такое в прокат?;;;;;;;;;;;;;;;;;;;;;;;
нет такого инструмента;Здравствуйте, подскажите нет ли у вас аккумуляторной пилы?;;;;;;;;;;;;;;;;;;;;;;;
торцовочная пила;Здраввствуйте !  Интересует настольная пила в аренду есть что то ?  Наподобие такого:;;;;;;;;;;;;;;;;;;;;;;;
паркетно-шлифовальная машина;Добрый день. Сколько будет стоить аренда циклевлчной машины? Какая модель у вас?;;;;;;;;;;;;;;;;;;;;;;;
УШМ;Добрый день, есть в аренду болгарка 230 мм?;;;;;;;;;;;;;;;;;;;;;;;
перфоратор;Добрый вечер Интересует на завтра аренда перфоратора на сутки;;;;;;;;;;;;;;;;;;;;;;;
пила дисковая;Здравствуйте, нужна цирц пила на сутки. Завтра можно взять в аренду?;;;;;;;;;;;;;;;;;;;;;;;
пушка газовая;Добрый вечер, подскажите пожалуйста, газовую пушку завтра с утра можно взять на сутки? Сколько будет стоить?;;;;;;;;;;;;;;;;;;;;;;;
дрель для алмазного бурения;Здравствуйте, у вас есть дрель с микро ударом для подразетников ?;;;;;;;;;;;;;;;;;;;;;;;
сварочный полуавтомат;Здравствуйте ,сколько стоит на прокат сварочник полуавтомат  с баллоном?;;;;;;;;;;;;;;;;;;;;;;;
УШМ;Здравствуйте , большая болгарка интересует на 5 дней;;;;;;;;;;;;;;;;;;;;;;;
не вопрос клиента;Здравствуйте;;;;;;;;;;;;;;;;;;;;;;;
УШМ;Добрый день у вас есть болгарка 250 с кожухом забора пыли?;;;;;;;;;;;;;;;;;;;;;;;
лестница;Здравствуйте, сколько стоит аренда шести ступенчатой стремянки ?;;;;;;;;;;;;;;;;;;;;;;;
фрезер;Добрый день, не дозвонился вам. Скажите, фрезер можно взять в аренду? И какая у него цанга, 8 или 12мм, есть ли параллельный упор?;;;;;;;;;;;;;;;;;;;;;;;
торцовочная пила;Добрый вечер. Тарчовка не освободилась?;;;;;;;;;;;;;;;;;;;;;;;
не вопрос клиента;Добрый день!  Вы даёте платные консультации?  Планируем запустить в нашем городе Нижникамске бизнес, подобный вашему. Есть время, место и возможность. Но чтобы не распыляться и быть максимально эффективными уже на старте, нам нужны ответы на некотрые вопросы.  Список из 5-10 самых интересных позиции для проката.  Тарифы аренды на указанных выше позиции.  Условия предоставления оборудования в аренду.  Сколько будут стоить ответы на мои вопросы?  Заранее спасибо, за обратную связь!;;;;;;;;;;;;;;;;;;;;;;;
краскопульт;здравствуйте  а сколько стоит аренда краскопульта? на 3 дня;;;;;;;;;;;;;;;;;;;;;;;
торцовочная пила;Сколько будет стоить пила торцовочная за сутки?;;;;;;;;;;;;;;;;;;;;;;;
лобзик;Здравствуйте! подскажите сколько будет стоить лобзик в аренду;;;;;;;;;;;;;;;;;;;;;;;
пылесос;Добрый вечер, интересует строительный пылесос на завтра;;;;;;;;;;;;;;;;;;;;;;;
не вопрос клиента;Добрый вечер;;;;;;;;;;;;;;;;;;;;;;;
УШМ;Здравствуйте, хочу узнаь стоимость аренды болгарки ?;;;;;;;;;;;;;;;;;;;;;;;
вопрос по режиму работы;Здравствуйте. Работаете?;;;;;;;;;;;;;;;;;;;;;;;
лазерный уровень;Здравствуйте,  Будет ли в наличии лазерный нивелир на сутки в пятницу? И что по стоимости?;;;;;;;;;;;;;;;;;;;;;;;
миксер;Добрый день! Нужны в аренду: Строительный миксер;;;;;;;;;;;;;;;;;;;;;;;
штроборез;Добрый день! Нужны в аренду: Штроборез;;;;;;;;;;;;;;;;;;;;;;;
перфоратор;Добрый день! Нужны в аренду: Перфоратор;;;;;;;;;;;;;;;;;;;;;;;
подъемник ГКЛ;Здравствуйте. Хочу арендовать у вас подьемник для глк на 6-7 января.;;;;;;;;;;;;;;;;;;;;;;;
вопрос по режиму работы;Здравствуйте,работаете?;;;;;;;;;;;;;;;;;;;;;;;
пила дисковая;Здравствуйте! Сколько стоит аренда паркетки?;;;;;;;;;;;;;;;;;;;;;;;
перфоратор;Добрый день!  Подскажите стоимость аренды перфоратора  ?);;;;;;;;;;;;;;;;;;;;;;;
вопрос по режиму работы;Здравствуйте,вы завтра работаете?;;;;;;;;;;;;;;;;;;;;;;;
шуруповерт;Добрый вечер! Мне нужны инструменты: шуруповёрт. У вас есть такое, если да, то сколько это будет стоить?;;;;;;;;;;;;;;;;;;;;;;;
перфоратор;Добрый вечер! Мне нужны инструменты: перфоратор. У вас есть такое, если да, то сколько это будет стоить?;;;;;;;;;;;;;;;;;;;;;;;
лазерный уровень;Добрый вечер! Мне нужны инструменты: уровень. У вас есть такое, если да, то сколько это будет стоить?;;;;;;;;;;;;;;;;;;;;;;;
не вопрос клиента;Здравствуйте;;;;;;;;;;;;;;;;;;;;;;;
перфоратор;Добрый день! Подскажите можно взять в аренду перфоратор на сегодня? Сколько будет стоить?;;;;;;;;;;;;;;;;;;;;;;;
не вопрос клиента;Здравствуйте;;;;;;;;;;;;;;;;;;;;;;;
дрель-шуруповерт;Здравствуйте! Сколько у вас стоит аренда дрели по часам?;;;;;;;;;;;;;;;;;;;;;;;
пылесос;Добрый день. Интересует строительный пылесос. На сутки;;;;;;;;;;;;;;;;;;;;;;;
не вопрос клиента;Здравствуйте;;;;;;;;;;;;;;;;;;;;;;;
торцовочная пила;Добрый день!  Подскажите, пожалуйста, можно ли арендовать торцовочную пилу? Необходима на один день, субботу.  Адрес: проспект Энгельса дом 29 корпус 1   Необходимо с доставкой;;;;;;;;;;;;;;;;;;;;;;;
шуруповерт;здравствуйте! почем аренда шуроповерта ?;;;;;;;;;;;;;;;;;;;;;;;
не вопрос клиента;Здравствуйте;;;;;;;;;;;;;;;;;;;;;;;
лестница;Какая стоимость завтра в 7 утра арендовать  лестницу?;;;;;;;;;;;;;;;;;;;;;;;
перфоратор;Добрый день, уточните, пожалуйста, стоимость аренды дрели или перфоратора на пару часов, необходимо повесить зеркало, для этого нужно просверлить отверстие в стене;;;;;;;;;;;;;;;;;;;;;;;
не вопрос клиента;Добрый день.;;;;;;;;;;;;;;;;;;;;;;;
шуруповерт;Здравствуйте, нужен шуруповерт и молоток;;;;;;;;;;;;;;;;;;;;;;;
паркетно-шлифовальная машина;Здравствуйте, а есть машинка для циклевки паркета ?;;;;;;;;;;;;;;;;;;;;;;;
перфоратор;Добрый день, хотим арендовать у вас инструмент нужно повесить штангу для одежды в шкаф из ЛДСП;;;;;;;;;;;;;;;;;;;;;;;
вопрос по режиму работы;Здравствуйте, вы завтра работаете?;;;;;;;;;;;;;;;;;;;;;;;
перфоратор;Здравствуйте, подскажите пожалуйста, можно ли у вас взять в прокат перфоратор на сутки?;;;;;;;;;;;;;;;;;;;;;;;
лампа Лосева;Здравствуйте , лампа Лосева имеется ?;;;;;;;;;;;;;;;;;;;;;;;
шуруповерт;Здравствуйте, сколько будет стоить аренда шуруповерта? И есть ли у вас возможность давать сверло?;;;;;;;;;;;;;;;;;;;;;;;
нивелир оптический;Добрый вечер , подскажите есть невелиры ?;;;;;;;;;;;;;;;;;;;;;;;
торцовочная пила;Здравствуйте интересует аренда торцевой  пилы;;;;;;;;;;;;;;;;;;;;;;;
шуруповерт;Здравствуйте а у вас нету шуруповерта в аренду ?;;;;;;;;;;;;;;;;;;;;;;;
жираф;Здравствуйте, есть шлифовочная машина?;;;;;;;;;;;;;;;;;;;;;;;
лампа Лосева;Здравствуйте, есть лампа Лосева?;;;;;;;;;;;;;;;;;;;;;;;
пылесос;Здравствуйте, есть пылесос?;;;;;;;;;;;;;;;;;;;;;;;
фрезер;Здравствуйте, подскажите пожалуйста, какая модель мне лучше подойдет?  Задача - максимально быстро и как можно тише просверлить дерево не насквозь, а сделать просто углубление сверлом DeWalt Extreme Impact. Углубление диаметром 13мм и длиной 7см примерно  Тишина и скорость сверления находятся на одном уровне;;;;;;;;;;;;;;;;;;;;;;;
лампа Лосева;Добрый день! Лампа Лосева у Вас есть?;;;;;;;;;;;;;;;;;;;;;;;
нет такого инструмента;Добрый вечер? Есть ли у вас в аренду КСГ - 705 Пистолет для цементного раствора;;;;;;;;;;;;;;;;;;;;;;;
не вопрос клиента;Здравствуйте;;;;;;;;;;;;;;;;;;;;;;;
не вопрос клиента;Здравствуйте;;;;;;;;;;;;;;;;;;;;;;;
не вопрос клиента;Здравствуйте;;;;;;;;;;;;;;;;;;;;;;;
перфоратор;Добрый вечер  Сколько будет стоить аренда перфоратора ?;;;;;;;;;;;;;;;;;;;;;;;
вопрос по режиму работы;Добрый вечер, пара вопросов: время аренды оплачивается сразу при получении, или  после возврата по фактическому времени в пользовании. И смогу ли я арендовать инструмент будучи несовершеннолетним (17 лет)?;;;;;;;;;;;;;;;;;;;;;;;
перфоратор аккумуляторный;Добрый,мне нужен перфоратор аккумуляторный;;;;;;;;;;;;;;;;;;;;;;;
нет такого инструмента;Здравствуйте, у вас есть в наличии дрель crown, хотел бы завтра подъехать, забрать;;;;;;;;;;;;;;;;;;;;;;;
торцовочная пила;Торцовочная пила с протяжкой есть в наличии? Нужна будет в пятницу, где-то до понедельника;;;;;;;;;;;;;;;;;;;;;;;
нет такого инструмента;Добрый вечер. Интересует аренда ленточный пилы. Прошу указать марку и модель и стоимость.;;;;;;;;;;;;;;;;;;;;;;;
торцовочная пила;Добрый вечер. Интересует аренда торцовочной пилы. Прошу указать марку и модель и стоимость.;;;;;;;;;;;;;;;;;;;;;;;
лобзик;Здравствуйте, нужен лобзик , чтобы сделать вырез в столе .   На 1 сутки или даже если можно на пол суток )   Какая цена и условия . Стол тонкий , можно самый обычный лобзик;;;;;;;;;;;;;;;;;;;;;;;
нет такого инструмента;Добрый день. Подскажите, пожалуйста, есть ли в аренду электрический рубанок шириной 20 мм, глубиной от 4 мм?;;;;;;;;;;;;;;;;;;;;;;;
не вопрос клиента;Здравствуйте;;;;;;;;;;;;;;;;;;;;;;;
пылесос;Добрый вечер, есть возможность проката пылесоса строительного на завтра?;;;;;;;;;;;;;;;;;;;;;;;
пылесос;Добрый вечер!  На завтра у Вас есть пылесос строительный для аренды?;;;;;;;;;;;;;;;;;;;;;;;
детектор проводки;Добрый вечер!  На завтра у Вас есть детектор проводки, если у вас он в аренду ?;;;;;;;;;;;;;;;;;;;;;;;
не вопрос клиента;Здравствуйте для аренда;;;;;;;;;;;;;;;;;;;;;;;
не вопрос клиента;Здравствуйте;;;;;;;;;;;;;;;;;;;;;;;
лампа Лосева;Здравствуйте! Лампа Лосева есть в аренду? На месяц примерно;;;;;;;;;;;;;;;;;;;;;;;
паркетно-шлифовальная машина;Доброе утро. Аренда циклевочной машины по паркету сколько будет стоить?;;;;;;;;;;;;;;;;;;;;;;;
лобзик;Здравствуйте,у вас есть лобзик?;;;;;;;;;;;;;;;;;;;;;;;
пылесос;Добрый вечер, сколько стоит аренда строительного пылесоса?;;;;;;;;;;;;;;;;;;;;;;;
пушка электрическая;Добрый вечер. Сколько у вас стоит аренда тепловой, электрической пушки для Помещения 5м2?;;;;;;;;;;;;;;;;;;;;;;;
лобзик;Добрый вечер  Сколько будет стоить аренда электролобзика на 2 суток? Что нужно для аренды?;;;;;;;;;;;;;;;;;;;;;;;
перфоратор;Добрый вечер  Сколько будет стоить аренда перфоратора на 2 суток? Что нужно для аренды?;;;;;;;;;;;;;;;;;;;;;;;
перфоратор;Здравствуйте!  Есть перфоратор?  На 3 дня;;;;;;;;;;;;;;;;;;;;;;;
УШМ;Здравствуйте подскажите пожалуйста интересует большая болгарка с алмазным кругом по бетону;;;;;;;;;;;;;;;;;;;;;;;
бензорез;Здравствуйте подскажите у вас есть в аренду бетонорез?;;;;;;;;;;;;;;;;;;;;;;;
не вопрос клиента;День добрый.  Виброплиту выкупите? После одного объекта Champion PC9045F;;;;;;;;;;;;;;;;;;;;;;;
перфоратор;Здравствуйте! Сколько стоит аренда перфоратора?;;;;;;;;;;;;;;;;;;;;;;;
сварочный полуавтомат;Здравствуйте, а у вас есть сварочный аппарат полуавтомат ?;;;;;;;;;;;;;;;;;;;;;;;
паяльник для ПВХ труб;Добрый день. Паяльная машина для полпроптленовых труб завтра можно взять?;;;;;;;;;;;;;;;;;;;;;;;
не вопрос клиента;Здравствуйте;;;;;;;;;;;;;;;;;;;;;;;
реноватор;Здравствуйте, реноватор есть в наличии в аренду?;;;;;;;;;;;;;;;;;;;;;;;
лестница;Здравствуйте! Есть ли для аренды лестница- стремянка, буквой Л для работы под потолком в помещении высотой 4.35 метра? На одни сутки.;;;;;;;;;;;;;;;;;;;;;;;
плиткорез электрический;Здравствуйте . Аренда плиткореза для керамогранит а 120*60 есть у вас ? А так же для углов водный ? И есть в наличии ?;;;;;;;;;;;;;;;;;;;;;;;
лестница;Здравствуйте. Лестница метров 7-8 есть для аренды? Цена?;;;;;;;;;;;;;;;;;;;;;;;
гвоздезабивной пистолет по бетону;добрый день, есть аренда гвоздезабивной пистолет аккумуляторный по бетону?;;;;;;;;;;;;;;;;;;;;;;;
машина полировальная;какие у вас полировочные машинки;;;;;;;;;;;;;;;;;;;;;;;
машина полировальная;Здравствуйте, полировальная машинка сколько будет стоить на сутки?;;;;;;;;;;;;;;;;;;;;;;;
торцовочная пила;Добрый день! Интересует аренда торцовочной пилы, рубанка. Какая стоимость?;;;;;;;;;;;;;;;;;;;;;;;
степлер;Здравствуйте! Можно ли у вас арендовать пневмостеплер?;;;;;;;;;;;;;;;;;;;;;;;
компрессор;Здравствуйте! Можно ли у вас арендовать электрический компрессор?;;;;;;;;;;;;;;;;;;;;;;;
дрель-шуруповерт;Добрый вечер! Работаете? Срочно нужна дрель, в которую зайдет сверло по металу на 12;;;;;;;;;;;;;;;;;;;;;;;
краскопульт;Здравствуйте  Интересует аренда краскопульта  Нужно покрасить потолок с вентиляцией 200кв  Какие варианты есть?   Владимир  89531790859;;;;;;;;;;;;;;;;;;;;;;;
перфоратор;Здравствуйте есть перфоратор или ударная дрель ?;;;;;;;;;;;;;;;;;;;;;;;
дрель-шуруповерт;Здравствуйте, сколько стоит аренда дрели? На какой срок? Идут ли сверла в комплекте?;;;;;;;;;;;;;;;;;;;;;;;
реноватор;Добрый день! Подскажите, пожалуйста, у вас есть в наличии реноватор?;;;;;;;;;;;;;;;;;;;;;;;
перфоратор;Здравствуйте  Перфоратор есть возможность взять в аренду сегодня и завтра вернуть?;;;;;;;;;;;;;;;;;;;;;;;
нет такого инструмента;здравствуйте, сколько стоит арендовать электропилу на два дня?;;;;;;;;;;;;;;;;;;;;;;;
рейсмус;Добрый день. Интересует аренда рейсмуса. Какая рабочая ширина?;;;;;;;;;;;;;;;;;;;;;;;
пушка газовая;Здравствуйте. Газовую тепловую пушку завтра можно арендовать на пару суток?;;;;;;;;;;;;;;;;;;;;;;;
газовый баллон;Здравствуйте. Баллон газовый завтра можно арендовать на пару суток?;;;;;;;;;;;;;;;;;;;;;;;
тачка;Тачка нужна;;;;;;;;;;;;;;;;;;;;;;;
виброплита;нужна трамбовка;;;;;;;;;;;;;;;;;;;;;;;
пила цепная аккумуляторная;Здравствуйте, подскажите, есть ли в ассортименте вашего инструмента аккумуляторная цепная пила?;;;;;;;;;;;;;;;;;;;;;;;
нейлер пневматический;Здравствуйте! Сколько стоит аренда пневматического степлера?;;;;;;;;;;;;;;;;;;;;;;;
не вопрос клиента;Добрый  вечер;;;;;;;;;;;;;;;;;;;;;;;
не вопрос клиента;Здравствуйте, тепловые пушки есть в наличии?;;;;;;;;;;;;;;;;;;;;;;;
лестница;Здравствуйте, нужна высокая стремянка , метров 5;;;;;;;;;;;;;;;;;;;;;;;
заклепочник;Здравствуйте, есть ли у вас заклепочник под каленые заклепки 8мм ?;;;;;;;;;;;;;;;;;;;;;;;
пила ленточная;Добрый день! У Вас есть ленточная пила в аренду?;;;;;;;;;;;;;;;;;;;;;;;
виброплита;Добрый день ,сколько будет стоит вибро плита на сутки с доставкой?;;;;;;;;;;;;;;;;;;;;;;;
лобзик;Здравствуйте  нужен электролобзик на сутки, сегодня можно взять в аренду,;;;;;;;;;;;;;;;;;;;;;;;
не вопрос клиента;Добрый вечер;;;;;;;;;;;;;;;;;;;;;;;
сварочный аппарат;Нужен инвертор- сварочник.Чё-почём(?!) Привет.;;;;;;;;;;;;;;;;;;;;;;;
торцовочная пила;Можно арендовать торцовочную пилу? Стоимость аренды?;;;;;;;;;;;;;;;;;;;;;;;
лестница;Здравствуйте! Какая у Вас самая высокая стремянка?;;;;;;;;;;;;;;;;;;;;;;;
сварочный полуавтомат;Здравствуйте, сварочный полуавтомат нужен , дня на 4 , что по цене ?;;;;;;;;;;;;;;;;;;;;;;;
пила погружная;Здравствуйте! Подскажите, циркулярная пила(распилить столешницу кухонную) есть в наличии? И какая стоимость?;;;;;;;;;;;;;;;;;;;;;;;
виброплита;Добрый ночи, интересует виброплита, трамбовать 20-30см песок щебень, какой виброплита нужен?  аренда с доставкой ул Сортировочная-Московская;;;;;;;;;;;;;;;;;;;;;;;
прогрев бетона;Добрый ночи, интересует  оборудование для прогрева бетона,  аренда с доставкой ул Сортировочная-Московская;;;;;;;;;;;;;;;;;;;;;;;
лазерный уровень;Добрый ночи, интересует лазерный невилер, аренда с доставкой ул Сортировочная-Московская;;;;;;;;;;;;;;;;;;;;;;;
культиватор;Здравствуйте. Культиватор есть у вас в аренду?;;;;;;;;;;;;;;;;;;;;;;;
перфоратор;Здравствуйте. Сегодня работаете? Перфоратор есть?;;;;;;;;;;;;;;;;;;;;;;;
не вопрос клиента;Добрый вечер;;;;;;;;;;;;;;;;;;;;;;;
перфоратор;Здравствуйте! Подскажите пожалуйста, есть ли у вас перфоратор и сколько он стоит в сутки?;;;;;;;;;;;;;;;;;;;;;;;
вопрос по режиму работы;Вы сегодня работаете?;;;;;;;;;;;;;;;;;;;;;;;
торцовочная пила;Добрый день! Подскажите пожалуйста есть ли у вас в аернду торцовочная пила ?;;;;;;;;;;;;;;;;;;;;;;;
дрель-шуруповерт;добрый вечер! сегодня возможно арендовать дрель?;;;;;;;;;;;;;;;;;;;;;;;
реноватор;Добрый день. Необходимо арендовать реноватор. Подскажите по наличию. Еще подскажите, идет ли в комплекте оснастка?;;;;;;;;;;;;;;;;;;;;;;;
пылесос;Здравствуйте. Сколько стоит аренда строительного пылесоса?;;;;;;;;;;;;;;;;;;;;;;;
реноватор;Здравствуйте. У вас есть реноватор?;;;;;;;;;;;;;;;;;;;;;;;
лестница;Здравствуйте. Вы сегодня работаете? Если да, то у вас есть стремянка на 7 ступеней (1.48м площадка) в аренду? И сколько это по стоимости на сутки;;;;;;;;;;;;;;;;;;;;;;;
миксер;Здравствуйте! Можно на завтра забронировать строительный миксер ручной? Скорее всего на сутки, т.к. до 18-00 не успею вернуть.;;;;;;;;;;;;;;;;;;;;;;;
торцовочная пила;Добрый день мне нужна торцовка для того чтобы отпилить плинтус из полистирола ( ударопрочный);;;;;;;;;;;;;;;;;;;;;;;
не вопрос клиента;Здравствуйте;;;;;;;;;;;;;;;;;;;;;;;
сварочный полуавтомат;Здравствуйте! Подскажите, у вас сварочный полуавтомат в аренду на сутки можно взять?;;;;;;;;;;;;;;;;;;;;;;;
нет такого инструмента;Добрый день, подскажите пожалуйста есть ли у вас ударный ключ на 30мм;;;;;;;;;;;;;;;;;;;;;;;
пылесос;Здравствуйте!  Нужен в аренду строительный пылесос. Сколько за сутки? И сколько будет стоить взять на месяц?;;;;;;;;;;;;;;;;;;;;;;;
не вопрос клиента;Здравствуйте;;;;;;;;;;;;;;;;;;;;;;;
лобзик;Здравствуйте, нужен электрический лобзик на сегодня, сколько будет стоить на 1 сутки?;;;;;;;;;;;;;;;;;;;;;;;
пылесос;Здравствуйте, нужен мощный строительный пылесос. У нас есть обычные строительный пылесос с 1 турбиной, но он не справляется. Задача такая: по площади всей квартиры убрали плитку и остался мусор, мы сколько смогли прошли щетками, и нужно привести пол в порядок.;;;;;;;;;;;;;;;;;;;;;;;
шуруповерт;Здравствуйте, сколько стоит аренда шуруповерта самого простого на сегодня;;;;;;;;;;;;;;;;;;;;;;;
пила дисковая;Дд Подскажите пожалуйста стоимость аренды циркулярной ручной пилы И второе: торцовочной;;;;;;;;;;;;;;;;;;;;;;;
торцовочная пила;нужна торцовочная пила с протяжкой, с глубиной пропила не менее 90 см. Есть такое? стоимость аренды?;;;;;;;;;;;;;;;;;;;;;;;
перфоратор;Здравствуйте. Сколько стоит аренда перфоратора. Нужно сделать 8 отверстий в бетоне. Аренда на день;;;;;;;;;;;;;;;;;;;;;;;
реноватор;Здравствуйте. Ренноватор сдаете в аренду? Стоимость? Где можно забрать?;;;;;;;;;;;;;;;;;;;;;;;
не вопрос клиента;Добрый вечер!;;;;;;;;;;;;;;;;;;;;;;;
не вопрос клиента;Добрый день! С прайсом можно ознакомиться?;;;;;;;;;;;;;;;;;;;;;;;
перфоратор;Здравствуйте! Подскажите, пожалуйста, у вас есть ударная дрель с функцией перфоратора? И можно, пожалуйста, узнать условия аренды?;;;;;;;;;;;;;;;;;;;;;;;
гвоздезабивной пистолет по бетону;здравствуйте. сколько будет стоить аренда гвоздезабивной пистолет аккумуляторный;;;;;;;;;;;;;;;;;;;;;;;
не вопрос клиента;Добрый день.;;;;;;;;;;;;;;;;;;;;;;;
паркетно-шлифовальная машина;Здравствуйте. А циклевщик для Пола есть?;;;;;;;;;;;;;;;;;;;;;;;
бензопила;Добрый вечер  Интересует бензопила , 462 или выше Аренда на 4 дня , возможно больше;;;;;;;;;;;;;;;;;;;;;;;
пила дисковая;Здравствуйте, меня интересует, 1)пила паркетница, если да, то сколько будет стоить аренда на 2 суток;;;;;;;;;;;;;;;;;;;;;;;
лазерный уровень;Здравствуйте, меня интересует, 2)лазерный уровень, если да, то сколько будет стоить аренда на 2 суток;;;;;;;;;;;;;;;;;;;;;;;
степлер;Здравствуйте, меня интересует, 3)степлер электрический, если да, то сколько будет стоить аренда на 2 суток;;;;;;;;;;;;;;;;;;;;;;;
не вопрос клиента;Добрый вечер;;;;;;;;;;;;;;;;;;;;;;;
шлифовальная машина;Здравствуйте,сориентируйте по наличию шлифмашинки по дереву ,ее стоимости и возможности аренды на воскресенье;;;;;;;;;;;;;;;;;;;;;;;
дрель для алмазного бурения;Здравствуйте, имеется дрель с коронкой для подрозетника (68мм)?;;;;;;;;;;;;;;;;;;;;;;;
УШМ;Здравствуйте, подскажите, есть ли в наличии в аренду болгарка?;;;;;;;;;;;;;;;;;;;;;;;
паркетно-шлифовальная машина;Здравствуйте! Скажите пожалуйста, имеется в прокате Паркетошлифовальные машины? Если да, в какую стоимость прокат?;;;;;;;;;;;;;;;;;;;;;;;
паркетно-шлифовальная машина;Здравствуйте, у вас есть циклевочная машина? Сколько стоит аренда?;;;;;;;;;;;;;;;;;;;;;;;
сварочный полуавтомат;Здравствуйте, а сколько сварчный полуавтомат ампер минимум и цена;;;;;;;;;;;;;;;;;;;;;;;
лобзик;Добрый день! У вас в аренду аккумуляторный электро лобзик или аккумуляторная сабельная пила?;;;;;;;;;;;;;;;;;;;;;;;
гвоздезабивной пистолет по бетону;Здравствуйте. Гвоздезабивной пистолет можно взять в аренду? Какая цена и условия ?;;;;;;;;;;;;;;;;;;;;;;;
краскопульт;Здравствуйте, есть электрический пуливилизатор;;;;;;;;;;;;;;;;;;;;;;;
не вопрос клиента;здравствуйте, могу ли я придти к вам с инструментом маленьким, чтобы вы обрезали, я просто не умею инструментом пользоваться;;;;;;;;;;;;;;;;;;;;;;;
паяльник для ПВХ труб;Здравствуйте. Подскажите у вас есть инструмент для резки металлопластиковых труб?;;;;;;;;;;;;;;;;;;;;;;;
не вопрос клиента;Сообщение удалено;;;;;;;;;;;;;;;;;;;;;;;
триммер;Здравствуйте. Сколько будет стоить бензопила и триммер с ножом и леской? На день;;;;;;;;;;;;;;;;;;;;;;;
перфоратор;Здравствуйте, нужен мощный перфоратор, есть возможность взять у вас в аренду?;;;;;;;;;;;;;;;;;;;;;;;
степлер;Здравствуйте, сколько стоит аренда степлера;;;;;;;;;;;;;;;;;;;;;;;
шлифовальная машина;Здравствуйте, шлифовальная машина для дерева на акомулятлое есть?;;;;;;;;;;;;;;;;;;;;;;;
перфоратор;Здравствуйте! Хотела бы узнать возможно ли взять перфоратор (который подойдёт для кирпичной стены) на воскресенье и сколько это будет стоить?;;;;;;;;;;;;;;;;;;;;;;;
перфоратор;Здравствуйте. Нужен перфоратор или дрель с ударным механизмом. Повесить зеркало;;;;;;;;;;;;;;;;;;;;;;;
не вопрос клиента;Добрый день;;;;;;;;;;;;;;;;;;;;;;;
плиткорез ручной;Здравствуйте. Подскажите, интересует плиткорез. Что у вас есть из наличия и какая будет стоимость аренды ?;;;;;;;;;;;;;;;;;;;;;;;
заклепочник;Добрый день! подскажите есть ли в аренду резьбовой заклепочник?;;;;;;;;;;;;;;;;;;;;;;;
УШМ;Здравствуйте! Нужен болгарка на день, сколько выйдет?;;;;;;;;;;;;;;;;;;;;;;;
сварочный аппарат;Здравствуйте! Нужен сварочник на день, сколько выйдет?;;;;;;;;;;;;;;;;;;;;;;;
нет такого инструмента;Электропилу в аренду сколько будет;;;;;;;;;;;;;;;;;;;;;;;
не вопрос клиента;Здравствуйте!;;;;;;;;;;;;;;;;;;;;;;;
пылесос;Добрый день ! Сколько стоит аренда строительного пылесоса ?;;;;;;;;;;;;;;;;;;;;;;;
бензобур;Здравствуйте. Требуется бур шнек 300 с доставкой. Оплата по р/с  с НДС;;;;;;;;;;;;;;;;;;;;;;;
перфоратор;Здравствуйте. Можно ли будет у вас завтра взять перфоратор в аренду? И сколько стоит на сутки;;;;;;;;;;;;;;;;;;;;;;;
пылесос;Здравствуйте, хотел бы завтра взять пылесос на день. Пропылесосить стяжку перед заливкой ровнителя. Не нашел объявления, сколько будет стоить ?;;;;;;;;;;;;;;;;;;;;;;;
газонокосилка;Здравствуйте. Подскажите , у вас можно арендовать газонокосилку и какая цена за сутки ?;;;;;;;;;;;;;;;;;;;;;;;
генератор;Здравствуйте, есть генератор от 5 кВт ? Завтра на день;;;;;;;;;;;;;;;;;;;;;;;
лестница;Добрый день) нам нужна стремянка в среду к 10.00, на 1 день Подскажите , есть ли у Вас доставка и какой высоты есть?  Потолки в помещении 3.5м, необходим доступ до потолка;;;;;;;;;;;;;;;;;;;;;;;
перфоратор;Здраствуйте,перфоратор в аренду у вас есть?цена аренды?;;;;;;;;;;;;;;;;;;;;;;;
пылесос;Здравствуйте, у вас есть пылесос для болгарки ?;;;;;;;;;;;;;;;;;;;;;;;
лестница;Добрый день. Подскажите, у вас будет стремянка высокая для работы с потолком 4м-4.3м?;;;;;;;;;;;;;;;;;;;;;;;
паркетно-шлифовальная машина;Добрый день, в какую стоимость будет аренда циклевочной машины по паркету ?;;;;;;;;;;;;;;;;;;;;;;;
торцовочная пила;Здравствуйте  Нужна торцовка на 2-3 дня Какая стоимость?;;;;;;;;;;;;;;;;;;;;;;;
торцовочная пила;Добрый день! Ищем для работ небольшую торцовочную пилу. Подскажите, пожалуйста у Вас найдется такой инвентарь?;;;;;;;;;;;;;;;;;;;;;;;
лестница;Добрый день! Ищем для работ стремянку до 100 сантиметров (можно +-20 сантиметров -- не критично). Подскажите, пожалуйста у Вас найдется такой инвентарь?;;;;;;;;;;;;;;;;;;;;;;;
лобзик;Добрый день, хочу взять в аренду аккумуляторный электролобзик в воскресенье с утра;;;;;;;;;;;;;;;;;;;;;;;
лестница;Добрый день! Просьба уточнить возможно и стоимость. Нужны две лестницы-стремянки. Трансформер и трехсекционная. На 3-5 дней, с сегодняшнего дня или завтра. С возможностью доставки: проспект Энгельса, дом 27. Оплата: желательно безнал, возможно?;;;;;;;;;;;;;;;;;;;;;;;
не вопрос клиента;Здравствуйте;;;;;;;;;;;;;;;;;;;;;;;
дрель-шуруповерт;Здравствуйте,в какую цену будет прокат дрели на сутки? Я могу сейчас без проблем подъехать;;;;;;;;;;;;;;;;;;;;;;;
бензобур;Добрый вечер! Подскажите, пожалуйста, есть ли у вас бензобур?;;;;;;;;;;;;;;;;;;;;;;;
триммер;Добрый вечер! Подскажите, пожалуйста, есть ли у вас триммер бензиновый (мотокоса)?;;;;;;;;;;;;;;;;;;;;;;;
сварочный полуавтомат;Сколько стоит аренда сварочного полуавтомата ?;;;;;;;;;;;;;;;;;;;;;;;
вопрос по режиму работы;Подскажи вы с 09:00 или с 10:00 в выходные ? На авито написано с 09:00 на картах с 10:00;;;;;;;;;;;;;;;;;;;;;;;
паркетно-шлифовальная машина;Доброй ночи, в какую стоимость аренда циклевальной машины для паркета дубового ?;;;;;;;;;;;;;;;;;;;;;;;
пылесос;Здравствуйте, подскажите пожалуйста, есть ли пылесос который подойдет для уборки полов после ремонта (надо избавиться от белой пыли);;;;;;;;;;;;;;;;;;;;;;;
не вопрос клиента;Здравствуйте;;;;;;;;;;;;;;;;;;;;;;;
нет такого инструмента;Здравствуйте, электробур по чем можно арендовать?;;;;;;;;;;;;;;;;;;;;;;;
сварочный полуавтомат;Здравствуйте! Интересует сварочный полуавтомат в аренду, на 2дня;;;;;;;;;;;;;;;;;;;;;;;
не вопрос клиента;Здравствуйте;;;;;;;;;;;;;;;;;;;;;;;
фен;Здравствуйте!  Нужно снять старую краску с деревянных дверей.   Я так понимаю, нужна аренда строительного фена? Если неправильно понимаю, подскажите, пожалуйста.  И сразу с ценами с доставкой от/до Загородного проспекта, 24, Спб  Спасибо!;;;;;;;;;;;;;;;;;;;;;;;
УШМ;Здравствуйте!  Нужно снять старую краску с деревянных дверей.   Я так понимаю, нужна аренда болгарки? Если неправильно понимаю, подскажите, пожалуйста.  И сразу с ценами с доставкой от/до Загородного проспекта, 24, Спб  Спасибо!;;;;;;;;;;;;;;;;;;;;;;;
краскопульт;Здравствуйте! Краскопульт на завтра есть? Какой и стоимость аренды?;;;;;;;;;;;;;;;;;;;;;;;
торцовочная пила;Здравствуйте, какова стоимость аренды торцовочной пилы ?;;;;;;;;;;;;;;;;;;;;;;;
лестница;здравствуйте, есть ли у вас лестница трансформер в аренду, что бы в разложенном виде не меньше 3 метров в длинну была? и сколько будет стоить на 3 часа?;;;;;;;;;;;;;;;;;;;;;;;
лобзик;Здравствуйте  Нужен лобзик для выреза столешницы в аренду на 1 день;;;;;;;;;;;;;;;;;;;;;;;
торцовочная пила;Здравствуйте. У вас есть торцовочная пила?;;;;;;;;;;;;;;;;;;;;;;;
перфоратор;Здравствуйте, а перфоратор сколько будет стоить?;;;;;;;;;;;;;;;;;;;;;;;
пылесос;Здравствуйте,можно ли заехать через минут 20 взять в аренду строительный пылесос?;;;;;;;;;;;;;;;;;;;;;;;
шуруповерт;Добрый день, подскажите, пожалуйста, стоимость аренды шуруповерта?;;;;;;;;;;;;;;;;;;;;;;;
штроборез;Добрый день! Штроборезы есть?;;;;;;;;;;;;;;;;;;;;;;;
лестница;Добрый день !   Интересует аренда лестницы на сутки высотой 9-11 метров  И по какому графику работаете ?;;;;;;;;;;;;;;;;;;;;;;;
не вопрос клиента;Добрый вечер;;;;;;;;;;;;;;;;;;;;;;;
перфоратор;Здравствуйте, у вас есть перфоратор в аренду? Сколько стоит?;;;;;;;;;;;;;;;;;;;;;;;
не вопрос клиента;Здравствуйте!;;;;;;;;;;;;;;;;;;;;;;;
рейсмус;Здравствуйте я по поводу рейсмус а утром могу получить;;;;;;;;;;;;;;;;;;;;;;;
торцовочная пила;Здравствуйте.У вас есть в аренду торцовка по металлу?;;;;;;;;;;;;;;;;;;;;;;;
нет такого инструмента;Здравствуйте есть набор гаечных ключей в аренду?;;;;;;;;;;;;;;;;;;;;;;;
дрель-шуруповерт;Здравствуйте! Скажите пожалуйста сколько стои аренда дрели?;;;;;;;;;;;;;;;;;;;;;;;
штроборез;Доброго дня! Интересует аренда штробореза;;;;;;;;;;;;;;;;;;;;;;;
пылесос;Доброго дня! Интересует аренда строительного пылесоса;;;;;;;;;;;;;;;;;;;;;;;
не вопрос клиента;Добрый день;;;;;;;;;;;;;;;;;;;;;;;
гвоздезабивной пистолет по бетону;Добрый день есть аренда монтажного пистолета?;;;;;;;;;;;;;;;;;;;;;;;
лобзик;Добрый день! Подскажите стоимость аренды лобзика электрического?;;;;;;;;;;;;;;;;;;;;;;;
реноватор;Здравствуйте  Можно сегодня взять в аренду реноватор?;;;;;;;;;;;;;;;;;;;;;;;
лазерный уровень;Здравствуйте, есть ли в вас в аренду лазерный уровень?;;;;;;;;;;;;;;;;;;;;;;;
виброплита;Здравствуйте, у вас есть на завтра аренда трамбоки 160-200кг?;;;;;;;;;;;;;;;;;;;;;;;
лестница;Здравствуйте. У вас есть лестница от 5м?;;;;;;;;;;;;;;;;;;;;;;;
шуруповерт;Здравствуйте, хотел бы взять в аренду у вас 2-3 шуроповерта мощных  Нужно вкручивать саморезы через листвиницу в металл  На суббота воскресенье;;;;;;;;;;;;;;;;;;;;;;;
станок распиловочный;Добрый вечер! Скажите пожалуйста распиловочный станок у вас можно в аренду взять, завтра или послезавтра;;;;;;;;;;;;;;;;;;;;;;;
фен аккумуляторный;Здравствуйт! Есть фен аккумулятор?;;;;;;;;;;;;;;;;;;;;;;;
бур для перфоратора;Добрый день, есть бур по бетону 50мм?;;;;;;;;;;;;;;;;;;;;;;;
перфоратор;Добрый день ! Перфоратор возможно сегодня у вас взять  ?;;;;;;;;;;;;;;;;;;;;;;;
фрезер;Здравствуйте, подскажите сколько стоит аренда фрезера ? На 2 дня;;;;;;;;;;;;;;;;;;;;;;;
сварочный полуавтомат;По чем полуавтомат;;;;;;;;;;;;;;;;;;;;;;;
не вопрос клиента;Здравствуйте;;;;;;;;;;;;;;;;;;;;;;;
жираф;Здравствуйте! У вас есть шлифмашика для штукатурки? Сколько будет стоить аренда?;;;;;;;;;;;;;;;;;;;;;;;
не вопрос клиента;Здравствуйте;;;;;;;;;;;;;;;;;;;;;;;
лобзик;здравствуйте, а у вас есть лобзик?;;;;;;;;;;;;;;;;;;;;;;;
генератор;Добрый день, Есть ли электрогенератор 3 фазы , 5-6 кВт? Если есть , сколько стоит аренда сутки?;;;;;;;;;;;;;;;;;;;;;;;
дрель-шуруповерт;здравствуйте  у вас есть дрель со сверлом именно для кафеля?;;;;;;;;;;;;;;;;;;;;;;;
перфоратор;Добрый день! Мне нужен в аренду примерно дня на 4-5 перфоратор с силой удара от 4 до 8Дж + к этому перфоратору  насадка для сверления под розетку ( круглой формы, по моему её называют короной, но могу ошибаться) + насадка для штробления стены( бетон) под проводку.  Есть ли в наличии и стоимость прибора и доставки в черте СПб?;;;;;;;;;;;;;;;;;;;;;;;
не вопрос клиента;Здравствуйте;;;;;;;;;;;;;;;;;;;;;;;
нет такого инструмента;Здравствуйте, есть в аренду подметальные машины?;;;;;;;;;;;;;;;;;;;;;;;
пылесос;Здравствуйте) сколько стоит аренда строительного пылесоса?;;;;;;;;;;;;;;;;;;;;;;;
не вопрос клиента;Здравствуйте. Где можно посмотреть прайс на инструменты?;;;;;;;;;;;;;;;;;;;;;;;
лестница;Здравствуйте ,  стремянку за сколько можно аредовать ?;;;;;;;;;;;;;;;;;;;;;;;
перфоратор;Добрый день, скажите, пожалуйста, сегодня можно будет перфоратор в аренду взять?;;;;;;;;;;;;;;;;;;;;;;;
пушка тепловая;Здравствуйте. Подскажите пожалуйста, есть ли в наличии тепловая пушка? И какие условия?;;;;;;;;;;;;;;;;;;;;;;;
машина полировальная;Добрый день есть ли у вас полировальная машинка;;;;;;;;;;;;;;;;;;;;;;;
сварочный полуавтомат;Здравствуйте, сколько стоит аренда простого полуавтомата ?;;;;;;;;;;;;;;;;;;;;;;;
торцовочная пила;Доброе утро! Нужна торцовочная пила.;;;;;;;;;;;;;;;;;;;;;;;
торцовочная пила;Здравствуйте у вас тарсовка есть на 45° градусов;;;;;;;;;;;;;;;;;;;;;;;
вопрос по режиму работы;Добрый день завтра можно будет инструмент арендовать?;;;;;;;;;;;;;;;;;;;;;;;
лобзик;Здравствуйте, сколько стоит в аренду лобзик и какие условия?;;;;;;;;;;;;;;;;;;;;;;;
шуруповерт;Добрый день, подскажите пожалуйста, есть ли у вас шуруповёрт в прокате и сколько будет стоить его аренда на день?;;;;;;;;;;;;;;;;;;;;;;;
нет такого инструмента;Добрый день, подскажите пожалуйста, есть у Вас пила по газобетону?;;;;;;;;;;;;;;;;;;;;;;;
шуруповерт;здравствуйте, у вас есть в аренду дрель, шуруповерт и крестообразная ответрка?;;;;;;;;;;;;;;;;;;;;;;;
лобзик;Добрый вечер! Подскажите, у вас есть электро-лобзик?;;;;;;;;;;;;;;;;;;;;;;;
торцовочная пила;Добрый вечер. Подскажите пожалуйста по аренде торцовочный пилы? Есть в наличии в. Какую стоимость?;;;;;;;;;;;;;;;;;;;;;;;
пила дисковая;Добрый вечер. Интересует в аренду паркетка.;;;;;;;;;;;;;;;;;;;;;;;
УШМ;Здравствуйте, мне нужна болгарка с алмазным диском на воскресенье. У вас есть?;;;;;;;;;;;;;;;;;;;;;;;
степлер;Добрый вечер. Есть шпилькозабиватель ?Задача пробить мдф необработанный к стене и чтобы в шпаклевку на 2-3 мм зашло. Задача панели из мдф к стене прибить можно это сделать ?;;;;;;;;;;;;;;;;;;;;;;;
нет такого инструмента;здравствуйте. У вас есть дорожная рейка длиной 3 метра?;;;;;;;;;;;;;;;;;;;;;;;
гвоздезабивной пистолет по дереву;Здравствуйте. Есть гвоздизабивной пистолет под гвозди 100мм-130мм?;;;;;;;;;;;;;;;;;;;;;;;
виброплита;Доброй ночи ! Трамбовка на завтра есть свободная ?;;;;;;;;;;;;;;;;;;;;;;;
газовый баллон;Здравствуйте, а сколько будет стоить взять в аренду балон?;;;;;;;;;;;;;;;;;;;;;;;
пушка газовая;Здравствуйте, а сколько будет стоить взять в аренду газовую пушку?;;;;;;;;;;;;;;;;;;;;;;;
УШМ;Добрый день. Сколько стоит аренда болгарки на сутки или вечер?;;;;;;;;;;;;;;;;;;;;;;;
сварочный полуавтомат;Здравствуйте, сколько стоит арендовать сварочный полуавтомат на сутки?;;;;;;;;;;;;;;;;;;;;;;;
не вопрос клиента;Здравствуйте;;;;;;;;;;;;;;;;;;;;;;;
пылесос;Здравствуйте. Стоимость аренды строительного пылесоса на выходные?;;;;;;;;;;;;;;;;;;;;;;;
УШМ аккумуляторная;Здравствуйте ,нужна аккумуляторная болгарка  Утром в субботу;;;;;;;;;;;;;;;;;;;;;;;
не вопрос клиента;Здравствуйте, Коллеги;;;;;;;;;;;;;;;;;;;;;;;
краскопульт;Здравствуйте. Сколько стоит аренда краскопульта?;;;;;;;;;;;;;;;;;;;;;;;
не вопрос клиента;Добрый вечер;;;;;;;;;;;;;;;;;;;;;;;
вопрос по режиму работы;Здравствуйте, на каких условиях даёте в аренду инструменты?;;;;;;;;;;;;;;;;;;;;;;;
гвоздезабивной пистолет по бетону;Здравствуйте, ищу монтажный пистолет по бетону.  Есть ли свободный на среду?  Покажите фотки какой у Вас 🙏;;;;;;;;;;;;;;;;;;;;;;;
лазерный уровень;Здравствуйте интересует лазерный уровень, есть в наличии?;;;;;;;;;;;;;;;;;;;;;;;
перфоратор;Добрый вечер, сколько будет стоить перфоратор на прокат Нужно сломать стену;;;;;;;;;;;;;;;;;;;;;;;
сварочный аппарат;Здравствуйте. Сколько будет стоить аренда сварочного инвертора? Мне нужно 4 распред. коробки сварить.;;;;;;;;;;;;;;;;;;;;;;;
пушка тепловая;Добрый день ! Есть тепловая пушка ?;;;;;;;;;;;;;;;;;;;;;;;
не вопрос клиента;Здравствуйте;;;;;;;;;;;;;;;;;;;;;;;
миксер;Здравствуйте, сколько будет стоить аренда строительного миксера;;;;;;;;;;;;;;;;;;;;;;;
заклепочник;Добрый вечер,клепальники электрические есть у вас в аренду?;;;;;;;;;;;;;;;;;;;;;;;
рейсмус;Добры день, аренда рейсмуса в какую цену?;;;;;;;;;;;;;;;;;;;;;;;
генератор;Здравствуйте,  интересует аренда генератора;;;;;;;;;;;;;;;;;;;;;;;
шуруповерт;Добрый вечер, можно ли арендовать шуруповерт ?;;;;;;;;;;;;;;;;;;;;;;;
лестница;Здравствуйте Можно завтра арендовать лестницу на день?;;;;;;;;;;;;;;;;;;;;;;;
миксер;Добрый день. Строительный миксер имеется в наличии?;;;;;;;;;;;;;;;;;;;;;;;
пылесос;Здравствуйте, хочу арендовать шлифмашинку для бетона (потолок) желательно с пылесосом чтобы она была на день (воскресенье, 31 августа). Есть ли у Вас такая и сколько она будет стоить?;;;;;;;;;;;;;;;;;;;;;;;
дрель-шуруповерт;Здравствуйте, сколько стоит аренда дрели?;;;;;;;;;;;;;;;;;;;;;;;
краскопульт;Здравствуйте! Мне нужен краскопульт для окраски фасада дома в аренду , есть у вас?;;;;;;;;;;;;;;;;;;;;;;;
краскопульт;Здравствуйте. Подскажите, пожалуйста, стоимость аренды краскопульта в сутки и свободен ли 25-26 числа (завтра-послезавтра)?;;;;;;;;;;;;;;;;;;;;;;;
заклепочник;Здравствуйте есть заклепочник для вытяжных заклепок? Механический;;;;;;;;;;;;;;;;;;;;;;;
дрель-шуруповерт;Добрый день! Мне нужна дрель, какая цена аренды на сутки?;;;;;;;;;;;;;;;;;;;;;;;
перфоратор аккумуляторный;Здравствуйте , есть перфератор аккумуляторный на завтра ?;;;;;;;;;;;;;;;;;;;;;;;
осушитель воздуха;Здравствуйте. Можно зарезервировать на завтра до 12ч осушитель?;;;;;;;;;;;;;;;;;;;;;;;
торцовочная пила;Здравствуйте, торцевую пилу в какую стоимость можно взять в аренду на день?;;;;;;;;;;;;;;;;;;;;;;;
триммер;Здравствуйте! Мне нужен триммер на завтра на день;;;;;;;;;;;;;;;;;;;;;;;
УШМ;Здравствуйте. Сколько стоит аренда болгарки с алмазной чашкой? Мне нужно снять краску со стены;;;;;;;;;;;;;;;;;;;;;;;
рейсмус;Здравствуйте! Нашу организацию (я представляю сейчас ИП) - интересует взять в аренду Станок рейсмусовый деревообрабатывающий с шириной обработки не менее 250 мм Какие условия аренды: 1. Кто может выступать арендатором? 2. Наличие/объем залога? 3. Стоимость аренды (сроки/цена)? 4. Возможность доставки арендодателем (находимся Канонерка)? Благодарю!;;;;;;;;;;;;;;;;;;;;;;;
не вопрос клиента;Сообщение удалено;;;;;;;;;;;;;;;;;;;;;;;
реноватор;Добрый день можно на завтра забронировать рановатор;;;;;;;;;;;;;;;;;;;;;;;
перфоратор;Добрый день!  можно будет в аренду перфоратор взять? и сколько будет стоить?;;;;;;;;;;;;;;;;;;;;;;;
степлер;Добрый день. Интересует степлер электрический, гвозди от 40 мм. Есть такое?;;;;;;;;;;;;;;;;;;;;;;;
рейсмус;Добрые день, скажите пожалуйста, сколько стоит аренда рейсмусового станка?;;;;;;;;;;;;;;;;;;;;;;;
реноватор;Добрый день! Необходима аренда реноватора на сутки. Подскажите стоимость с самовывозом на Парнасе?;;;;;;;;;;;;;;;;;;;;;;;
перфоратор;Здравствуйте! Подскажите, сколько будет стоить аренда перфоратора на день? Интересует на завтра 19.08;;;;;;;;;;;;;;;;;;;;;;;
мотопомпа;Добрый день. Есть ли у Вас мотопомпа в аренду? Сколько стоит в сутки?;;;;;;;;;;;;;;;;;;;;;;;
перфоратор;Здравствуйте,нужен перфоратор;;;;;;;;;;;;;;;;;;;;;;;
УШМ;Здравствуйте, сколько стоит арендовать болгарку на пол для?;;;;;;;;;;;;;;;;;;;;;;;
паркетно-шлифовальная машина;Здраствуйте есть ли в аренду циклевочная машина? Оплата по безналу.;;;;;;;;;;;;;;;;;;;;;;;
вопрос по режиму работы;Доброе утро! Когда можно будет подъехать к вам?;;;;;;;;;;;;;;;;;;;;;;;
не вопрос клиента;Добрый день;;;;;;;;;;;;;;;;;;;;;;;
пылесос;Здравствуйте! Подскажите, пожалуйста, есть в аренду строительный пылесос? Какая стоимость?;;;;;;;;;;;;;;;;;;;;;;;
реноватор;День добрый, реноватор в аренде есть у вас?;;;;;;;;;;;;;;;;;;;;;;;
триммер;Здравствуйте. Триммер бензиновый или хорошей мощности электрический имеется в аренду?;;;;;;;;;;;;;;;;;;;;;;;
нет такого инструмента;Доброе утро. У вас есть резьбонарезной ручной станок?;;;;;;;;;;;;;;;;;;;;;;;
паркетно-шлифовальная машина;Добрый день!  Подскажите, пожалуйста, есть ли у вас циклевочная машина?  Сколько будет стоить аренда на день и какой вид/модель циклевочной машины?;;;;;;;;;;;;;;;;;;;;;;;
пылесос;Добрый день!  Подскажите, пожалуйста, есть ли у вас циклевочная машина и пылесос к ней?  Сколько будет стоить аренда на день и какой вид/модель циклевочной машины?;;;;;;;;;;;;;;;;;;;;;;;
не вопрос клиента;Здравствуйте!;;;;;;;;;;;;;;;;;;;;;;;
торцовочная пила;Добрый вечер. У вас есть торцевая пила?;;;;;;;;;;;;;;;;;;;;;;;
резчик швов;Добрый день! Есть ли у вас доставка и вывоз? И какая стоимость будет за аренду нарезчика швов на 2 дня. (Режем асфальт);;;;;;;;;;;;;;;;;;;;;;;
пила погружная;Здравствуйте, у вас есть погружная пила с шиной аккумуляторная?;;;;;;;;;;;;;;;;;;;;;;;
пылесос;Здравствуйте, нужен строительный пылесос и шлифовальная машина по бетону, для потолка, есть ли а вас в наличии? что для этого нужно?;;;;;;;;;;;;;;;;;;;;;;;
резчик швов;Здравствуйте.  Нужно пропилить дорожную плиту.  Что посоветуете?  Глубина Реза нужна от 20 см.;;;;;;;;;;;;;;;;;;;;;;;
дрель магнитная;Здравствуйте! Предлагается ли в аренду. Магнитный сверлильный станок;;;;;;;;;;;;;;;;;;;;;;;
не вопрос клиента;Здравствуйте;;;;;;;;;;;;;;;;;;;;;;;
нет такого инструмента;Здравствуйте, есть зажим для фальцевой кровли?;;;;;;;;;;;;;;;;;;;;;;;
не вопрос клиента;Добрый день;;;;;;;;;;;;;;;;;;;;;;;
шлифовальная машина;Добрый день, у Вас есть шлиф машинка в аренду?;;;;;;;;;;;;;;;;;;;;;;;
шуруповерт;Здравствуйте.  Шуруповерт на сутки сколько стоит и какие условия?;;;;;;;;;;;;;;;;;;;;;;;
не вопрос клиента;Здравствуйте;;;;;;;;;;;;;;;;;;;;;;;
паркетно-шлифовальная машина;Здравствуйте, нужна в аренду циклевочная машинка для паркета;;;;;;;;;;;;;;;;;;;;;;;
сварочный полуавтомат;Добрый день. Подскажите сколько стоит аренда сварочного полуавтомата на сутки?;;;;;;;;;;;;;;;;;;;;;;;
пресс для труб РЕ-Х;Здравствуйте! Аксиальный прес под рехау есть ?;;;;;;;;;;;;;;;;;;;;;;;
паяльник для ПВХ труб;Добрый вечер. У вас есть сварочный аппарат ппр с насадками 125-100 ?. То есть для больших диаметром ппр;;;;;;;;;;;;;;;;;;;;;;;
дрель для алмазного бурения;Добрый день! Есть дрель для алмазного бурения?;;;;;;;;;;;;;;;;;;;;;;;
машина полировальная;Здравствуйте, аренда полировальной машинки сколько стоит?;;;;;;;;;;;;;;;;;;;;;;;
генератор;Здравствуйте. Какие варианты бензогенератора у вас есть и по какой цене?;;;;;;;;;;;;;;;;;;;;;;;
машина полировальная;Доброй ночи, извините за позднее сообщение, хотел бы узнать стоимость аренды полировальной машинки для автомобиля;;;;;;;;;;;;;;;;;;;;;;;
перфоратор;Здравствуйте, сколько будет стоить перфоратор на 1-2 часа;;;;;;;;;;;;;;;;;;;;;;;
пушка тепловая;Здравствуйте. Уточните, пожалуйста, есть ли у вас в аренду обогреватели?;;;;;;;;;;;;;;;;;;;;;;;
газонокосилка;Добрый день! А сколько стоит аренда газонокосилки?;;;;;;;;;;;;;;;;;;;;;;;
пылесос;Здравствуйте, у вас есть пылесосы для чистки мебели?;;;;;;;;;;;;;;;;;;;;;;;
не вопрос клиента;Здравствуйте;;;;;;;;;;;;;;;;;;;;;;;
удлинитель электричексий;Добрый день! У вас есть удлинитель 220в -,40/50 метров сегодня на сутки?;;;;;;;;;;;;;;;;;;;;;;;
газонокосилка;Аренда газонокосилки ск стоит у вас?;;;;;;;;;;;;;;;;;;;;;;;
фрезер;Здравствуйте, подскажите, можно ли взять фрезер в аренду и сколько будет стоить;;;;;;;;;;;;;;;;;;;;;;;
пылесос;Добрый день,  можно взять в аренду строительный пылесос? На сутки с 2 по 3 августа;;;;;;;;;;;;;;;;;;;;;;;
плиткорез ручной;Добрый день,  можно взять в аренду плиткорез? На сутки с 2 по 3 августа;;;;;;;;;;;;;;;;;;;;;;;
УШМ;Здравствуйте! У вас есть на сутки или двое болгарка увеличенного диаметра? 200 например  СПб;;;;;;;;;;;;;;;;;;;;;;;
генератор;Добрый вечер Требуется арендовать генератор мощность 5кВт На 22.08 С 15:00 до 23:00 Подскажите пожалуйста сколько это может стоить ? Также имеется ли возможность осуществить трансфер и при необходимости завести генератор?;;;;;;;;;;;;;;;;;;;;;;;
перфоратор;Здравствуйте, сколько стоит аренда перфоратора;;;;;;;;;;;;;;;;;;;;;;;
пылесос;Здравствуйте. Интересует аренда строительного пылесоса на 1 день. Нужен в понедельник 22.07.2025 . Сколько будет стоить и когда можно забрать?;;;;;;;;;;;;;;;;;;;;;;;
триммер аккумуляторный;Добрый день! У Вас есть в прокат аккумуляторный триммер ?;;;;;;;;;;;;;;;;;;;;;;;
пылесос;Здравствуйте сколько стоит аренда строительного пылесоса;;;;;;;;;;;;;;;;;;;;;;;
сварочный аппарат;здравствуйте, мне приварить две железки, что мне для этого посоветуете взять в аренду?;;;;;;;;;;;;;;;;;;;;;;;
перфоратор;добрый день! а можно у вас сегодня будет взять перфоратор в аренду?;;;;;;;;;;;;;;;;;;;;;;;
перфоратор;Добрый день,подскажите пожалуйста сколько будет стоить арендовать перфоратор и сверло на 8 и 12 при возможности?;;;;;;;;;;;;;;;;;;;;;;;
нет такого инструмента;Добрый день! Сколько будет стоить аренда электропилы на 2 дня ? И куда надо подъехать? Часы работы;;;;;;;;;;;;;;;;;;;;;;;
торцовочная пила;Здравствуйте! Нужна торцовочная пила с диском, чтобы аккуратно резать углы плинтуса МДФ , какие условия и стоимость аренды ?😊;;;;;;;;;;;;;;;;;;;;;;;
перфоратор;Здравствуйте, есть ли у вас в наличии следующие инструменты?  перфоратор ножницы по металлу  Нужно взять в аренду завтра в середине дня на двое суток. И сориентируйте пожалуйста по стоимости.;;;;;;;;;;;;;;;;;;;;;;;
УШМ;Здравствуйте, есть ли у вас в наличии следующие инструменты?  болгарка с диском по металлу  Нужно взять в аренду завтра в середине дня на двое суток. И сориентируйте пожалуйста по стоимости.;;;;;;;;;;;;;;;;;;;;;;;
шуруповерт;Здравствуйте, есть ли у вас в наличии следующие инструменты?  шуруповерт  Нужно взять в аренду завтра в середине дня на двое суток. И сориентируйте пожалуйста по стоимости.;;;;;;;;;;;;;;;;;;;;;;;
отбойный молоток;Здравствуйте бетонолом есть у вас сколько джоулей и какая модель?;;;;;;;;;;;;;;;;;;;;;;;
паяльник для ПВХ труб;Здравствуйте, ищу сварочный аппарат для полипропиленовых труб диаметром 90мм.у вас такой есть?;;;;;;;;;;;;;;;;;;;;;;;
пылесос;Здравствуйте, подскажите сколько у вас стоит аренда пылесоса кёрхер, например вд 3?;;;;;;;;;;;;;;;;;;;;;;;
вопрос по режиму работы;Добрый день, по поводу аренды сколько стоит инструменты?;;;;;;;;;;;;;;;;;;;;;;;
не вопрос клиента;Сообщение удалено;;;;;;;;;;;;;;;;;;;;;;;
фен;Добрый день! Сколько будет стоить аренда строительного фена на день?;;;;;;;;;;;;;;;;;;;;;;;
УШМ;Ушм 230 сколько в день?;;;;;;;;;;;;;;;;;;;;;;;
машина полировальная;Здравствуйте, возможно завтра взять в аренду полировочную машинку?;;;;;;;;;;;;;;;;;;;;;;;
не вопрос клиента;Сообщение удалено;;;;;;;;;;;;;;;;;;;;;;;
фрезер;Добрый вечер, подскажите, будет ли фрезер с фрезой для врезки замков на завтра в аренду взять?;;;;;;;;;;;;;;;;;;;;;;;
генератор;Здравствуйте. Нужен генератор в аренду на эти выходные для питания походного холодильника. Есть небольшой свободный в наличии?;;;;;;;;;;;;;;;;;;;;;;;
лобзик;Здравствуйте, можно взять в аренду электролобзик на двое суток?;;;;;;;;;;;;;;;;;;;;;;;
перфоратор;Добрый день Сколько будет стоить аренда перфоратора на сутки;;;;;;;;;;;;;;;;;;;;;;;
лобзик;Здравствуйте, есть лобзик в наличии и сверло по дереву к нему?;;;;;;;;;;;;;;;;;;;;;;;
торцовочная пила;Добрый вечер! Подскажите пожалуйста, могу ли я взять у Вас в аренду торцовочную пилу завтра утром на сутки?;;;;;;;;;;;;;;;;;;;;;;;
шлифовальная машина;Здраствуйте, есть ли к вас шлифмашинки на аккумуляторе ?;;;;;;;;;;;;;;;;;;;;;;;
бур для перфоратора;Здравствуйте. У Вас есть бур для установки кондиционера?;;;;;;;;;;;;;;;;;;;;;;;
нет такого инструмента;Здравствуйте есть аппарат для снятия кровли ?;;;;;;;;;;;;;;;;;;;;;;;
перфоратор;Доброго вечера, подскажите стоимость  аренды перфоратора ?;;;;;;;;;;;;;;;;;;;;;;;
лестница;добрый день нужна в аренду лестница трехсекционная, думаю ступеней на 7 хватит. нужно на одну ночь, работать в тц гранд каньон, ремонт кондиционера;;;;;;;;;;;;;;;;;;;;;;;
заклепочник;Здравствуйте, есть в наличии электро заклепочник?;;;;;;;;;;;;;;;;;;;;;;;
виброплита;Здравствуйте!   Интересует аренда трамбовки 250-300кг есть ли у вас такая?;;;;;;;;;;;;;;;;;;;;;;;
пылесос;Добрый день, в аренду у вас есть пылесос и шлифовальная машинка?;;;;;;;;;;;;;;;;;;;;;;;
не вопрос клиента;Здравствуйте;;;;;;;;;;;;;;;;;;;;;;;
нет такого инструмента;Здравствуйте, сколько стоит аренда трубореза?;;;;;;;;;;;;;;;;;;;;;;;
пылесос;Здравствуйте возможно ли завтра взять пылесос строительный в аренду?;;;;;;;;;;;;;;;;;;;;;;;
не вопрос клиента;Добрый день!;;;;;;;;;;;;;;;;;;;;;;;
торцовочная пила;Здравствуйте! торцовочная пила с протяжкой есть у вас? чтобы распилить стеновые панели, они тонкие но широкие 20см;;;;;;;;;;;;;;;;;;;;;;;
перфоратор;Добрый вечер  У вас есть Перфоратор. И сколько это будет стоить на 2 суток;;;;;;;;;;;;;;;;;;;;;;;
УШМ;Добрый вечер  У вас есть  болгарка  И сколько это будет стоить на 2 суток;;;;;;;;;;;;;;;;;;;;;;;
лазерный уровень;Добрый вечер  У вас есть лазерный уровень (любой )  И сколько это будет стоить на 2 суток;;;;;;;;;;;;;;;;;;;;;;;
лобзик;Добрый вечер  У вас есть лобзик  И сколько это будет стоить на 2 суток;;;;;;;;;;;;;;;;;;;;;;;
нет такого инструмента;Здравствуйте. Интересует ленточная шлифмашина машинка на роликах . есть ?;;;;;;;;;;;;;;;;;;;;;;;
краскопульт;Добрый день,краскопульт есть в наличии ?;;;;;;;;;;;;;;;;;;;;;;;
вопрос по режиму работы;Добрый вечер, работаете сейчас?;;;;;;;;;;;;;;;;;;;;;;;
не вопрос клиента;Здравствуйте;;;;;;;;;;;;;;;;;;;;;;;
не вопрос клиента;Здравствуйте,вам нужен инструмент для монтажных работ ?;;;;;;;;;;;;;;;;;;;;;;;
УШМ;Здравствуйте. А нет ли такой возможности, чтобы и мастера вместе с инструментом пригласить? Нужно болгаркой отпилить  полосу на декоративной плитке на балконе ?;;;;;;;;;;;;;;;;;;;;;;;
не вопрос клиента;Привет;;;;;;;;;;;;;;;;;;;;;;;
бур для перфоратора;Здравствуйте, а 32 бур есть в аренду?;;;;;;;;;;;;;;;;;;;;;;;
перфоратор;Добрый день по аренде перфоратора возможно сегодня ?;;;;;;;;;;;;;;;;;;;;;;;
пушка электрическая;Здравствуйте есть электрическая пушка до 3КВТ?;;;;;;;;;;;;;;;;;;;;;;;
не вопрос клиента;Добрый вечер;;;;;;;;;;;;;;;;;;;;;;;
не вопрос клиента;Сообщение удалено;;;;;;;;;;;;;;;;;;;;;;;
сварочный полуавтомат;здравствуйте, сколько будет стоить арендовать полуавтомат на субботу и воскресенье?;;;;;;;;;;;;;;;;;;;;;;;
виброплита;Добрый день! У вас возможно на завтра с доставкой заказать бенз.трамбовку на 90 кг. Адрес доставки: улица Понссе, территория Южная часть производственной зоны Горелово, Виллозское г.п., Ломоносовский район. Работаеи по безналу с НДС.;;;;;;;;;;;;;;;;;;;;;;;
пылесос;Здравствуйте мне нужен строительной пылесос;;;;;;;;;;;;;;;;;;;;;;;
не вопрос клиента;Добрый день;;;;;;;;;;;;;;;;;;;;;;;
лобзик;Добрый день, лобзик аккумуляторный есть?;;;;;;;;;;;;;;;;;;;;;;;
пылесос;Здравствуйте. Подскажите, пожалуйста, стоимость аренды строительного пылесоса;;;;;;;;;;;;;;;;;;;;;;;
пылесос;Здравствуйте! Интересует строительный пылесос в аренду;;;;;;;;;;;;;;;;;;;;;;;
сварочный полуавтомат;Здравствуйте,сколько стоит аренда сварочного полуавтомата?;;;;;;;;;;;;;;;;;;;;;;;
резчик швов;А резчик швов сколько будет в аренду стоить? И какие есть?;;;;;;;;;;;;;;;;;;;;;;;
пылесос;Добрый день, хотела узнать у вас насчет цены за аренду пылесоса с шлангом, работы на пару минут🙏🏻 Нужно протянуть леску по гофре. По адресу метро Рыбацкое, в какую стоимость это выйдет?;;;;;;;;;;;;;;;;;;;;;;;
бур для перфоратора;Добрый вечер! Есть в аренде бур 28х1000 и 32х1000 под sds plus. Сколько на сутки один и второй бур и если оба сразу возьму в аренду, цена такая же? Мне на полдня, максимум день. Спасибо;;;;;;;;;;;;;;;;;;;;;;;
фрезер;Здравствуйте! Нужно будет арендовать фрезер на следующей неделе на 1 день. Сколько будет стоить?;;;;;;;;;;;;;;;;;;;;;;;
перфоратор;Здравствуйте, интересует перфоратор sdc max и бур 40 д метр;;;;;;;;;;;;;;;;;;;;;;;
не вопрос клиента;добрый день;;;;;;;;;;;;;;;;;;;;;;;
лобзик;Здравствуйте! Интересует лобзик электрический по дереву. Есть?;;;;;;;;;;;;;;;;;;;;;;;
УШМ;Здравствуйте, сориентируйте пожалуйста по ценам.  Аренда : болгарки  Сроком на 12 часов и допустим сутки;;;;;;;;;;;;;;;;;;;;;;;
миксер;Здравствуйте, сориентируйте пожалуйста по ценам.  Аренда : строительного миксера  Сроком на 12 часов и допустим сутки;;;;;;;;;;;;;;;;;;;;;;;
лобзик;Добрый вечер, подскажите есть ли в наличии электролобзик и пила циркулярная? Сколько по стоимости аренда?;;;;;;;;;;;;;;;;;;;;;;;
воздуходувка;Добрый день, подскажите пжл, есть ли у вас в аренду воздуходувка? Сколько по стоимости будет? Благодарю);;;;;;;;;;;;;;;;;;;;;;;
лестница;Добрый день, подскажите пжл, есть ли у вас в аренду самая длинная стремянка, метров так 12? Сколько по стоимости будет? Благодарю);;;;;;;;;;;;;;;;;;;;;;;
пылесос;Добрый день, строительный пылесос есть в наличии в аренду?;;;;;;;;;;;;;;;;;;;;;;;
не вопрос клиента;Добрый день;;;;;;;;;;;;;;;;;;;;;;;
не вопрос клиента;Здравствуйте;;;;;;;;;;;;;;;;;;;;;;;
лобзик;Добрый вечер. Элекролобзик в прокат есть?;;;;;;;;;;;;;;;;;;;;;;;
не вопрос клиента;Здравствуйте;;;;;;;;;;;;;;;;;;;;;;;
УШМ;Добрый день. Я забронировала маленькую болгарку минут 20 назад ,но потребность отпала,не могу дозвониться через Авито,скидывает вызов. Снимите бронь,пожалуйста,извините ,что так вышла. Наталья.;;;;;;;;;;;;;;;;;;;;;;;
виброплита;Здравствуйте. Сколько стоит аренда виброплиты с накладкой (ковриком) для плитки?;;;;;;;;;;;;;;;;;;;;;;;
не вопрос клиента;Доброй ночи;;;;;;;;;;;;;;;;;;;;;;;
пылесос;Добрый день! Подскажите пожалуйста. Если сегодня арендовать строительный пылесос, завтра смогу его вернуть? Или завтра не работаете?;;;;;;;;;;;;;;;;;;;;;;;
УШМ аккумуляторная;Здравствуйте, у вас можно взять в аренду аккумуляторную болгарку?;;;;;;;;;;;;;;;;;;;;;;;
паркетно-шлифовальная машина;циклевочная машина есть на прокат?;;;;;;;;;;;;;;;;;;;;;;;
пылесос;Доброе утро, какая стоимость аренда строительного пылесоса на 1 сутки?;;;;;;;;;;;;;;;;;;;;;;;
дрель-шуруповерт;Здравствуйте! Можно забронировать на завтра дрель?;;;;;;;;;;;;;;;;;;;;;;;
пила дисковая;Здравствуйте. Можно завтра взять циркулярную пилу в аренду?;;;;;;;;;;;;;;;;;;;;;;;
перфоратор;Здравствуйте. Хотели бы взять в аренду перфоратор, где то на пол дня, сегодня или завтра.;;;;;;;;;;;;;;;;;;;;;;;
пистолет для герметика;Здравствуйте! Есть ли в парке электрический пистолет для герметика под пакеты?;;;;;;;;;;;;;;;;;;;;;;;
сварочный полуавтомат;Здравствуйте. Интересует аренда сварочника полуавтомата, с баллоном. Стоимость?;;;;;;;;;;;;;;;;;;;;;;;
сварочный полуавтомат;Здравствуйте интересует аренда полуавтомата;;;;;;;;;;;;;;;;;;;;;;;
не вопрос клиента;Здравствуйте;;;;;;;;;;;;;;;;;;;;;;;
шнек для бензобура;Здравствуйте, если у вас буры для бензобура Если есть, то какие диаметры;;;;;;;;;;;;;;;;;;;;;;;
шуруповерт;Здравствуйте, подскажите, можно ли сегодня подъехать арендовать шуруповерт-дрель? В районе 17:00;;;;;;;;;;;;;;;;;;;;;;;
жираф;Добрый день. Интересует  инструмент для шлифования стен.;;;;;;;;;;;;;;;;;;;;;;;
паркетно-шлифовальная машина;Добрый день. Нам нужно отшлифовать террасу от старой краски, площадь большая, нужна Большая шлифовальная машина, есть в наличие ?;;;;;;;;;;;;;;;;;;;;;;;
торцовочная пила;Здравствуйте , нужна торцовка с протяжкой под 305 диск;;;;;;;;;;;;;;;;;;;;;;;
отбойный молоток;Здравствуйте, у вас есть в наличии бетоноломы в аренду ?;;;;;;;;;;;;;;;;;;;;;;;
сварочный полуавтомат;Добрый день! Сколько будет стоить аренда сварочного полуавтомата на 2 дня?;;;;;;;;;;;;;;;;;;;;;;;
пылесос;Доброе утро, хочу арендовать пылесос Керхер;;;;;;;;;;;;;;;;;;;;;;;
сварочный полуавтомат;Здравствуйте, у вас есть полуавтомат? И вы завтра работаете?;;;;;;;;;;;;;;;;;;;;;;;
газонокосилка;Добрый день. Есть в наличии газонокосилка в аренду?;;;;;;;;;;;;;;;;;;;;;;;
не вопрос клиента;Здравствуйте;;;;;;;;;;;;;;;;;;;;;;;
шуруповерт;Здравствуйте, подскажите пожалуйста сколько будет по цене шуруповерт, на 1 день?;;;;;;;;;;;;;;;;;;;;;;;
перфоратор;Здравствуйте. Интересует аренда большого перфоратора;;;;;;;;;;;;;;;;;;;;;;;
торцовочная пила;Здравствуйте у вас есть торцовочная пила 2 в 1 сколько будет стоить оренда на один день?;;;;;;;;;;;;;;;;;;;;;;;
сабельная пила;Здравствуйте! Подскажите, пожалуйста, стоимость аренды пилы сабельной.;;;;;;;;;;;;;;;;;;;;;;;
рохля;Здравствуйте . Есть ли у вас рохля (Перевозка поддонов) в прокат на 1 день ? Загрузить завтра утром;;;;;;;;;;;;;;;;;;;;;;;
станок распиловочный;добрый день, станок для распила доски есть?;;;;;;;;;;;;;;;;;;;;;;;
не вопрос клиента;Здравствуйте;;;;;;;;;;;;;;;;;;;;;;;
лестница;Добрый вечер! У вас в аренду телескопическая стремянка?;;;;;;;;;;;;;;;;;;;;;;;
краскопульт;Здравствуйте! Есть краскопульт в аренду?;;;;;;;;;;;;;;;;;;;;;;;
краскопульт;здравствуйте , какие модели краскопультов у вас есть в наличии и за какую цену?;;;;;;;;;;;;;;;;;;;;;;;
газонокосилка;Здравствуйте! Есть ли в аренду газонокосилка на аккумуляторе/бензине?;;;;;;;;;;;;;;;;;;;;;;;
виброплита;Здравствуйте! Сколько будет стоить аренда трамбовщика на понедельник 12 мая?;;;;;;;;;;;;;;;;;;;;;;;
перфоратор;Здравствуйте, подскажите сколько будет стоить перфоратор в аренду на сутки?;;;;;;;;;;;;;;;;;;;;;;;
торцовочная пила;здраствуйте.у вас есть торцовочные пилы в аренду?;;;;;;;;;;;;;;;;;;;;;;;
гвоздезабивной пистолет по бетону;не обходим газовый пистолет для монтажа теплоизоляции 100мм под дюпель гвоздь в бетон;;;;;;;;;;;;;;;;;;;;;;;
дрель-шуруповерт;Здравствуйте, скажите пожалуйста, сколько будет стоить аренда дрели на сутки?;;;;;;;;;;;;;;;;;;;;;;;
пылесос;Добрый день, сегодня у вас свободен строительный пылесос ?;;;;;;;;;;;;;;;;;;;;;;;
не вопрос клиента;Здравствуйте;;;;;;;;;;;;;;;;;;;;;;;
нет такого инструмента;Здравствуйте, подскажите пожалуйста чем лучше вспахать? землю с корнями - верхний слой 15 см не прокопать только топором. Готов арендоватт;;;;;;;;;;;;;;;;;;;;;;;
перфоратор;Добрый вечер  Есть перфоратор сверлом 35 ssd max ?;;;;;;;;;;;;;;;;;;;;;;;
рейсмус;добрый день. есть у вас рейсмус небольшой;;;;;;;;;;;;;;;;;;;;;;;
торцовочная пила;"Добрый день! Звонил Вам по торцовке с протяжкой. Отправляю Вам реквизиты для счета   ИНН: 7801486233 КПП: 781301001 ОГРН: 1087847019303 ОКПО: 89061796 Основной счет: Расчетный счет: 40702810502260009028 Банк: ФИЛИАЛ ""ЦЕНТРАЛЬНЫЙ"" БАНКА ВТБ (ПАО) БИК: 044525411 Корр. счет: 30101810145250000411 Второй счет: Расчетный счет: 40702810410000797899 Банк: АО ""ТИНЬКОФФ БАНК"" БИК: 044525974 Корр.счет: 30101810145250000974 Юридический адрес: 197046, г. Санкт-Петербург, Каменноостровский пр., д. 9/2, литера А часть нежилого помещения 7Н (пом.1) Фактический Адрес: 197229, г. Санкт-Петербург, Лахтинский пр-кт, дом 85, литера В, помещение Т-7/1, офис 263 Директор: Михайлов Вячеслав Анатольевич";;;;;;;;;;;;;;;;;;;;;;;
торцовочная пила;День добрый  есть торцовочная пила?;;;;;;;;;;;;;;;;;;;;;;;
лестница;Здравствуйте, нужна стремянка. У нас высота 5 метров, упереть не к чему, нужна желательно трехступенчатая, у вас будет такая?;;;;;;;;;;;;;;;;;;;;;;;
сабельная пила;День добрый, сабельная пила в какую цену за сутки?;;;;;;;;;;;;;;;;;;;;;;;
не вопрос клиента;Привет добрий вечер.;;;;;;;;;;;;;;;;;;;;;;;
краскопульт;Сколько стоит аренда краскопульта? Какие есть в наличии?;;;;;;;;;;;;;;;;;;;;;;;
фрезер;У вас  есть шаблон для фрезера?;;;;;;;;;;;;;;;;;;;;;;;
виброплита;Доброе утро. Нужна виброплита в аренду сегобня после 12.00. Есть ли возможность взять у вас? И какая стоимость в сутки?;;;;;;;;;;;;;;;;;;;;;;;
генератор;Добрый день, сколько стоит аренда генератора на сутки?;;;;;;;;;;;;;;;;;;;;;;;
паркетно-шлифовальная машина;Здравствуйте, интересует аренда циклевочной машины. Хотела бы узнать условия и есть ли в наличии на завтра.;;;;;;;;;;;;;;;;;;;;;;;
бензорез;Здравствуйте, нужен бензорез под 400 диск Хускварна. Есть такой?;;;;;;;;;;;;;;;;;;;;;;;
гвоздезабивной пистолет по дереву;Добрый день , нужен шпилькозабивной пистолет.;;;;;;;;;;;;;;;;;;;;;;;
пила погружная;Добрый день! Подскажите пожалуйста , у вас есть погружная циркулярная пила?;;;;;;;;;;;;;;;;;;;;;;;
лестница;Здравствуйте  У Вас можно арендовать телескопическую лестницу?;;;;;;;;;;;;;;;;;;;;;;;
фрезер;Здравствуйте! Сколько у вас стоит арендовать фрезер ручной?;;;;;;;;;;;;;;;;;;;;;;;
виброплита;Доброе утро! Интересует аренда виброплиты. Есть ли у Вас доставка по ЛО-Курортный район?;;;;;;;;;;;;;;;;;;;;;;;
триммер;Добрый вечер. Подскажите, пожалуйста, у вас есть в аренду триммер для травы и сколько стоит аренда на день?;;;;;;;;;;;;;;;;;;;;;;;
сварочный аппарат;Здравствуйте сколько стоит аренда сварочного аппарата;;;;;;;;;;;;;;;;;;;;;;;
газонокосилка;Здравствуйте,  подскажите какие газонокосилки у вас есть и цена аренды.;;;;;;;;;;;;;;;;;;;;;;;
сварочный полуавтомат;Добрый вечер, сварочный полуавтомат какой у вас ?;;;;;;;;;;;;;;;;;;;;;;;
перфоратор;Здравствуйте. Хочу взять в аренду на 2 дня перфоратор и ушм, какие условия?;;;;;;;;;;;;;;;;;;;;;;;
гвоздезабивной пистолет по бетону;Здравствуйте! У вас есть в аренду монтажный пистолет?;;;;;;;;;;;;;;;;;;;;;;;
перфоратор;Здравствуйте. Можно ли взять у Вас. Аренду инструмент. Нужен лобзик, перфоратор, болгарка (УШМ). Какие условия. Интересует стоимость краткосрочной и долгосрочной аренды. Можно на ИП или частник.;;;;;;;;;;;;;;;;;;;;;;;
пылесос;Здравствуйте, нужна аренда строительного пылесоса на завтра;;;;;;;;;;;;;;;;;;;;;;;
лобзик;Здравствуйте мне нужен лобзик  В аренду можно оформить ?;;;;;;;;;;;;;;;;;;;;;;;
паркетно-шлифовальная машина;Добрый день  Скажите пожалуйста у вас есть в Аренду машина циклевочная для паркета? Чтобы после укладки можно было ее шлифовать;;;;;;;;;;;;;;;;;;;;;;;
перфоратор;здравствуйте, сколько будет стоить аренда перфоратора?;;;;;;;;;;;;;;;;;;;;;;;
пылесос;здравствуйте, скажите пожалуйста, есть ли у вас в наличии свободные пылесосы?;;;;;;;;;;;;;;;;;;;;;;;
машина полировальная;Добрый вечер! Хотела уточнить, если я возьму у вас в аренду шлифмашинку - в комплекте идет насадка мягкая для полировки? Или аренда только самой машинки у вас?;;;;;;;;;;;;;;;;;;;;;;;
миксер;Здравствуйте, подскажите, пожалуйста, можно ли взять на прокат строительный миксер (для подготовки раствора шпатлевки)?;;;;;;;;;;;;;;;;;;;;;;;
краскопульт;Здравствуйте.  Краскопульт, стоимость аренды 1-2 суток? Условия?;;;;;;;;;;;;;;;;;;;;;;;
рейсмус;Добрый день. У вас есть рейсмус в аренду? Какой производитель , модель?;;;;;;;;;;;;;;;;;;;;;;;
перфоратор;Здравствуйте! Можно ли на завтра арендовать перфоратор? И подскажите, на какое количество часов можно арендовать?;;;;;;;;;;;;;;;;;;;;;;;
генератор;Добрый день, интересна аренда генератора, на 12 ч (если возможно) где то на 2 Кв. Хочется знать его шум (в ДцБ) и вес. А также идёт ли заправленным или нет?;;;;;;;;;;;;;;;;;;;;;;;
не вопрос клиента;Добрый день, я пишу диплом на похожую тему(перспективные области шеринговой экономики), которая как раз таки вы занимаетесь. Я столкнулся с проблемой оценки спроса и перспектив данного вида деятельности. Как я понимаю, у вас могли бы быть данные, которые я бы смог проанализировать и использовать данные для диплома. Я был бы очень благодарен за ответ. С уважением, Киселев Алексей Андреевич.  Студент 4 курса СПБГУ.;;;;;;;;;;;;;;;;;;;;;;;
паркетно-шлифовальная машина;Добрый вечер Скажите, есть ли циклевальная машина?;;;;;;;;;;;;;;;;;;;;;;;
краскопульт;Здравствуйте  Интересует аренда краскопульта на 08.05  Подскажите условия;;;;;;;;;;;;;;;;;;;;;;;
шуруповерт;Добрый день, если арендовать шуруповерт, то какие биты идут в комплекте ?);;;;;;;;;;;;;;;;;;;;;;;
генератор;Здравствуйте сколько стоит аренда генератора на один день?;;;;;;;;;;;;;;;;;;;;;;;
пылесос;Здравствуйте сколько пылесос стоит на день?;;;;;;;;;;;;;;;;;;;;;;;
рейсмус;Здравствуйте. Стоимость аренды рейсмусового станка на 2 дня?;;;;;;;;;;;;;;;;;;;;;;;
пылесос;Добрый вечер! Интересует аренда строительного пылесоса. Какая стоимость? На какое время арендуете?;;;;;;;;;;;;;;;;;;;;;;;
бур для перфоратора;Здравствуйте. Бур сдс плюс длинный 1.5-2.5 метра есть ?;;;;;;;;;;;;;;;;;;;;;;;
шуруповерт;Здравствуйте! У вас есть шуруповерт в аренду?;;;;;;;;;;;;;;;;;;;;;;;
отбойный молоток;День добрый,а есть в аренду отбойный молоток?;;;;;;;;;;;;;;;;;;;;;;;
дрель-шуруповерт;Здравствуйте, хочу дрель со свёрлами по дереву на 1 час у вас взять. Нужно в двери сделать дверь для кота;;;;;;;;;;;;;;;;;;;;;;;
лобзик;Здравствуйте, хочу лобзик на 1 час у вас взять. Нужно в двери сделать дверь для кота;;;;;;;;;;;;;;;;;;;;;;;
паркетно-шлифовальная машина;Здравствуйте. Интересует аренда дисковой циклевочной машины. На следующей неделе вт-ср-чт;;;;;;;;;;;;;;;;;;;;;;;
шуруповерт;Вечер добрый. В ближайшие дни можно арендовать шуруповерт ?;;;;;;;;;;;;;;;;;;;;;;;
лобзик;Добрый вечер , есть аккумуляторный лобзик в наличии ?;;;;;;;;;;;;;;;;;;;;;;;
бур для перфоратора;Здравствуйте, сколько стоит на сутки взять бур по бетону?;;;;;;;;;;;;;;;;;;;;;;;
паяльник для ПВХ труб;Добрый день, паяльник для полипропилена есть у вас?;;;;;;;;;;;;;;;;;;;;;;;
не вопрос клиента;Добрый вечер!;;;;;;;;;;;;;;;;;;;;;;;
пушка газовая;Здравствуйте, газовая пушка в аренду есть?;;;;;;;;;;;;;;;;;;;;;;;
реноватор;Здравствуйте реноватор есть в аренду на сегодня  ?;;;;;;;;;;;;;;;;;;;;;;;
перфоратор;Здравствуйте! Сколько будет стоить взять перфоратор и строительный пылесос на 2 дня;;;;;;;;;;;;;;;;;;;;;;;
не вопрос клиента;Добрый день;;;;;;;;;;;;;;;;;;;;;;;
пресс для труб РЕ-Х;Здравствуйте  у вас можно  арендовать пресс для трубы  рендхау;;;;;;;;;;;;;;;;;;;;;;;
генератор;Здравствуйте нужен генератор или преобразователь для потребителя  1500вт;;;;;;;;;;;;;;;;;;;;;;;
паркетно-шлифовальная машина;Здравствуйте! А циклевочная машина у Вас какая?;;;;;;;;;;;;;;;;;;;;;;;
сварочный полуавтомат;Здравствуйте, сколько будет стоить аренда полуавтомата с проволкой и смесью;;;;;;;;;;;;;;;;;;;;;;;
пылесос;Добрый день, сколько стоит аренда строительного пылесоса?;;;;;;;;;;;;;;;;;;;;;;;
УШМ аккумуляторная;Здравствуйте, у вас есть аккумуляторная ушм?;;;;;;;;;;;;;;;;;;;;;;;
шуруповерт;Добрый вечер  Могу взять завтра на прокат шуроповерт с насадками на крест?;;;;;;;;;;;;;;;;;;;;;;;
сварочный аппарат;Здравствуйте, сколько стоит аренда сварочного аппарата?;;;;;;;;;;;;;;;;;;;;;;;
не вопрос клиента;Здравствуйте;;;;;;;;;;;;;;;;;;;;;;;
шуруповерт;Здравствуйте, сегодня можно подъехать часов в 12 взять шруповерт на сутки?;;;;;;;;;;;;;;;;;;;;;;;
гвоздезабивной пистолет по дереву;Здравствуйте, Уточните стоимость аренды гвоздезабивного пистолета и характеристики. Нужно для гвоздей 90;;;;;;;;;;;;;;;;;;;;;;;
бензобур;Добрый день ,бензобур на 2 оператора сколько будет стоить аренда?;;;;;;;;;;;;;;;;;;;;;;;
пила дисковая;Здравствуйте.  Циркулярная пила нужна на завтра;;;;;;;;;;;;;;;;;;;;;;;
не вопрос клиента;Здравствуйте;;;;;;;;;;;;;;;;;;;;;;;
не вопрос клиента;Здравствуйте;;;;;;;;;;;;;;;;;;;;;;;
паяльник для ПВХ труб;Здравствуйте, есть у вас аппарат для сварки полиэтиленовых труб диаметром 280 и 560 мм с оператором?;;;;;;;;;;;;;;;;;;;;;;;
нет такого инструмента;Добрый день.  Есть в аренду фрейер для пней?;;;;;;;;;;;;;;;;;;;;;;;
не вопрос клиента;Здравствуйте;;;;;;;;;;;;;;;;;;;;;;;
не вопрос клиента;Здравствуйте. Можно ли получить инструмент в аренду также без залога, если нет прописки В Спб и ЛО?;;;;;;;;;;;;;;;;;;;;;;;
виброплита;Здравствуйте, трамбовка 140 кг. Почем аренда на день ?;;;;;;;;;;;;;;;;;;;;;;;
лобзик;Здравствуйте. Есть ли у вас электро лобзик в аренду, и, если есть, подскажите пожалуйста стоимость? Спасибо!;;;;;;;;;;;;;;;;;;;;;;;
степлер;Здравствуйте, Стахановец У вас можно взять в аренду степлер?;;;;;;;;;;;;;;;;;;;;;;;
перфоратор;Добрый день! Планирую взять комплект перфоратор и бур 45х600. Сможете помочь?;;;;;;;;;;;;;;;;;;;;;;;
сварочный полуавтомат;Здравствуйте сварочный аппарат полуавтомат есть;;;;;;;;;;;;;;;;;;;;;;;
лестница;Здравствуйте, есть ли у вас в аренду стремянки на длительный срок?;;;;;;;;;;;;;;;;;;;;;;;
перфоратор;Здравствуйте, подскажите пожалуйста, у вас есть промышленный перфоратор или может бур подойдет. Нужно в несущей стене проход сделать;;;;;;;;;;;;;;;;;;;;;;;
УШМ аккумуляторная;Здравствуйте, есть в аренду аккумуляторная ушм?;;;;;;;;;;;;;;;;;;;;;;;
пушка газовая;Добрый вечер. Нужна газовая пушка;;;;;;;;;;;;;;;;;;;;;;;
газовый баллон;Добрый вечер. Нужна газовый балон композитный;;;;;;;;;;;;;;;;;;;;;;;
степлер;Здравствуйте, подскажите цену за сутки на электро степлер?;;;;;;;;;;;;;;;;;;;;;;;
торцовочная пила;Здравствуйте подскажите какие условия аренды торцовочной пилы?  Нужно запилить под 45 дверные коробки  Толщина пропила 70см;;;;;;;;;;;;;;;;;;;;;;;
реноватор;Здравствуйте нужен реноватор на сутки;;;;;;;;;;;;;;;;;;;;;;;
не вопрос клиента;Здравствуйте;;;;;;;;;;;;;;;;;;;;;;;
не вопрос клиента;Здравствуйте;;;;;;;;;;;;;;;;;;;;;;;
сварочный аппарат;Здравствуйте,сварочный аппарат в аренду у вас завтра есть?;;;;;;;;;;;;;;;;;;;;;;;
не вопрос клиента;Здравствуйте;;;;;;;;;;;;;;;;;;;;;;;
степлер;Здравствуйте. Сколько будет стоить степлер в аренду? Электрический.;;;;;;;;;;;;;;;;;;;;;;;
пылесос;Здравствуйте, сколько будет стоить строительный пылесос в аренду?;;;;;;;;;;;;;;;;;;;;;;;
не вопрос клиента;Здравствуйте;;;;;;;;;;;;;;;;;;;;;;;
шлифовальная машина;Добрый день! Подскажите, сколько стоит аренда эксцентриковой шлифмашины на сутки?;;;;;;;;;;;;;;;;;;;;;;;
пила дисковая;Добрый день. У Вас есть паркетка в аренду и какая стоимость?;;;;;;;;;;;;;;;;;;;;;;;
пылесос;Добрый день!  У вас есть в аренду строительный пылесос?;;;;;;;;;;;;;;;;;;;;;;;
рейсмус;День добрый! Подскажите рейсмус есть в свободный на Парнасе и какой,цена ?;;;;;;;;;;;;;;;;;;;;;;;
перфоратор;Доброе утро 🌄  подскажите  пожалуйста  сколько перфоратор в  аренду стоит на сутки ?;;;;;;;;;;;;;;;;;;;;;;;
шлифовальная машина;Здравствуйте, есть в наличии шлифовальная машинка для шлифовки авто?;;;;;;;;;;;;;;;;;;;;;;;
не вопрос клиента;здравствуйте;;;;;;;;;;;;;;;;;;;;;;;
шуруповерт;Здравствуйте, есть в аренду шуруповерт?;;;;;;;;;;;;;;;;;;;;;;;
шуруповерт;Здравствуйте, в какую стоимость у вас будет арендовать шуруповерт?;;;;;;;;;;;;;;;;;;;;;;;
краскопульт;Добрый день какая цена аренды краскопульта? И какой он сам по себе? Шланг сразу в банку с краской можно положить? Благодарю;;;;;;;;;;;;;;;;;;;;;;;
реноватор;Добрый вечер! Сколько у вас стоит взять в аренду реноватор?;;;;;;;;;;;;;;;;;;;;;;;
фрезер;Добрый день. Сколько стоит аренда ручного фрезера?;;;;;;;;;;;;;;;;;;;;;;;
не вопрос клиента;Здравствуйте хочу приобрести на завтра инструмент с 9 до 16:00;;;;;;;;;;;;;;;;;;;;;;;
паркетно-шлифовальная машина;Добрый день. Есть циклёвочная машинка с мешком для паркета?;;;;;;;;;;;;;;;;;;;;;;;
не вопрос клиента;Здравствцйте;;;;;;;;;;;;;;;;;;;;;;;
УШМ;Добрый день. Сколько будет стоит аренда болгарки на 3 часа? (для плитки напольной);;;;;;;;;;;;;;;;;;;;;;;
шуруповерт;здравствуйте, сейчас работаете? хотел бы арендовать шуруповерт;;;;;;;;;;;;;;;;;;;;;;;
не вопрос клиента;Добрый вечер;;;;;;;;;;;;;;;;;;;;;;;
нет такого инструмента;Добрый вечер есть кондуктор для установке межкомнатных дверей;;;;;;;;;;;;;;;;;;;;;;;
перфоратор;Здравствуйте! По чем аренда перфоратора;;;;;;;;;;;;;;;;;;;;;;;
сабельная пила;Здравствуйте,  нужна сабельная пила;;;;;;;;;;;;;;;;;;;;;;;
отбойный молоток;Здравствуйте,  нужна отбойный молоток;;;;;;;;;;;;;;;;;;;;;;;
паркетно-шлифовальная машина;Здравствуйте.  Нужно арендовать цыклевочную машину, для пола из сосновой доски, а также расходные материалы ( наждачной ленты) сколько будет стоить и когда можно будет взять в аренду? С уважением Анатолий;;;;;;;;;;;;;;;;;;;;;;;
сварочный аппарат;Здравствуйте. Есть в аренду сварочный аппарат?;;;;;;;;;;;;;;;;;;;;;;;
перфоратор;Здраствуйте аренда перфоратора какая цена?;;;;;;;;;;;;;;;;;;;;;;;
пушка дизельная;Добрый день! Нам необходимы 6 дизельных пушек для производства отделочных работ в монолитном доме;;;;;;;;;;;;;;;;;;;;;;;
лобзик;Здравствуйте есть электро лобзик  в;;;;;;;;;;;;;;;;;;;;;;;
генератор;Здравствуйте  Нужны в аренду бензогенератор и тепловая пушка 2-3 кВт;;;;;;;;;;;;;;;;;;;;;;;
пылесос;Здравствуйте! Подскажите., а строительные пылесосы есть в наличии?;;;;;;;;;;;;;;;;;;;;;;;
не вопрос клиента;Здравствуйте;;;;;;;;;;;;;;;;;;;;;;;
гвоздезабивной пистолет по бетону;Добрый день! У вас есть в прокат  Газовый монтажный пистолет для теплоизоляции и какая будет цена в сутки;;;;;;;;;;;;;;;;;;;;;;;
не вопрос клиента;здравствуйте;;;;;;;;;;;;;;;;;;;;;;;
шуруповерт;Добрый день! Нужен в прокат шуруповерт для сборки стола, подскажите стоимость и до скольки можно подойти забрать?;;;;;;;;;;;;;;;;;;;;;;;
вышка тура;Добрый день. Сколько будет стоить аренда вышки тура на месяц в парголово. Высота 7м, 1,6*,8 . С доставкой и забором.;;;;;;;;;;;;;;;;;;;;;;;
не вопрос клиента;Здравствуйте;;;;;;;;;;;;;;;;;;;;;;;
станок распиловочный;Здравствуйте! Сколько стоит  распиловочный станок?;;;;;;;;;;;;;;;;;;;;;;;
УШМ аккумуляторная;Здравствуйте, есть ли у вас аккумуляторная ушм? Какая цена? Есть ли 3 штуки? Сколько залог? Какая ушм?;;;;;;;;;;;;;;;;;;;;;;;
пила дисковая аккумуляторная;Добрый день. Имеется у Вас в аренде пилы циркулярная аккумуляторная?;;;;;;;;;;;;;;;;;;;;;;;
фрезер;Здравствуйте! есть фрезер торцевой по дереву?;;;;;;;;;;;;;;;;;;;;;;;
фрезер;Здравствуйте! Интересует цена на аренду фрезера.;;;;;;;;;;;;;;;;;;;;;;;
миксер;Добрый день, нужен строительный миксер. на 1  день. цена вопроса и модели какие?;;;;;;;;;;;;;;;;;;;;;;;
шлифовальная машина;Добрый день, имеется шлифмашинка ?;;;;;;;;;;;;;;;;;;;;;;;
лестница;Здравствуйте. Интересует аренда лестницы. Рабочая высота 8-9 метров с рогами;;;;;;;;;;;;;;;;;;;;;;;
перфоратор;Добрый день! Какая стоимость аренды перфоратор и на какое время?;;;;;;;;;;;;;;;;;;;;;;;
лазерный уровень;Здравствуйте. У вас есть лазерный уровень в аренду?;;;;;;;;;;;;;;;;;;;;;;;
гвоздезабивной пистолет по бетону;Добрый день. Есть  ли газовый пистолет и сколько стоит в сутки арендовать? Входит ли в комплект гвозди по бетону и газ?;;;;;;;;;;;;;;;;;;;;;;;
бензорез;Добрый день. Аренда с большим диском по бетону на сутки по какой цене будет?;;;;;;;;;;;;;;;;;;;;;;;
не вопрос клиента;Добрый день!;;;;;;;;;;;;;;;;;;;;;;;
пылесос;Добрый день Интересует аренда строительного пылесоса  Есть вариант с насадкой-щеткой  какой-то, чтоб обои можно было тоже пропылесосить? И какая цена за сутки?;;;;;;;;;;;;;;;;;;;;;;;
перфоратор;Доброй ночи. Интересует перф. Обычный. Сверлить стены под гипрок и электрику. Цена в сутки? Спасибо!;;;;;;;;;;;;;;;;;;;;;;;
фрезер;Здравствуйте! Сколько стоит в аренду фрезер?;;;;;;;;;;;;;;;;;;;;;;;
УШМ аккумуляторная;Добрый вечер,аккумуляторная болгарка есть у вас?;;;;;;;;;;;;;;;;;;;;;;;
генератор;Добрый день. Подскажите, есть ли у вас два генератора в аренду на 4-5квт?;;;;;;;;;;;;;;;;;;;;;;;
шлифовальная машина;Здравствуйте, сколько будет стоить взять на сутки орбитально шлифмашинку;;;;;;;;;;;;;;;;;;;;;;;
фен;Здравствуйте, сколько будет стоить взять на сутки строительный фен;;;;;;;;;;;;;;;;;;;;;;;
лестница-трансформер;Здравствуйте. Интересует лестница трансформер. Получение завтра в 09.00. Возврат в 18.00. Есть возможность?;;;;;;;;;;;;;;;;;;;;;;;
не вопрос клиента;Здравствуйте, б/у инструмент выкупаете ?;;;;;;;;;;;;;;;;;;;;;;;
фен;Здраствуйте, есть ли у Вас строительный фен в аренду?;;;;;;;;;;;;;;;;;;;;;;;
установка алмазного бурения;Здравствуйте, у вас сверлильная установка есть , нужно в кирпиче отверстия сделать , длиной 600 мм и в диаметре 30 мм. Какие условия по аренде ? И если паспорта нет , а есть водительское удостоверение.;;;;;;;;;;;;;;;;;;;;;;;
перфоратор;Здравствуйте, аренда перфоратора интересует сколько стоит?;;;;;;;;;;;;;;;;;;;;;;;
торцовочная пила;Здравствуйте, подскажите, пожалуйста, есть ли в аренду тррцовочная пила?;;;;;;;;;;;;;;;;;;;;;;;
не вопрос клиента;Здравствуйте, есть такая?;;;;;;;;;;;;;;;;;;;;;;;
паяльник для ПВХ труб;Брал, Паяльник электрический для сваривания пластиковых труб. Паяльник новый, греет отлично сделали все быстро. Спасибо Стахановцу!;;;;;;;;;;;;;;;;;;;;;;;
перфоратор;Здравствуйте, сколько стоит аренда перфоратора на 2-3 часа?;;;;;;;;;;;;;;;;;;;;;;;
мотопомпа;Добрый день. Аренда мотопомпы в какую цену?;;;;;;;;;;;;;;;;;;;;;;;
сабельная пила;Добрый день Есть сабельная пила в аренду?;;;;;;;;;;;;;;;;;;;;;;;
шлифовальная машина;Шлиф машинка для шпаклёвки ручная имеется ?;;;;;;;;;;;;;;;;;;;;;;;
компрессор;Компрессор для пескоструя;;;;;;;;;;;;;;;;;;;;;;;
культиватор;Доброй ночи можно взять в аренду мото культиватор ?;;;;;;;;;;;;;;;;;;;;;;;
не вопрос клиента;Здравствуйте;;;;;;;;;;;;;;;;;;;;;;;
штроборез;Здравствуйте, нужен штроборез на 2 дня;;;;;;;;;;;;;;;;;;;;;;;
не вопрос клиента;Здравствуйте;;;;;;;;;;;;;;;;;;;;;;;
не вопрос клиента;Добрый день!;;;;;;;;;;;;;;;;;;;;;;;
пылесос;Доброе! Мне нужен пилесос в аренду.  Скажите пожалуйста какой пилесос и стоимость?;;;;;;;;;;;;;;;;;;;;;;;
пресс для труб РЕ-Х;Добрый день! Есть у вас пресс для труб rehau stout на период с 19 по 23?;;;;;;;;;;;;;;;;;;;;;;;
паяльник для ПВХ труб;здравствуйте. мне нужно взять в аренду паяльник и нож для полипропиленовых труб, сколько будет стоить на 1-2 дня? и когда есть возможность получить?;;;;;;;;;;;;;;;;;;;;;;;
пылесос;здравствуйте. мне нужно взять в аренду пылесос. сколько будет стоить на 1-2 дня? и когда есть возможность получить?;;;;;;;;;;;;;;;;;;;;;;;
штроборез;здравствуйте. мне нужно взять в аренду штроборез, сколько будет стоить на 1-2 дня? и когда есть возможность получить?;;;;;;;;;;;;;;;;;;;;;;;
пылесос;Здравствуйте, подскажите пожалуйста, в какую стоимость выйдет аренда строительного пылесоса ?;;;;;;;;;;;;;;;;;;;;;;;
лестница;Добрый день, хотел бы арендовать стремянку;;;;;;;;;;;;;;;;;;;;;;;
не вопрос клиента;Добрый день;;;;;;;;;;;;;;;;;;;;;;;
металлоискатель;Здравствуйте! Нужен в аренду металлоискатель. Подскажите какая глубина поиска?;;;;;;;;;;;;;;;;;;;;;;;
не вопрос клиента;Здравствуйте!;;;;;;;;;;;;;;;;;;;;;;;
УШМ;Добрый день. Скажите, можно ли у вас взять в аренду угловую шлифовальную машинку с защитным кожухом и пылеотводом?;;;;;;;;;;;;;;;;;;;;;;;
не вопрос клиента;Добрый вечер;;;;;;;;;;;;;;;;;;;;;;;
пила дисковая;Здравствуйте пила циркулярная интересует;;;;;;;;;;;;;;;;;;;;;;;
шлифовальная машина;Здравствуйте! есть ли у вас шлифовальная машинка?;;;;;;;;;;;;;;;;;;;;;;;
УШМ;Добрый день! Возможно арендовать болгарку сегодня?;;;;;;;;;;;;;;;;;;;;;;;
детектор проводки;Добрый день, подскажите пожалуйста есть ли у вас в наличии тестер скрытой проводки? Необходимо найти кабельв стене  на глубине 5 см;;;;;;;;;;;;;;;;;;;;;;;
жираф;Добрый вечер! Нужен жираф в аренду на пару дней, подскажите, пожалуйста, какой фирмы у Вас данный инструмент?;;;;;;;;;;;;;;;;;;;;;;;
плиткорез ручной;Добрый день. Интересует плиткорез в аренду для плитки размером 600мм. Подскажите наличие и цену.;;;;;;;;;;;;;;;;;;;;;;;
не вопрос клиента;Здравствуйте;;;;;;;;;;;;;;;;;;;;;;;
пресс для труб РЕ-Х;Здравствуйте. Скажите, аксиальный пресс сейчас есть в аренду?;;;;;;;;;;;;;;;;;;;;;;;
перфоратор;Доброе утро вчера с вами договаривались о аренде перфоратора большого и бура 45 Человек едет будет у вас примерно в 09.00;;;;;;;;;;;;;;;;;;;;;;;
вибратор;Добрый вечер. Завтра часов в 12 нужно 2 глубинных вибратора 6-ти метровых. На сутки;;;;;;;;;;;;;;;;;;;;;;;
не вопрос клиента;Здравствуйте;;;;;;;;;;;;;;;;;;;;;;;
не вопрос клиента;Добрый день. После строительства Лахта-центр приехало на склад на Парнасе 15 паллет инструмента БУ, часть новое. Скинуть список для ознакомления? напишите почту или телефон (могу на ватцап).;;;;;;;;;;;;;;;;;;;;;;;
плиткорез ручной;Добрый день. Плиткорез ручной в аренду есть?  Минимум 400 мм. Сколько залог, сколько сутки?;;;;;;;;;;;;;;;;;;;;;;;
пылесос;здравствуйте! подскажите, пожалуйста, у вас есть пылесосы в аренду?;;;;;;;;;;;;;;;;;;;;;;;
паяльник для ПВХ труб;Добрый день, насчёт паяльник пекс трубы хотел узнать если он у вас?;;;;;;;;;;;;;;;;;;;;;;;
перфоратор;Здравствуйте, перфоратор на сутки можно взять?;;;;;;;;;;;;;;;;;;;;;;;
дрель-шуруповерт;Здравствуйте, возможно сегодня арендовать дрель?;;;;;;;;;;;;;;;;;;;;;;;
перфоратор;Здравствуйте, интересует аренда перфоратора.  Ориентир по датам с 30.12 по  3.01 Какая будет стоимость?;;;;;;;;;;;;;;;;;;;;;;;
генератор;Добрый день. Хочу взять у Вас генератор, сроком примерно на 15 суток. Какая будет цена. Спасибо.;;;;;;;;;;;;;;;;;;;;;;;
фен;Добрый вечер, подскажите пожалуйста - фен строительный - сколько стоит на сутки и кто произхводитель фена?;;;;;;;;;;;;;;;;;;;;;;;
лестница;добрый день, нужна сегодня к 19 часам лестница для работы на высоте 3,5 метра. Нужна на 1 день. Нужна доставка на Васильевский остров, Нахимова дом 9.  Сможете сделать? Сколько будет стоить?;;;;;;;;;;;;;;;;;;;;;;;
жираф;Здравствуйте, хотела бы сегодня взять на прокат шлифовальную машинку для стен, аренда нужна на 3 дня, сколько будет по цене и можно ли прийти к вам сегодня;;;;;;;;;;;;;;;;;;;;;;;
пушка дизельная;Доброго дня! Ищем пушки дизельные на 15 кВт, три штуки  в аренду с четверга, на 2-3 дня. Есть у Вас? Какие условия? Территориально Порошкино.;;;;;;;;;;;;;;;;;;;;;;;
пресс для труб РЕ-Х;Аксиальный прес есть в аренде?;;;;;;;;;;;;;;;;;;;;;;;
нет такого инструмента;Доброе утро Нам нужен в аренду ленточнопилтный станок  Для распилки алюминиевого профиля;;;;;;;;;;;;;;;;;;;;;;;
не вопрос клиента;Добрый день;;;;;;;;;;;;;;;;;;;;;;;
лестница;Здравствуйте, у вас есть стремянка для лестницы?;;;;;;;;;;;;;;;;;;;;;;;
УШМ;Здравствуйте, сколько по стоимости аренда болгарки 1 день?  Свободно на завтра ?;;;;;;;;;;;;;;;;;;;;;;;
не вопрос клиента;Здравствуйте. Прайс лист, можно, пожалуйста?!;;;;;;;;;;;;;;;;;;;;;;;
домкрат подкатной;Добрый день. Скажите пожалуйста, у вас есть домкрат подкатной в аренду?;;;;;;;;;;;;;;;;;;;;;;;
торцовочная пила;Здравствуйте! Торцовочный пила есть?;;;;;;;;;;;;;;;;;;;;;;;
пылесос;Здравствуйте  Можно строительный пылесос на 3 дня? Введенская 7 Сколько будет стоить и когда возможна доставка;;;;;;;;;;;;;;;;;;;;;;;
лестница;Здравствуйте, лестница/стремянка высотой 2-2,5 метра есть у Вас? Нужна будет доставка.;;;;;;;;;;;;;;;;;;;;;;;
нет такого инструмента;Здравствуйте, наборы гаечных ключей, трещеток, головок, есть?;;;;;;;;;;;;;;;;;;;;;;;
бензорез;Добрый день, есть ли бензорез с 400 диском в аренду на одни сутки?;;;;;;;;;;;;;;;;;;;;;;;
генератор;Здравствуйте. Интересует в аренду дизельный генератор от 60кВт и станция прогрева бетона от 40кВт.;;;;;;;;;;;;;;;;;;;;;;;
шлифовальная машина;Здравствуйте, интересует в прокат ручная шлифмашина. Есть ли, залог, стоимость в сутки?;;;;;;;;;;;;;;;;;;;;;;;
генератор;Здравствуйте, нужен генератор , чтобы два сварачника смог запитывать и 2 тележки на завтра;;;;;;;;;;;;;;;;;;;;;;;
лестница;Добрый вечер. Есть ли у вас лестницы 9,5 м?;;;;;;;;;;;;;;;;;;;;;;;
генератор;Здравствуйте! Подскажите пожалуйста, нужен генератор для работы на складе большом, Для клининговых услуг и уборке после строительства. Ваш генератор подойдет под эти цели? Какая стоимость выйдет на 3 дня? Какие условия? Спасибо!;;;;;;;;;;;;;;;;;;;;;;;
пушка дизельная;Добрый день! У вас есть дизельная пушка в аренду на сегодня? Какая стоимость аренды на сутки и стоимость доставки?;;;;;;;;;;;;;;;;;;;;;;;
не вопрос клиента;Здравствуйте;;;;;;;;;;;;;;;;;;;;;;;
не вопрос клиента;Здравствуйте;;;;;;;;;;;;;;;;;;;;;;;
пушка газовая;Добрый вечер, тепловую газовую пушку 40-50 квт можно арендовать?;;;;;;;;;;;;;;;;;;;;;;;
торцовочная пила;Здравствуйте! Нужен торцовочник чтобы выполнить запил плинтуса под разные углы высотой 80 мм. Сколько будет стоить аренда такого инструмента и условия аренды.;;;;;;;;;;;;;;;;;;;;;;;
вопрос по режиму работы;Здравствуйте до скольки работаете;;;;;;;;;;;;;;;;;;;;;;;
УШМ;Здравствуйте, скажите маленькую болгарку можно в аренду у вас взять? И по какой цене?;;;;;;;;;;;;;;;;;;;;;;;
паяльник для ПВХ труб;Здравствуйте, скажите пистолет для пайки можно в аренду у вас взять? И по какой цене?;;;;;;;;;;;;;;;;;;;;;;;
вопрос по режиму работы;Привет! Это Анастасия. По поводу пушки для фасада. Дадите прямой номер?;;;;;;;;;;;;;;;;;;;;;;;
пылесос;Здравствуйте! Подскажите, пожалуйста, стоимость аренды пылесоса на 2 суток? И осуществляется ли доставка?  Адрес: Смольный 7Б. Нужно собрать строительную пыль перед чистовой отделкой. Площадь: 80 кв.м.;;;;;;;;;;;;;;;;;;;;;;;
перфоратор;Здравствуйте, интересует перфоратор и бур д32х1000;;;;;;;;;;;;;;;;;;;;;;;
штроборез;Здравствуйте! Штроборез 125 возможно в аренду взять;;;;;;;;;;;;;;;;;;;;;;;
коронка по бетону;Здравчтвуйте. Нужна коронка по бетону 132мм.;;;;;;;;;;;;;;;;;;;;;;;
генератор;Добрый день! Нужен бензогенератор в аренду - 6,5-7 кВт. 1-фазный. На неделю. адрес: обуховской обороны,51 Безнал, юрлицо, НДС;;;;;;;;;;;;;;;;;;;;;;;
дрель для алмазного бурения;Добрый утро,  есть дрель для сухого алмазного бурения?;;;;;;;;;;;;;;;;;;;;;;;
штроборез;Здравствуйте,  хотел бы взять у вас в прокат штроборез, он у вас свободен? какие условия и сколько это будет стоить?;;;;;;;;;;;;;;;;;;;;;;;
не вопрос клиента;Здравствуйте;;;;;;;;;;;;;;;;;;;;;;;
домкрат бутылочный;Здравствуйте!  Какие домкраты есть в аренду с вечера четверга по воскресенье?  Режим работы?  Стоимость в сутки?  Без залога, верно?;;;;;;;;;;;;;;;;;;;;;;;
воздуходувка;Добрый день, есть в наличии воздуходув? Если есть, то цена аренды.;;;;;;;;;;;;;;;;;;;;;;;
;;;;;;;;;;;;;;;;;;;;;;;;
;;;;;;;;;;;;;;;;;;;;;;;;
;;;;;;;;;;;;;;;;;;;;;;;;
;;;;;;;;;;;;;;;;;;;;;;;;
;;;;;;;;;;;;;;;;;;;;;;;;
;;;;;;;;;;;;;;;;;;;;;;;;
;;;;;;;;;;;;;;;;;;;;;;;;
;;;;;;;;;;;;;;;;;;;;;;;;
;;;;;;;;;;;;;;;;;;;;;;;;
;;;;;;;;;;;;;;;;;;;;;;;;
;;;;;;;;;;;;;;;;;;;;;;;;
;;;;;;;;;;;;;;;;;;;;;;;;
;;;;;;;;;;;;;;;;;;;;;;;;
;;;;;;;;;;;;;;;;;;;;;;;;
;;;;;;;;;;;;;;;;;;;;;;;;
;;;;;;;;;;;;;;;;;;;;;;;;
;;;;;;;;;;;;;;;;;;;;;;;;
;;;;;;;;;;;;;;;;;;;;;;;;
;;;;;;;;;;;;;;;;;;;;;;;;
;;;;;;;;;;;;;;;;;;;;;;;;
;;;;;;;;;;;;;;;;;;;;;;;;
;;;;;;;;;;;;;;;;;;;;;;;;
;;;;;;;;;;;;;;;;;;;;;;;;
;;;;;;;;;;;;;;;;;;;;;;;;
;;;;;;;;;;;;;;;;;;;;;;;;
;;;;;;;;;;;;;;;;;;;;;;;;
;;;;;;;;;;;;;;;;;;;;;;;;
;;;;;;;;;;;;;;;;;;;;;;;;
;;;;;;;;;;;;;;;;;;;;;;;;
;;;;;;;;;;;;;;;;;;;;;;;;
;;;;;;;;;;;;;;;;;;;;;;;;
;;;;;;;;;;;;;;;;;;;;;;;;
;;;;;;;;;;;;;;;;;;;;;;;;
;;;;;;;;;;;;;;;;;;;;;;;;
;;;;;;;;;;;;;;;;;;;;;;;;
;;;;;;;;;;;;;;;;;;;;;;;;
;;;;;;;;;;;;;;;;;;;;;;;;
;;;;;;;;;;;;;;;;;;;;;;;;
;;;;;;;;;;;;;;;;;;;;;;;;
;;;;;;;;;;;;;;;;;;;;;;;;
;;;;;;;;;;;;;;;;;;;;;;;;
;;;;;;;;;;;;;;;;;;;;;;;;
;;;;;;;;;;;;;;;;;;;;;;;;
;;;;;;;;;;;;;;;;;;;;;;;;
;;;;;;;;;;;;;;;;;;;;;;;;
;;;;;;;;;;;;;;;;;;;;;;;;
;;;;;;;;;;;;;;;;;;;;;;;;
;;;;;;;;;;;;;;;;;;;;;;;;
;;;;;;;;;;;;;;;;;;;;;;;;
;;;;;;;;;;;;;;;;;;;;;;;;
;;;;;;;;;;;;;;;;;;;;;;;;
;;;;;;;;;;;;;;;;;;;;;;;;
;;;;;;;;;;;;;;;;;;;;;;;;
;;;;;;;;;;;;;;;;;;;;;;;;
;;;;;;;;;;;;;;;;;;;;;;;;
;;;;;;;;;;;;;;;;;;;;;;;;
;;;;;;;;;;;;;;;;;;;;;;;;
;;;;;;;;;;;;;;;;;;;;;;;;
;;;;;;;;;;;;;;;;;;;;;;;;
;;;;;;;;;;;;;;;;;;;;;;;;
;;;;;;;;;;;;;;;;;;;;;;;;
;;;;;;;;;;;;;;;;;;;;;;;;
;;;;;;;;;;;;;;;;;;;;;;;;
;;;;;;;;;;;;;;;;;;;;;;;;
;;;;;;;;;;;;;;;;;;;;;;;;
;;;;;;;;;;;;;;;;;;;;;;;;
;;;;;;;;;;;;;;;;;;;;;;;;
;;;;;;;;;;;;;;;;;;;;;;;;
;;;;;;;;;;;;;;;;;;;;;;;;
;;;;;;;;;;;;;;;;;;;;;;;;
;;;;;;;;;;;;;;;;;;;;;;;;
;;;;;;;;;;;;;;;;;;;;;;;;
;;;;;;;;;;;;;;;;;;;;;;;;
;;;;;;;;;;;;;;;;;;;;;;;;
;;;;;;;;;;;;;;;;;;;;;;;;
;;;;;;;;;;;;;;;;;;;;;;;;
;;;;;;;;;;;;;;;;;;;;;;;;
;;;;;;;;;;;;;;;;;;;;;;;;
;;;;;;;;;;;;;;;;;;;;;;;;
;;;;;;;;;;;;;;;;;;;;;;;;
;;;;;;;;;;;;;;;;;;;;;;;;
;;;;;;;;;;;;;;;;;;;;;;;;
;;;;;;;;;;;;;;;;;;;;;;;;
;;;;;;;;;;;;;;;;;;;;;;;;
;;;;;;;;;;;;;;;;;;;;;;;;
;;;;;;;;;;;;;;;;;;;;;;;;
;;;;;;;;;;;;;;;;;;;;;;;;
;;;;;;;;;;;;;;;;;;;;;;;;
;;;;;;;;;;;;;;;;;;;;;;;;
;;;;;;;;;;;;;;;;;;;;;;;;
;;;;;;;;;;;;;;;;;;;;;;;;
;;;;;;;;;;;;;;;;;;;;;;;;
;;;;;;;;;;;;;;;;;;;;;;;;
;;;;;;;;;;;;;;;;;;;;;;;;
;;;;;;;;;;;;;;;;;;;;;;;;
;;;;;;;;;;;;;;;;;;;;;;;;
;;;;;;;;;;;;;;;;;;;;;;;;
;;;;;;;;;;;;;;;;;;;;;;;;
;;;;;;;;;;;;;;;;;;;;;;;;
;;;;;;;;;;;;;;;;;;;;;;;;
;;;;;;;;;;;;;;;;;;;;;;;;
;;;;;;;;;;;;;;;;;;;;;;;;
;;;;;;;;;;;;;;;;;;;;;;;;
;;;;;;;;;;;;;;;;;;;;;;;;
;;;;;;;;;;;;;;;;;;;;;;;;
;;;;;;;;;;;;;;;;;;;;;;;;
;;;;;;;;;;;;;;;;;;;;;;;;
;;;;;;;;;;;;;;;;;;;;;;;;
;;;;;;;;;;;;;;;;;;;;;;;;
;;;;;;;;;;;;;;;;;;;;;;;;
;;;;;;;;;;;;;;;;;;;;;;;;
;;;;;;;;;;;;;;;;;;;;;;;;
;;;;;;;;;;;;;;;;;;;;;;;;
;;;;;;;;;;;;;;;;;;;;;;;;
;;;;;;;;;;;;;;;;;;;;;;;;
;;;;;;;;;;;;;;;;;;;;;;;;
;;;;;;;;;;;;;;;;;;;;;;;;
;;;;;;;;;;;;;;;;;;;;;;;;
;;;;;;;;;;;;;;;;;;;;;;;;
;;;;;;;;;;;;;;;;;;;;;;;;
;;;;;;;;;;;;;;;;;;;;;;;;
;;;;;;;;;;;;;;;;;;;;;;;;
;;;;;;;;;;;;;;;;;;;;;;;;
;;;;;;;;;;;;;;;;;;;;;;;;
;;;;;;;;;;;;;;;;;;;;;;;;
;;;;;;;;;;;;;;;;;;;;;;;;
;;;;;;;;;;;;;;;;;;;;;;;;
;;;;;;;;;;;;;;;;;;;;;;;;
;;;;;;;;;;;;;;;;;;;;;;;;
;;;;;;;;;;;;;;;;;;;;;;;;
;;;;;;;;;;;;;;;;;;;;;;;;
;;;;;;;;;;;;;;;;;;;;;;;;
;;;;;;;;;;;;;;;;;;;;;;;;
;;;;;;;;;;;;;;;;;;;;;;;;
;;;;;;;;;;;;;;;;;;;;;;;;
;;;;;;;;;;;;;;;;;;;;;;;;
;;;;;;;;;;;;;;;;;;;;;;;;
;;;;;;;;;;;;;;;;;;;;;;;;
;;;;;;;;;;;;;;;;;;;;;;;;
;;;;;;;;;;;;;;;;;;;;;;;;
;;;;;;;;;;;;;;;;;;;;;;;;
;;;;;;;;;;;;;;;;;;;;;;;;
;;;;;;;;;;;;;;;;;;;;;;;;
;;;;;;;;;;;;;;;;;;;;;;;;
;;;;;;;;;;;;;;;;;;;;;;;;
;;;;;;;;;;;;;;;;;;;;;;;;
;;;;;;;;;;;;;;;;;;;;;;;;
;;;;;;;;;;;;;;;;;;;;;;;;
;;;;;;;;;;;;;;;;;;;;;;;;
;;;;;;;;;;;;;;;;;;;;;;;;
;;;;;;;;;;;;;;;;;;;;;;;;
;;;;;;;;;;;;;;;;;;;;;;;;
;;;;;;;;;;;;;;;;;;;;;;;;
;;;;;;;;;;;;;;;;;;;;;;;;
;;;;;;;;;;;;;;;;;;;;;;;;
;;;;;;;;;;;;;;;;;;;;;;;;