,тема,текст
0,шуруповерт,"добрый вечер! подскажите, у вас можно взять в аренду шурповерт?"
1,пылесос,Здравствуйте) сколько стоит аренда строительного пылесоса на сутки?
2,плиткорез ручной,"Доброе утро. Подскажите пожалуйста в какую цену у вас следующие инструменты: плиткорез ручной 60 см, реноватор, вибратор для плитки."
3,фен,Доброе утро Есть строительный фен на аккумуляторной батареи?
4,не вопрос клиента,Добрый день
5,паркетно-шлифовальная машина,Добрый день! хочу обновить деревянный пол на даче. У вас есть циклевочная машина?
6,перфоратор,"Здравствуйте, подскажите, пожалуйста, сколько у вас стоит аренда дрели с микроударом + алмазная коронка на 72 мм, строительный пылесос, штроборез, гвоздезабивной пистолет, перфоратор на сутки?"
7,краскопульт,"Здравствуйте, есть краскопульт для эмали?"
8,лестница,Какая стоимость аренды стремянки ?
9,не вопрос клиента,"Добрый день! Есть склад 300-1000м² в центре СПб. Подходит для хранения товарных запасов — можно разместить и держать длительно. Без интенсивного трафика, доступ 24/7. Если ищете склад — могу отправить информацию."
10,пылесос,Добрый день!  Сколько стоит взять в аренду строительный пылесос на сутки? Спасибо
11,нет такого инструмента,Здравствуйте аргон есть ?
12,машина полировальная,"Добрый день. Есть у вас в аренду полировальная машинка? Если есть, то какая цена в сутки, что в комплекте и какой фирмы/модель"
13,компрессор,"Добрый день! Подскажите, есть ли у вас компрессор в аренду?"
14,сабельная пила,"Здравствуйте,у вас есть сабельная пила?"
15,гвоздезабивной пистолет по бетону,"Здравствуйте, у вас есть монтажный пистолет Toya для электромонтажа? И можно ли будет сегодня его взять в аренду?"
16,пушка газовая,Здравствуйте а сколько стоит аренда газовой пушки большой?
17,газовый баллон,Здравствуйте а сколько стоит аренда газовой с балоном?
18,резчик швов,"Добрый день, ищём кожух для ШВОНАРЕЗЧИКа  GROST FS500 HC. Можно б/у. Может можете предложить? Спасибо."
19,шуруповерт,"Здравствуйте, сколько будет стоить арендовать, шуроповёрт на одни сутки"
20,фен,"Здравствуйте, сколько будет стоить арендовать, строительный фен на одни сутки"
21,пылесос,Доброй ночи. У вас можно взять в аренду строительный пылесос?
22,шуруповерт,"Здравствуйте, меня зовут Александр, просили написать на Авито на прямую по поводу аренды шуруповерта и перфоратора."
23,перфоратор,"Здравствуйте, меня зовут Александр, просили написать на Авито на прямую по поводу аренды шуруповерта и перфоратора."
24,сварочный аппарат,"Здравствуйте, сварочник в аренду по какой цене?"
25,генератор,Здравствуйте  Какая цена аренды генератора ?   Нужен под мойку высокого давления
26,пресс для труб РЕ-Х,Здравствуйте. Интересует аренда  аксиального гидравлического пресса для труб на следующую субботу. Есть у вас такой?
27,сварочный полуавтомат,"Здравствуйте, подскажите пожалуйста, какой у вас полуавтомат , и в какую сумму в аренду на сутки ?"
28,нет такого инструмента,"Здравствуйте, подскажите пожалуйста у вас сварочные аппараты для сварки нержавейки аргоном есть?"
29,дрель-шуруповерт,"добрый день! подскажите пожалуйста, дрель и шуроповерт можно взять в аренду? цена?"
30,пароочиститель,"Добрый день, сколько будет стоить аренда пароочистителя?"
31,пылесос,"Добрый день, сколько будет стоить аренда строительного пылесоса с мешком для мусора?"
32,машина полировальная,Здравствуйте! Хотелось бы арендовать с утра 31.03.2026 на сутки ручную полировочную (шлифмашинку) машинку для полировки кафельной плитки
33,торцовочная пила,Здравствуйте. Сколько у вас стоит взять в аренду торцовку самую маленькую?
34,лобзик,"Добрый вечер, подскажите пожалуйста, мне нужно выпилить квадратное отверстие в столешнице под мойку и под газовую плитку без духовки, у вас есть электрический или ручной лобзик?"
35,торцовочная пила,"Добрый день. Интересует аренда торцовочной пилы, если не сложно дайте информацию по условиям"
36,бензорез,Здравствуйте. Подскажите пожалуйста бензорез у вас есть?
37,газовый баллон,Добрый день  Интересует газовый баллон литров на 8-12  Можно арендовать?
38,нет такого инструмента,"Добрый вечер.  А у вас электроинструменты в аренду есть ?  Пресс клещи, кримпера и тд"
39,не вопрос клиента,Здравствуйте
40,шуруповерт,"Здравствуйте! Нужен шуруповерт, завтра в районе 12"
41,УШМ,"Здравствуйте! Нужна болгарка, завтра в районе 12"
42,бур для перфоратора,"Добрый вечер, у вас есть бур по бетону, 20х600/22х600?"
43,УШМ аккумуляторная,Здравствуйте есть ли у вас УШМ на аккумуляторе?
44,не вопрос клиента,Здравствуйте
45,не вопрос клиента,Добрый вечер. Возможно вас заинтересует покупка Дрель на магнитной станине Milwaukee MDE 42?)
46,пылесос,"Добрый вечер. Скажите, сколько стоит аренда строительного пылесоса(уборка квартиры после установки дверей, подвесных потолков). С доставкой инструмента. Район Адмиралтейский. Ул. Набережная обводного канала."
47,нет такого инструмента,"Добрый вечер. Скажите, сколько стоит аренда робота мойщика окон. С доставкой инструмента. Район Адмиралтейский. Ул. Набережная обводного канала."
48,перфоратор,"Здравствуйте! По чем аренда перфоратора, и есть ли доставка?"
49,пылесос,Здравствуйте! Нужен строительный пылесос на завтра
50,генератор,"Здравствуйте, в какую цену генератор 3 квт"
51,пылесос,Добрый вечер. Что кроме оплаты аренды нужно чтобы оформить аренду строительного пылесоса?
52,нет такого инструмента,"Добрый ,есть аппарат для сварки аргоном?"
53,лобзик,"Добрый вечер, а лобзик есть?"
54,паяльник для ПВХ труб,"Здравствуйте! Скажите, пожалуйста, есть ли у вас в прокате паяльник для сварки полипропиленовых труб и сколько стоит прокат на сутки?"
55,УШМ,"Здравствуйте, мне нужно две болгарки. На 3 дня. Какие условия?"
56,шуруповерт,"Здравствуйте, мне нужно шуруповерт. На 3 дня. Какие условия?"
57,торцовочная пила,"Здравствуйте, мне нужна торцевочная пила. На 3 дня. Какие условия?"
58,перфоратор,"Добрый день, скажите пожалуйста возможно ли у вас взять в аренду перфоратор сегодня на сутки?"
59,УШМ аккумуляторная,"Здравствуйте, у вас есть балгарка аккумуляторная?"
60,паркетно-шлифовальная машина,"Здравствуйте, можете пожалуйста подобрать инструмент если у вас есть такой. Ситуация: паркет в старом фонде, был покрыт старой оранжевой краской, которая была снята вручную с помощью ленточной шлифмашинки. Сам по себе паркет с перепадами и не очень ровный, в некоторых щелях остались остатки краски. Хочется это все как-то привести в нормальный вид насколько это возможно. К идеальности не стримимся, но хотябы все сверху снять. Боимся что снимем слишком много (не знаю возможно ли это). Прилагаю фото"
61,сварочный полуавтомат,Здравствуйте! Сколько стоит аренда сварочного полуавтомата?
62,машина полировальная,"Добрый день, есть полировательная машинка?"
63,гвоздезабивной пистолет по дереву,"Доброе утро, гвоздизабивной пистолет для вагонки есть у Вас?"
64,торцовочная пила,Здравствуйте. Сколько стоит аренда торцовки с диском по алюминию?
65,лобзик,"Здравствуйте. Нужен электролобзик на выходные, нахожусь в Сестрорецке. Где у вас ближайший пункт выдачи и какие инструменты доступны?"
66,перфоратор,Доброе утро! Подскажите пожалуйста стоить проката перфоратора  на 1 час?
67,дрель-шуруповерт,"Здравствуйте! Хотел бы взять дрель , шуруповерт в аренду завтра на день . Сколько это будет стоить ?"
68,миксер,Здравствуйте! Хотел бы взять миксер в аренду завтра на день . Сколько это будет стоить ?
69,перфоратор,"Добрый день! Подскажите, пожалуйста можно ли сегодня взять перфоратор? И какая будет стоимость?"
70,дрель-шуруповерт,"Здравствуйте, нужна дрель или шуруповерт(что дешевле)  и сверло на 6  на пару часов"
71,перфоратор,Добрый день! Аренда перфоратора в какую цену?
72,гвоздезабивной пистолет по бетону,Добрый вечер а у вас есть газовый монтажный пистолет Toua для электро монтажа?
73,нет такого инструмента,Здравствуйте. Есть торцовка комбинированная в прокат ?
74,шуруповерт,Здравствуйте! Сколько будет стоить аренда шуруповерта?
75,торцовочная пила,"Здравствуйте! Хотела бы взять в аренду торцовочную пилу. Подскажите, пожалуйста, могу ли завтра? И сколько будет по стоимости?"
76,моющий пылесос,Добрый день! Нужен моющий строительный пылесос. Отмыть стены в сервисе от масла. Что посоветуете? Работаете сегодня? На каких условиях аренда?
77,паркетно-шлифовальная машина,"Здравствуйте,есть ли у вас напрокат циклевочная машина для пола с"
78,УШМ аккумуляторная,"Здравствуйте, у вас есть аккумуляторная болгарка?"
79,дрель-шуруповерт,Добрый день! Подскажите сколько в аренду на 1 день будет стоить дрель
80,нет такого инструмента,Здравствуйте! Нужен нейлер telegram номер 911 948-78-14
81,торцовочная пила,"Здравствуйте , интересует аренда торцовочной пилы с диском для алюминия"
82,нет такого инструмента,Здравствуйте. А есть перфоратор и коронка чтоб пробить стену в частном доме под вентканал? Диаметр трубы 100 мм.
83,не вопрос клиента,Здравствуйте
84,не вопрос клиента,Добрый день!
85,шуруповерт,Здравствуйте! Хотел бы уточнить стоимость аренды шуруповерта на 1 день
86,сабельная пила,Добрый день у вас сабельная пила с полотном идёт? Есть полотно под газоблоки?
87,дрель-шуруповерт,"Здравствуйте  дрель нужен на прокат, сколько будет стоить на день"
88,перфоратор,Добрый день! Какя цена перфоратора?
89,паркетно-шлифовальная машина,Здравствуйте подскажите пожалуйста есть ли аренда циклевочной машины
90,торцовочная пила,"Здравствуйте, сколько в сутки стоит аренда торцовки с протяжкой?"
91,перфоратор,"Добрый день. Хотела бы арендовать на завтра перфоратор на сутки. Какая будет стоимость аренды? Нужна доставка на Магнитогорскую 3к2 (м. Новочеркасская). Также нужны сверла по бетону/кирпичу, если нет в комплекте"
92,пылесос,"Здравствуйте, пылесос строительный нужен , какие у вас и сколько стоят ?"
93,лобзик,"Здравствуйте, скажите лобзик есть в аренду?"
94,подъемник ГКЛ,"Добрый день, какой у вас подъемник ГКЛ для аренды есть? Модель?"
95,гвоздезабивной пистолет по дереву,"Здравствуйте! У вас есть для аренды гвоздезабивной пистолет? Нужен для крепления наличников(может ошибаюсь, но вроде есть такие степлеры даже для этих целей)."
96,бур для перфоратора,"Здравствуйте. Подскажите, есть ли у вас бур sds plus 32/ 600?"
97,присоска,Добрый вечер. Есть присоски для монтажа широкоформатной плитки?
98,перфоратор,Здравствуйте.сегодня можно взять в аренду перфоратор?
99,не вопрос клиента,Здравствуйте
100,сабельная пила аккумуляторная,Добрый день. Требуется аккумуляторная сабельная пила на сутки. Задача - распил силового кабеля диаметром около 50мм.. порядка 50 распилов. Есть подходящая пила?
101,удлинитель электричексий,Здравствуйте. Интересует уличный удлинитель на 3квТ Какая стоимость аренды?
102,пылесос,"Добрый день,есть строительные пылесосы в аренду?убрать пыль от штукатурки и бетона с пола"
103,перфоратор,Добрый вечер А можно взять в аренду перфоратор? Нужно для снятия старой штукатурки  Можно доставкой до пискаревского проспекта 20?
104,не вопрос клиента,Добрый день. Вам алмазные диски не нужны? Не скупаете?
105,не вопрос клиента,Добрый день. Возможно вас заинтересует покупка гидравлического насаоса для дальнейшей сдачи его в аренду ?
106,лобзик,Здравствуйте! Мне нужен Лобзик у вас имеется в наличии?
107,паркетно-шлифовальная машина,"добрый день, у вас есть циклевочная машина в аренду?"
108,фен аккумуляторный,"Добрый день. Подскажите, пожалуйста, есть ли у вас в аренду аккумуляторный фен?  Нужно на несколько дней, замки на даче разморозить"
109,штроборез,"Здравствуйте,  сколько будет стоить аренда штробореза"
110,пылесос,"Здравствуйте,  сколько будет стоить аренда пылесоса"
111,краскопульт,"Здравствуйте , можно взять в аренду краскопульт с завтрашнего дня ?"
112,шуруповерт,здравствуйте есть шуруповерт ленточный ?
113,не вопрос клиента,тест
114,торцовочная пила,Здравствуйте. Есть на завтра торцовка с 255 диском? Сколько аренда на сутки и какие условия аренды?
115,перфоратор,"Здравствуйте!  Мне нужно в съемной квартире 2 полки установить, поэтому в поисках дрели.  Мне на пару часов буквально потребуются)  Сколько это по стоимости у вас выйдет?"
116,дрель-шуруповерт,"Здравствуйте!  Мне нужно в съемной квартире 2 полки установить, поэтому в поисках шуруповерта.  Мне на пару часов буквально потребуются)  Сколько это по стоимости у вас выйдет?"
117,паркетно-шлифовальная машина,здравствуйте. есть шлифмашинки для реставрации пола на какой-то из выходных дней?
118,УШМ,Доброе утро! Можно у вас взять болгарку (ушм) на два дня? Сколько будет стоить? И нужен ли залог?
119,пила дисковая,"Здравствуйте, есть в аренду циркулярная плита с углом поворота ? Сколько стоит ?"
120,реноватор аккумуляторный,Здравствуйте.  У вас имеется аккумуляторный ренноватор?
121,торцовочная пила,"Здравствуйте, хотела бы арендовать торцовочную пилу. Подскажите, можно ли взять доставкой?"
122,пила погружная,Доброе утро. Пила погружная с направляющими у вас найдется?  Спасибо
123,отбойный молоток,Добрый вечер! Будет ли возможность забронировать перфоратор с зубилом(если имеется) на 11.02 или 12.02 с доставкой ?
124,не вопрос клиента,Привет
125,паркетно-шлифовальная машина,Здравствуйте. У вас есть аренда циклевочной машины для паркета?
126,не вопрос клиента,Добрый день. Заключение договора на аренду с пропиской в СПБ?
127,перфоратор,"Здравствуйте, нужен перфоратор в аренду. 2 отверстия сделать"
128,генератор,"Добрый день! Подскажите стоимость аренды генераторов. Нам нужен один генератор 5 кВт, и 2 генератора по 3 кВт. дата 21 февраля, время с 10:00 до 16:00  Подскажите сразу по стоимости бензина и доставки, адрес ул. Турку 23к1"
129,машина полировальная,Добрый день  Подскажите пожалуйста  Есть у вас в наличии полировальная машинка ?
130,нейлер пневматический,Добрый вечер! Подскажите пожалуйста стоимость аренды пневматического степлера?
131,компрессор,Добрый вечер! Подскажите пожалуйста стоимость аренды компрессора?
132,гвоздезабивной пистолет по бетону,"Здравствуйте, есть гвоздезабивной пистолет по бетону ? Нужен на 80 грибы"
133,не вопрос клиента,Здравствуйте
134,вопрос по режиму работы,Добрый день ! Вчера брал сабельную пилу  До которого часа не обходимо сегодня вернуть?   89219347466 Джабаров Арзу
135,дрель-шуруповерт,"Здравствуйте, аренда дрели сколько стоит?"
136,сварочный аппарат,"Здравствуйте, есть ли сварочный аппарат и какая цена?"
137,не вопрос клиента,"звонила, пишу для сохранения! не обращайте внимания"
138,нет такого инструмента,Здравствуйте ! У вас есть пила по камню диаметра 80?
139,фен аккумуляторный,"Добрый день, подскажите у вас есть строительный фен  аккумуляторный?"
140,перфоратор,Добрый день перфоратор в аренду сколько будет стоить на день?
141,фен аккумуляторный,Добрый вечер! А есть аккумуляторный фен?
142,машина полировальная,Добрый день! Есть или к Вас в наличии полировальная машина с регулировкой оборотов?
143,фен,Здравствуйте! У вас есть строительные фены в аренду?
144,лазерный уровень,"Здравствуйте, сколько стоит аренда лазерного уровня?"
145,дрель-шуруповерт,"Здравствуйте, сколько будет стоить аренда дрели на пару часов?"
146,жираф,"Добрый день. Подскажите, есть ли в наличии машинка для шлифовки стен и потолков, стоимость аренды и залога?"
147,не вопрос клиента,Здравствуйте
148,шуруповерт,"Здравствуйте, подскажите пожалуйста, нам нужен в аренду шуроповерт и шестигранный ключ ( но только больше универсального, для разбора дивана). Сколько это будет стоить по цене, если арендовать его у вас на сутки, с 18:00"
149,миксер,"Здравствуйте, сколько стоит аренда строительного миксера?"
150,виброплита,добрый вечер! есть у вас трамбовка с доставкой?
151,перфоратор,Здравствуйте нужен перфоратор сколько стоит прокат? Хотим установить кронштейн
152,миксер,"Здравствуйте, сколько стоит аренда миксера строительного"
153,пылесос,"Здравствуйте, сколько стоит аренда строительного пылесоса"
154,не вопрос клиента,Здравствуйте
155,шуруповерт,"Здравствуйте, сколько будет стоит шуруповерт?"
156,нет такого инструмента,"Здравствуйте, у вас есть набор инструментов: пассатижи, гаечный ключ ?"
157,не вопрос клиента,Здравствуй
158,нет такого инструмента,Добрый вечер. Нужна торцевая пила со столом.
159,фрезер,Добрый вечер. Нужен фрезер для монтажа МК дверей. Есть по наличию?
160,торцовочная пила,Здравствуйте. Подскажите пожалуйста стоимость торцовочной пилы на сутки и есть ли диск по алюминию
161,паркетно-шлифовальная машина,Доброе утро. Хочу взять напрокат ципливочную машину. Какая стоимость за сутки?
162,торцовочная пила,"Здравствуйте, можно взять в аренду торцевую пилу ?"
163,шуруповерт,Здравствуйте  Аренда шуруповерта какая стоимость? Залог?
164,пылесос,Добрый день! Подскажите стоимость аренды пылесоса в час?
165,лестница-трансформер,"Здравствуйте,в какую цену арендовать лестницу трансформер на сутки?"
166,не вопрос клиента,Сообщение удалено
167,шлифовальная машина,"Добрый день! Подскажите, есть ли в аренду шлиф машина? Сколько стоит взять на день?"
168,пылесос,"Добрый день! Подскажите, есть ли в аренду пылесос? Сколько стоит взять на день?"
169,нет такого инструмента,Здравствуйте. Интересует шиногиб ручной. Есть такое в прокат?
170,нет такого инструмента,"Здравствуйте, подскажите нет ли у вас аккумуляторной пилы?"
171,торцовочная пила,Здраввствуйте !  Интересует настольная пила в аренду есть что то ?  Наподобие такого:
172,паркетно-шлифовальная машина,Добрый день. Сколько будет стоить аренда циклевлчной машины? Какая модель у вас?
173,УШМ,"Добрый день, есть в аренду болгарка 230 мм?"
174,перфоратор,Добрый вечер Интересует на завтра аренда перфоратора на сутки
175,пила дисковая,"Здравствуйте, нужна цирц пила на сутки. Завтра можно взять в аренду?"
176,пушка газовая,"Добрый вечер, подскажите пожалуйста, газовую пушку завтра с утра можно взять на сутки? Сколько будет стоить?"
177,дрель для алмазного бурения,"Здравствуйте, у вас есть дрель с микро ударом для подразетников ?"
178,сварочный полуавтомат,"Здравствуйте ,сколько стоит на прокат сварочник полуавтомат  с баллоном?"
179,УШМ,"Здравствуйте , большая болгарка интересует на 5 дней"
180,не вопрос клиента,Здравствуйте
181,УШМ,Добрый день у вас есть болгарка 250 с кожухом забора пыли?
182,лестница,"Здравствуйте, сколько стоит аренда шести ступенчатой стремянки ?"
183,фрезер,"Добрый день, не дозвонился вам. Скажите, фрезер можно взять в аренду? И какая у него цанга, 8 или 12мм, есть ли параллельный упор?"
184,торцовочная пила,Добрый вечер. Тарчовка не освободилась?
185,не вопрос клиента,"Добрый день!  Вы даёте платные консультации?  Планируем запустить в нашем городе Нижникамске бизнес, подобный вашему. Есть время, место и возможность. Но чтобы не распыляться и быть максимально эффективными уже на старте, нам нужны ответы на некотрые вопросы.  Список из 5-10 самых интересных позиции для проката.  Тарифы аренды на указанных выше позиции.  Условия предоставления оборудования в аренду.  Сколько будут стоить ответы на мои вопросы?  Заранее спасибо, за обратную связь!"
186,краскопульт,здравствуйте  а сколько стоит аренда краскопульта? на 3 дня
187,торцовочная пила,Сколько будет стоить пила торцовочная за сутки?
188,лобзик,Здравствуйте! подскажите сколько будет стоить лобзик в аренду
189,пылесос,"Добрый вечер, интересует строительный пылесос на завтра"
190,не вопрос клиента,Добрый вечер
191,УШМ,"Здравствуйте, хочу узнаь стоимость аренды болгарки ?"
192,вопрос по режиму работы,Здравствуйте. Работаете?
193,лазерный уровень,"Здравствуйте,  Будет ли в наличии лазерный нивелир на сутки в пятницу? И что по стоимости?"
194,миксер,Добрый день! Нужны в аренду: Строительный миксер
195,штроборез,Добрый день! Нужны в аренду: Штроборез
196,перфоратор,Добрый день! Нужны в аренду: Перфоратор
197,подъемник ГКЛ,Здравствуйте. Хочу арендовать у вас подьемник для глк на 6-7 января.
198,вопрос по режиму работы,"Здравствуйте,работаете?"
199,пила дисковая,Здравствуйте! Сколько стоит аренда паркетки?
200,перфоратор,Добрый день!  Подскажите стоимость аренды перфоратора  ?)
201,вопрос по режиму работы,"Здравствуйте,вы завтра работаете?"
202,шуруповерт,"Добрый вечер! Мне нужны инструменты: шуруповёрт. У вас есть такое, если да, то сколько это будет стоить?"
203,перфоратор,"Добрый вечер! Мне нужны инструменты: перфоратор. У вас есть такое, если да, то сколько это будет стоить?"
204,лазерный уровень,"Добрый вечер! Мне нужны инструменты: уровень. У вас есть такое, если да, то сколько это будет стоить?"
205,не вопрос клиента,Здравствуйте
206,перфоратор,Добрый день! Подскажите можно взять в аренду перфоратор на сегодня? Сколько будет стоить?
207,не вопрос клиента,Здравствуйте
208,дрель-шуруповерт,Здравствуйте! Сколько у вас стоит аренда дрели по часам?
209,пылесос,Добрый день. Интересует строительный пылесос. На сутки
210,не вопрос клиента,Здравствуйте
211,торцовочная пила,"Добрый день!  Подскажите, пожалуйста, можно ли арендовать торцовочную пилу? Необходима на один день, субботу.  Адрес: проспект Энгельса дом 29 корпус 1   Необходимо с доставкой"
212,шуруповерт,здравствуйте! почем аренда шуроповерта ?
213,не вопрос клиента,Здравствуйте
214,лестница,Какая стоимость завтра в 7 утра арендовать  лестницу?
215,перфоратор,"Добрый день, уточните, пожалуйста, стоимость аренды дрели или перфоратора на пару часов, необходимо повесить зеркало, для этого нужно просверлить отверстие в стене"
216,не вопрос клиента,Добрый день.
217,шуруповерт,"Здравствуйте, нужен шуруповерт и молоток"
218,паркетно-шлифовальная машина,"Здравствуйте, а есть машинка для циклевки паркета ?"
219,перфоратор,"Добрый день, хотим арендовать у вас инструмент нужно повесить штангу для одежды в шкаф из ЛДСП"
220,вопрос по режиму работы,"Здравствуйте, вы завтра работаете?"
221,перфоратор,"Здравствуйте, подскажите пожалуйста, можно ли у вас взять в прокат перфоратор на сутки?"
222,лампа Лосева,"Здравствуйте , лампа Лосева имеется ?"
223,шуруповерт,"Здравствуйте, сколько будет стоить аренда шуруповерта? И есть ли у вас возможность давать сверло?"
224,нивелир оптический,"Добрый вечер , подскажите есть невелиры ?"
225,торцовочная пила,Здравствуйте интересует аренда торцевой  пилы
226,шуруповерт,Здравствуйте а у вас нету шуруповерта в аренду ?
227,жираф,"Здравствуйте, есть шлифовочная машина?"
228,лампа Лосева,"Здравствуйте, есть лампа Лосева?"
229,пылесос,"Здравствуйте, есть пылесос?"
230,фрезер,"Здравствуйте, подскажите пожалуйста, какая модель мне лучше подойдет?  Задача - максимально быстро и как можно тише просверлить дерево не насквозь, а сделать просто углубление сверлом DeWalt Extreme Impact. Углубление диаметром 13мм и длиной 7см примерно  Тишина и скорость сверления находятся на одном уровне"
231,лампа Лосева,Добрый день! Лампа Лосева у Вас есть?
232,нет такого инструмента,Добрый вечер? Есть ли у вас в аренду КСГ - 705 Пистолет для цементного раствора
233,не вопрос клиента,Здравствуйте
234,не вопрос клиента,Здравствуйте
235,не вопрос клиента,Здравствуйте
236,перфоратор,Добрый вечер  Сколько будет стоить аренда перфоратора ?
237,вопрос по режиму работы,"Добрый вечер, пара вопросов: время аренды оплачивается сразу при получении, или  после возврата по фактическому времени в пользовании. И смогу ли я арендовать инструмент будучи несовершеннолетним (17 лет)?"
238,перфоратор аккумуляторный,"Добрый,мне нужен перфоратор аккумуляторный"
239,нет такого инструмента,"Здравствуйте, у вас есть в наличии дрель crown, хотел бы завтра подъехать, забрать"
240,торцовочная пила,"Торцовочная пила с протяжкой есть в наличии? Нужна будет в пятницу, где-то до понедельника"
241,нет такого инструмента,Добрый вечер. Интересует аренда ленточный пилы. Прошу указать марку и модель и стоимость.
242,торцовочная пила,Добрый вечер. Интересует аренда торцовочной пилы. Прошу указать марку и модель и стоимость.
243,лобзик,"Здравствуйте, нужен лобзик , чтобы сделать вырез в столе .   На 1 сутки или даже если можно на пол суток )   Какая цена и условия . Стол тонкий , можно самый обычный лобзик"
244,нет такого инструмента,"Добрый день. Подскажите, пожалуйста, есть ли в аренду электрический рубанок шириной 20 мм, глубиной от 4 мм?"
245,не вопрос клиента,Здравствуйте
246,пылесос,"Добрый вечер, есть возможность проката пылесоса строительного на завтра?"
247,пылесос,Добрый вечер!  На завтра у Вас есть пылесос строительный для аренды?
248,детектор проводки,"Добрый вечер!  На завтра у Вас есть детектор проводки, если у вас он в аренду ?"
249,не вопрос клиента,Здравствуйте для аренда
250,не вопрос клиента,Здравствуйте
251,лампа Лосева,Здравствуйте! Лампа Лосева есть в аренду? На месяц примерно
252,паркетно-шлифовальная машина,Доброе утро. Аренда циклевочной машины по паркету сколько будет стоить?
253,лобзик,"Здравствуйте,у вас есть лобзик?"
254,пылесос,"Добрый вечер, сколько стоит аренда строительного пылесоса?"
255,пушка электрическая,"Добрый вечер. Сколько у вас стоит аренда тепловой, электрической пушки для Помещения 5м2?"
256,лобзик,Добрый вечер  Сколько будет стоить аренда электролобзика на 2 суток? Что нужно для аренды?
257,перфоратор,Добрый вечер  Сколько будет стоить аренда перфоратора на 2 суток? Что нужно для аренды?
258,перфоратор,Здравствуйте!  Есть перфоратор?  На 3 дня
259,УШМ,Здравствуйте подскажите пожалуйста интересует большая болгарка с алмазным кругом по бетону
260,бензорез,Здравствуйте подскажите у вас есть в аренду бетонорез?
261,не вопрос клиента,День добрый.  Виброплиту выкупите? После одного объекта Champion PC9045F
262,перфоратор,Здравствуйте! Сколько стоит аренда перфоратора?
263,сварочный полуавтомат,"Здравствуйте, а у вас есть сварочный аппарат полуавтомат ?"
264,паяльник для ПВХ труб,Добрый день. Паяльная машина для полпроптленовых труб завтра можно взять?
265,не вопрос клиента,Здравствуйте
266,реноватор,"Здравствуйте, реноватор есть в наличии в аренду?"
267,лестница,"Здравствуйте! Есть ли для аренды лестница- стремянка, буквой Л для работы под потолком в помещении высотой 4.35 метра? На одни сутки."
268,плиткорез электрический,Здравствуйте . Аренда плиткореза для керамогранит а 120*60 есть у вас ? А так же для углов водный ? И есть в наличии ?
269,лестница,Здравствуйте. Лестница метров 7-8 есть для аренды? Цена?
270,гвоздезабивной пистолет по бетону,"добрый день, есть аренда гвоздезабивной пистолет аккумуляторный по бетону?"
271,машина полировальная,какие у вас полировочные машинки
272,машина полировальная,"Здравствуйте, полировальная машинка сколько будет стоить на сутки?"
273,торцовочная пила,"Добрый день! Интересует аренда торцовочной пилы, рубанка. Какая стоимость?"
274,степлер,Здравствуйте! Можно ли у вас арендовать пневмостеплер?
275,компрессор,Здравствуйте! Можно ли у вас арендовать электрический компрессор?
276,дрель-шуруповерт,"Добрый вечер! Работаете? Срочно нужна дрель, в которую зайдет сверло по металу на 12"
277,краскопульт,Здравствуйте  Интересует аренда краскопульта  Нужно покрасить потолок с вентиляцией 200кв  Какие варианты есть?   Владимир  89531790859
278,перфоратор,Здравствуйте есть перфоратор или ударная дрель ?
279,дрель-шуруповерт,"Здравствуйте, сколько стоит аренда дрели? На какой срок? Идут ли сверла в комплекте?"
280,реноватор,"Добрый день! Подскажите, пожалуйста, у вас есть в наличии реноватор?"
281,перфоратор,Здравствуйте  Перфоратор есть возможность взять в аренду сегодня и завтра вернуть?
282,нет такого инструмента,"здравствуйте, сколько стоит арендовать электропилу на два дня?"
283,рейсмус,Добрый день. Интересует аренда рейсмуса. Какая рабочая ширина?
284,пушка газовая,Здравствуйте. Газовую тепловую пушку завтра можно арендовать на пару суток?
285,газовый баллон,Здравствуйте. Баллон газовый завтра можно арендовать на пару суток?
286,тачка,Тачка нужна
287,виброплита,нужна трамбовка
288,пила цепная аккумуляторная,"Здравствуйте, подскажите, есть ли в ассортименте вашего инструмента аккумуляторная цепная пила?"
289,нейлер пневматический,Здравствуйте! Сколько стоит аренда пневматического степлера?
290,не вопрос клиента,Добрый  вечер
291,не вопрос клиента,"Здравствуйте, тепловые пушки есть в наличии?"
292,лестница,"Здравствуйте, нужна высокая стремянка , метров 5"
293,заклепочник,"Здравствуйте, есть ли у вас заклепочник под каленые заклепки 8мм ?"
294,пила ленточная,Добрый день! У Вас есть ленточная пила в аренду?
295,виброплита,"Добрый день ,сколько будет стоит вибро плита на сутки с доставкой?"
296,лобзик,"Здравствуйте  нужен электролобзик на сутки, сегодня можно взять в аренду,"
297,не вопрос клиента,Добрый вечер
298,сварочный аппарат,Нужен инвертор- сварочник.Чё-почём(?!) Привет.
299,торцовочная пила,Можно арендовать торцовочную пилу? Стоимость аренды?
300,лестница,Здравствуйте! Какая у Вас самая высокая стремянка?
301,сварочный полуавтомат,"Здравствуйте, сварочный полуавтомат нужен , дня на 4 , что по цене ?"
302,пила погружная,"Здравствуйте! Подскажите, циркулярная пила(распилить столешницу кухонную) есть в наличии? И какая стоимость?"
303,виброплита,"Добрый ночи, интересует виброплита, трамбовать 20-30см песок щебень, какой виброплита нужен?  аренда с доставкой ул Сортировочная-Московская"
304,прогрев бетона,"Добрый ночи, интересует  оборудование для прогрева бетона,  аренда с доставкой ул Сортировочная-Московская"
305,лазерный уровень,"Добрый ночи, интересует лазерный невилер, аренда с доставкой ул Сортировочная-Московская"
306,культиватор,Здравствуйте. Культиватор есть у вас в аренду?
307,перфоратор,Здравствуйте. Сегодня работаете? Перфоратор есть?
308,не вопрос клиента,Добрый вечер
309,перфоратор,"Здравствуйте! Подскажите пожалуйста, есть ли у вас перфоратор и сколько он стоит в сутки?"
310,вопрос по режиму работы,Вы сегодня работаете?
311,торцовочная пила,Добрый день! Подскажите пожалуйста есть ли у вас в аернду торцовочная пила ?
312,дрель-шуруповерт,добрый вечер! сегодня возможно арендовать дрель?
313,реноватор,"Добрый день. Необходимо арендовать реноватор. Подскажите по наличию. Еще подскажите, идет ли в комплекте оснастка?"
314,пылесос,Здравствуйте. Сколько стоит аренда строительного пылесоса?
315,реноватор,Здравствуйте. У вас есть реноватор?
316,лестница,"Здравствуйте. Вы сегодня работаете? Если да, то у вас есть стремянка на 7 ступеней (1.48м площадка) в аренду? И сколько это по стоимости на сутки"
317,миксер,"Здравствуйте! Можно на завтра забронировать строительный миксер ручной? Скорее всего на сутки, т.к. до 18-00 не успею вернуть."
318,торцовочная пила,Добрый день мне нужна торцовка для того чтобы отпилить плинтус из полистирола ( ударопрочный)
319,не вопрос клиента,Здравствуйте
320,сварочный полуавтомат,"Здравствуйте! Подскажите, у вас сварочный полуавтомат в аренду на сутки можно взять?"
321,нет такого инструмента,"Добрый день, подскажите пожалуйста есть ли у вас ударный ключ на 30мм"
322,пылесос,Здравствуйте!  Нужен в аренду строительный пылесос. Сколько за сутки? И сколько будет стоить взять на месяц?
323,не вопрос клиента,Здравствуйте
324,лобзик,"Здравствуйте, нужен электрический лобзик на сегодня, сколько будет стоить на 1 сутки?"
325,пылесос,"Здравствуйте, нужен мощный строительный пылесос. У нас есть обычные строительный пылесос с 1 турбиной, но он не справляется. Задача такая: по площади всей квартиры убрали плитку и остался мусор, мы сколько смогли прошли щетками, и нужно привести пол в порядок."
326,шуруповерт,"Здравствуйте, сколько стоит аренда шуруповерта самого простого на сегодня"
327,пила дисковая,Дд Подскажите пожалуйста стоимость аренды циркулярной ручной пилы И второе: торцовочной
328,торцовочная пила,"нужна торцовочная пила с протяжкой, с глубиной пропила не менее 90 см. Есть такое? стоимость аренды?"
329,перфоратор,Здравствуйте. Сколько стоит аренда перфоратора. Нужно сделать 8 отверстий в бетоне. Аренда на день
330,реноватор,Здравствуйте. Ренноватор сдаете в аренду? Стоимость? Где можно забрать?
331,не вопрос клиента,Добрый вечер!
332,не вопрос клиента,Добрый день! С прайсом можно ознакомиться?
333,перфоратор,"Здравствуйте! Подскажите, пожалуйста, у вас есть ударная дрель с функцией перфоратора? И можно, пожалуйста, узнать условия аренды?"
334,гвоздезабивной пистолет по бетону,здравствуйте. сколько будет стоить аренда гвоздезабивной пистолет аккумуляторный
335,не вопрос клиента,Добрый день.
336,паркетно-шлифовальная машина,Здравствуйте. А циклевщик для Пола есть?
337,бензопила,"Добрый вечер  Интересует бензопила , 462 или выше Аренда на 4 дня , возможно больше"
338,пила дисковая,"Здравствуйте, меня интересует, 1)пила паркетница, если да, то сколько будет стоить аренда на 2 суток"
339,лазерный уровень,"Здравствуйте, меня интересует, 2)лазерный уровень, если да, то сколько будет стоить аренда на 2 суток"
340,степлер,"Здравствуйте, меня интересует, 3)степлер электрический, если да, то сколько будет стоить аренда на 2 суток"
341,не вопрос клиента,Добрый вечер
342,шлифовальная машина,"Здравствуйте,сориентируйте по наличию шлифмашинки по дереву ,ее стоимости и возможности аренды на воскресенье"
343,дрель для алмазного бурения,"Здравствуйте, имеется дрель с коронкой для подрозетника (68мм)?"
344,УШМ,"Здравствуйте, подскажите, есть ли в наличии в аренду болгарка?"
345,паркетно-шлифовальная машина,"Здравствуйте! Скажите пожалуйста, имеется в прокате Паркетошлифовальные машины? Если да, в какую стоимость прокат?"
346,паркетно-шлифовальная машина,"Здравствуйте, у вас есть циклевочная машина? Сколько стоит аренда?"
347,сварочный полуавтомат,"Здравствуйте, а сколько сварчный полуавтомат ампер минимум и цена"
348,лобзик,Добрый день! У вас в аренду аккумуляторный электро лобзик или аккумуляторная сабельная пила?
349,гвоздезабивной пистолет по бетону,Здравствуйте. Гвоздезабивной пистолет можно взять в аренду? Какая цена и условия ?
350,краскопульт,"Здравствуйте, есть электрический пуливилизатор"
351,не вопрос клиента,"здравствуйте, могу ли я придти к вам с инструментом маленьким, чтобы вы обрезали, я просто не умею инструментом пользоваться"
352,паяльник для ПВХ труб,Здравствуйте. Подскажите у вас есть инструмент для резки металлопластиковых труб?
353,не вопрос клиента,Сообщение удалено
354,триммер,Здравствуйте. Сколько будет стоить бензопила и триммер с ножом и леской? На день
355,перфоратор,"Здравствуйте, нужен мощный перфоратор, есть возможность взять у вас в аренду?"
356,степлер,"Здравствуйте, сколько стоит аренда степлера"
357,шлифовальная машина,"Здравствуйте, шлифовальная машина для дерева на акомулятлое есть?"
358,перфоратор,Здравствуйте! Хотела бы узнать возможно ли взять перфоратор (который подойдёт для кирпичной стены) на воскресенье и сколько это будет стоить?
359,перфоратор,Здравствуйте. Нужен перфоратор или дрель с ударным механизмом. Повесить зеркало
360,не вопрос клиента,Добрый день
361,плиткорез ручной,"Здравствуйте. Подскажите, интересует плиткорез. Что у вас есть из наличия и какая будет стоимость аренды ?"
362,заклепочник,Добрый день! подскажите есть ли в аренду резьбовой заклепочник?
363,УШМ,"Здравствуйте! Нужен болгарка на день, сколько выйдет?"
364,сварочный аппарат,"Здравствуйте! Нужен сварочник на день, сколько выйдет?"
365,нет такого инструмента,Электропилу в аренду сколько будет
366,не вопрос клиента,Здравствуйте!
367,пылесос,Добрый день ! Сколько стоит аренда строительного пылесоса ?
368,бензобур,Здравствуйте. Требуется бур шнек 300 с доставкой. Оплата по р/с  с НДС
369,перфоратор,Здравствуйте. Можно ли будет у вас завтра взять перфоратор в аренду? И сколько стоит на сутки
370,пылесос,"Здравствуйте, хотел бы завтра взять пылесос на день. Пропылесосить стяжку перед заливкой ровнителя. Не нашел объявления, сколько будет стоить ?"
371,газонокосилка,"Здравствуйте. Подскажите , у вас можно арендовать газонокосилку и какая цена за сутки ?"
372,генератор,"Здравствуйте, есть генератор от 5 кВт ? Завтра на день"
373,лестница,"Добрый день) нам нужна стремянка в среду к 10.00, на 1 день Подскажите , есть ли у Вас доставка и какой высоты есть?  Потолки в помещении 3.5м, необходим доступ до потолка"
374,перфоратор,"Здраствуйте,перфоратор в аренду у вас есть?цена аренды?"
375,пылесос,"Здравствуйте, у вас есть пылесос для болгарки ?"
376,лестница,"Добрый день. Подскажите, у вас будет стремянка высокая для работы с потолком 4м-4.3м?"
377,паркетно-шлифовальная машина,"Добрый день, в какую стоимость будет аренда циклевочной машины по паркету ?"
378,торцовочная пила,Здравствуйте  Нужна торцовка на 2-3 дня Какая стоимость?
379,торцовочная пила,"Добрый день! Ищем для работ небольшую торцовочную пилу. Подскажите, пожалуйста у Вас найдется такой инвентарь?"
380,лестница,"Добрый день! Ищем для работ стремянку до 100 сантиметров (можно +-20 сантиметров -- не критично). Подскажите, пожалуйста у Вас найдется такой инвентарь?"
381,лобзик,"Добрый день, хочу взять в аренду аккумуляторный электролобзик в воскресенье с утра"
382,лестница,"Добрый день! Просьба уточнить возможно и стоимость. Нужны две лестницы-стремянки. Трансформер и трехсекционная. На 3-5 дней, с сегодняшнего дня или завтра. С возможностью доставки: проспект Энгельса, дом 27. Оплата: желательно безнал, возможно?"
383,не вопрос клиента,Здравствуйте
384,дрель-шуруповерт,"Здравствуйте,в какую цену будет прокат дрели на сутки? Я могу сейчас без проблем подъехать"
385,бензобур,"Добрый вечер! Подскажите, пожалуйста, есть ли у вас бензобур?"
386,триммер,"Добрый вечер! Подскажите, пожалуйста, есть ли у вас триммер бензиновый (мотокоса)?"
387,сварочный полуавтомат,Сколько стоит аренда сварочного полуавтомата ?
388,вопрос по режиму работы,Подскажи вы с 09:00 или с 10:00 в выходные ? На авито написано с 09:00 на картах с 10:00
389,паркетно-шлифовальная машина,"Доброй ночи, в какую стоимость аренда циклевальной машины для паркета дубового ?"
390,пылесос,"Здравствуйте, подскажите пожалуйста, есть ли пылесос который подойдет для уборки полов после ремонта (надо избавиться от белой пыли)"
391,не вопрос клиента,Здравствуйте
392,нет такого инструмента,"Здравствуйте, электробур по чем можно арендовать?"
393,сварочный полуавтомат,"Здравствуйте! Интересует сварочный полуавтомат в аренду, на 2дня"
394,не вопрос клиента,Здравствуйте
395,фен,"Здравствуйте!  Нужно снять старую краску с деревянных дверей.   Я так понимаю, нужна аренда строительного фена? Если неправильно понимаю, подскажите, пожалуйста.  И сразу с ценами с доставкой от/до Загородного проспекта, 24, Спб  Спасибо!"
396,УШМ,"Здравствуйте!  Нужно снять старую краску с деревянных дверей.   Я так понимаю, нужна аренда болгарки? Если неправильно понимаю, подскажите, пожалуйста.  И сразу с ценами с доставкой от/до Загородного проспекта, 24, Спб  Спасибо!"
397,краскопульт,Здравствуйте! Краскопульт на завтра есть? Какой и стоимость аренды?
398,торцовочная пила,"Здравствуйте, какова стоимость аренды торцовочной пилы ?"
399,лестница,"здравствуйте, есть ли у вас лестница трансформер в аренду, что бы в разложенном виде не меньше 3 метров в длинну была? и сколько будет стоить на 3 часа?"
400,лобзик,Здравствуйте  Нужен лобзик для выреза столешницы в аренду на 1 день
401,торцовочная пила,Здравствуйте. У вас есть торцовочная пила?
402,перфоратор,"Здравствуйте, а перфоратор сколько будет стоить?"
403,пылесос,"Здравствуйте,можно ли заехать через минут 20 взять в аренду строительный пылесос?"
404,шуруповерт,"Добрый день, подскажите, пожалуйста, стоимость аренды шуруповерта?"
405,штроборез,Добрый день! Штроборезы есть?
406,лестница,Добрый день !   Интересует аренда лестницы на сутки высотой 9-11 метров  И по какому графику работаете ?
407,не вопрос клиента,Добрый вечер
408,перфоратор,"Здравствуйте, у вас есть перфоратор в аренду? Сколько стоит?"
409,не вопрос клиента,Здравствуйте!
410,рейсмус,Здравствуйте я по поводу рейсмус а утром могу получить
411,торцовочная пила,Здравствуйте.У вас есть в аренду торцовка по металлу?
412,нет такого инструмента,Здравствуйте есть набор гаечных ключей в аренду?
413,дрель-шуруповерт,Здравствуйте! Скажите пожалуйста сколько стои аренда дрели?
414,штроборез,Доброго дня! Интересует аренда штробореза
415,пылесос,Доброго дня! Интересует аренда строительного пылесоса
416,не вопрос клиента,Добрый день
417,гвоздезабивной пистолет по бетону,Добрый день есть аренда монтажного пистолета?
418,лобзик,Добрый день! Подскажите стоимость аренды лобзика электрического?
419,реноватор,Здравствуйте  Можно сегодня взять в аренду реноватор?
420,лазерный уровень,"Здравствуйте, есть ли в вас в аренду лазерный уровень?"
421,виброплита,"Здравствуйте, у вас есть на завтра аренда трамбоки 160-200кг?"
422,лестница,Здравствуйте. У вас есть лестница от 5м?
423,шуруповерт,"Здравствуйте, хотел бы взять в аренду у вас 2-3 шуроповерта мощных  Нужно вкручивать саморезы через листвиницу в металл  На суббота воскресенье"
424,станок распиловочный,"Добрый вечер! Скажите пожалуйста распиловочный станок у вас можно в аренду взять, завтра или послезавтра"
425,фен аккумуляторный,Здравствуйт! Есть фен аккумулятор?
426,бур для перфоратора,"Добрый день, есть бур по бетону 50мм?"
427,перфоратор,Добрый день ! Перфоратор возможно сегодня у вас взять  ?
428,фрезер,"Здравствуйте, подскажите сколько стоит аренда фрезера ? На 2 дня"
429,сварочный полуавтомат,По чем полуавтомат
430,не вопрос клиента,Здравствуйте
431,жираф,Здравствуйте! У вас есть шлифмашика для штукатурки? Сколько будет стоить аренда?
432,не вопрос клиента,Здравствуйте
433,лобзик,"здравствуйте, а у вас есть лобзик?"
434,генератор,"Добрый день, Есть ли электрогенератор 3 фазы , 5-6 кВт? Если есть , сколько стоит аренда сутки?"
435,дрель-шуруповерт,здравствуйте  у вас есть дрель со сверлом именно для кафеля?
436,перфоратор,"Добрый день! Мне нужен в аренду примерно дня на 4-5 перфоратор с силой удара от 4 до 8Дж + к этому перфоратору  насадка для сверления под розетку ( круглой формы, по моему её называют короной, но могу ошибаться) + насадка для штробления стены( бетон) под проводку.  Есть ли в наличии и стоимость прибора и доставки в черте СПб?"
437,не вопрос клиента,Здравствуйте
438,нет такого инструмента,"Здравствуйте, есть в аренду подметальные машины?"
439,пылесос,Здравствуйте) сколько стоит аренда строительного пылесоса?
440,не вопрос клиента,Здравствуйте. Где можно посмотреть прайс на инструменты?
441,лестница,"Здравствуйте ,  стремянку за сколько можно аредовать ?"
442,перфоратор,"Добрый день, скажите, пожалуйста, сегодня можно будет перфоратор в аренду взять?"
443,пушка тепловая,"Здравствуйте. Подскажите пожалуйста, есть ли в наличии тепловая пушка? И какие условия?"
444,машина полировальная,Добрый день есть ли у вас полировальная машинка
445,сварочный полуавтомат,"Здравствуйте, сколько стоит аренда простого полуавтомата ?"
446,торцовочная пила,Доброе утро! Нужна торцовочная пила.
447,торцовочная пила,Здравствуйте у вас тарсовка есть на 45° градусов
448,вопрос по режиму работы,Добрый день завтра можно будет инструмент арендовать?
449,лобзик,"Здравствуйте, сколько стоит в аренду лобзик и какие условия?"
450,шуруповерт,"Добрый день, подскажите пожалуйста, есть ли у вас шуруповёрт в прокате и сколько будет стоить его аренда на день?"
451,нет такого инструмента,"Добрый день, подскажите пожалуйста, есть у Вас пила по газобетону?"
452,шуруповерт,"здравствуйте, у вас есть в аренду дрель, шуруповерт и крестообразная ответрка?"
453,лобзик,"Добрый вечер! Подскажите, у вас есть электро-лобзик?"
454,торцовочная пила,Добрый вечер. Подскажите пожалуйста по аренде торцовочный пилы? Есть в наличии в. Какую стоимость?
455,пила дисковая,Добрый вечер. Интересует в аренду паркетка.
456,УШМ,"Здравствуйте, мне нужна болгарка с алмазным диском на воскресенье. У вас есть?"
457,степлер,Добрый вечер. Есть шпилькозабиватель ?Задача пробить мдф необработанный к стене и чтобы в шпаклевку на 2-3 мм зашло. Задача панели из мдф к стене прибить можно это сделать ?
458,нет такого инструмента,здравствуйте. У вас есть дорожная рейка длиной 3 метра?
459,гвоздезабивной пистолет по дереву,Здравствуйте. Есть гвоздизабивной пистолет под гвозди 100мм-130мм?
460,виброплита,Доброй ночи ! Трамбовка на завтра есть свободная ?
461,газовый баллон,"Здравствуйте, а сколько будет стоить взять в аренду балон?"
462,пушка газовая,"Здравствуйте, а сколько будет стоить взять в аренду газовую пушку?"
463,УШМ,Добрый день. Сколько стоит аренда болгарки на сутки или вечер?
464,сварочный полуавтомат,"Здравствуйте, сколько стоит арендовать сварочный полуавтомат на сутки?"
465,не вопрос клиента,Здравствуйте
466,пылесос,Здравствуйте. Стоимость аренды строительного пылесоса на выходные?
467,УШМ аккумуляторная,"Здравствуйте ,нужна аккумуляторная болгарка  Утром в субботу"
468,не вопрос клиента,"Здравствуйте, Коллеги"
469,краскопульт,Здравствуйте. Сколько стоит аренда краскопульта?
470,не вопрос клиента,Добрый вечер
471,вопрос по режиму работы,"Здравствуйте, на каких условиях даёте в аренду инструменты?"
472,гвоздезабивной пистолет по бетону,"Здравствуйте, ищу монтажный пистолет по бетону.  Есть ли свободный на среду?  Покажите фотки какой у Вас 🙏"
473,лазерный уровень,"Здравствуйте интересует лазерный уровень, есть в наличии?"
474,перфоратор,"Добрый вечер, сколько будет стоить перфоратор на прокат Нужно сломать стену"
475,сварочный аппарат,Здравствуйте. Сколько будет стоить аренда сварочного инвертора? Мне нужно 4 распред. коробки сварить.
476,пушка тепловая,Добрый день ! Есть тепловая пушка ?
477,не вопрос клиента,Здравствуйте
478,миксер,"Здравствуйте, сколько будет стоить аренда строительного миксера"
479,заклепочник,"Добрый вечер,клепальники электрические есть у вас в аренду?"
480,рейсмус,"Добры день, аренда рейсмуса в какую цену?"
481,генератор,"Здравствуйте,  интересует аренда генератора"
482,шуруповерт,"Добрый вечер, можно ли арендовать шуруповерт ?"
483,лестница,Здравствуйте Можно завтра арендовать лестницу на день?
484,миксер,Добрый день. Строительный миксер имеется в наличии?
485,пылесос,"Здравствуйте, хочу арендовать шлифмашинку для бетона (потолок) желательно с пылесосом чтобы она была на день (воскресенье, 31 августа). Есть ли у Вас такая и сколько она будет стоить?"
486,дрель-шуруповерт,"Здравствуйте, сколько стоит аренда дрели?"
487,краскопульт,"Здравствуйте! Мне нужен краскопульт для окраски фасада дома в аренду , есть у вас?"
488,краскопульт,"Здравствуйте. Подскажите, пожалуйста, стоимость аренды краскопульта в сутки и свободен ли 25-26 числа (завтра-послезавтра)?"
489,заклепочник,Здравствуйте есть заклепочник для вытяжных заклепок? Механический
490,дрель-шуруповерт,"Добрый день! Мне нужна дрель, какая цена аренды на сутки?"
491,перфоратор аккумуляторный,"Здравствуйте , есть перфератор аккумуляторный на завтра ?"
492,осушитель воздуха,Здравствуйте. Можно зарезервировать на завтра до 12ч осушитель?
493,торцовочная пила,"Здравствуйте, торцевую пилу в какую стоимость можно взять в аренду на день?"
494,триммер,Здравствуйте! Мне нужен триммер на завтра на день
495,УШМ,Здравствуйте. Сколько стоит аренда болгарки с алмазной чашкой? Мне нужно снять краску со стены
496,рейсмус,Здравствуйте! Нашу организацию (я представляю сейчас ИП) - интересует взять в аренду Станок рейсмусовый деревообрабатывающий с шириной обработки не менее 250 мм Какие условия аренды: 1. Кто может выступать арендатором? 2. Наличие/объем залога? 3. Стоимость аренды (сроки/цена)? 4. Возможность доставки арендодателем (находимся Канонерка)? Благодарю!
497,не вопрос клиента,Сообщение удалено
498,реноватор,Добрый день можно на завтра забронировать рановатор
499,перфоратор,Добрый день!  можно будет в аренду перфоратор взять? и сколько будет стоить?
500,степлер,"Добрый день. Интересует степлер электрический, гвозди от 40 мм. Есть такое?"
501,рейсмус,"Добрые день, скажите пожалуйста, сколько стоит аренда рейсмусового станка?"
502,реноватор,Добрый день! Необходима аренда реноватора на сутки. Подскажите стоимость с самовывозом на Парнасе?
503,перфоратор,"Здравствуйте! Подскажите, сколько будет стоить аренда перфоратора на день? Интересует на завтра 19.08"
504,мотопомпа,Добрый день. Есть ли у Вас мотопомпа в аренду? Сколько стоит в сутки?
505,перфоратор,"Здравствуйте,нужен перфоратор"
506,УШМ,"Здравствуйте, сколько стоит арендовать болгарку на пол для?"
507,паркетно-шлифовальная машина,Здраствуйте есть ли в аренду циклевочная машина? Оплата по безналу.
508,вопрос по режиму работы,Доброе утро! Когда можно будет подъехать к вам?
509,не вопрос клиента,Добрый день
510,пылесос,"Здравствуйте! Подскажите, пожалуйста, есть в аренду строительный пылесос? Какая стоимость?"
511,реноватор,"День добрый, реноватор в аренде есть у вас?"
512,триммер,Здравствуйте. Триммер бензиновый или хорошей мощности электрический имеется в аренду?
513,нет такого инструмента,Доброе утро. У вас есть резьбонарезной ручной станок?
514,паркетно-шлифовальная машина,"Добрый день!  Подскажите, пожалуйста, есть ли у вас циклевочная машина?  Сколько будет стоить аренда на день и какой вид/модель циклевочной машины?"
515,пылесос,"Добрый день!  Подскажите, пожалуйста, есть ли у вас циклевочная машина и пылесос к ней?  Сколько будет стоить аренда на день и какой вид/модель циклевочной машины?"
516,не вопрос клиента,Здравствуйте!
517,торцовочная пила,Добрый вечер. У вас есть торцевая пила?
518,резчик швов,Добрый день! Есть ли у вас доставка и вывоз? И какая стоимость будет за аренду нарезчика швов на 2 дня. (Режем асфальт)
519,пила погружная,"Здравствуйте, у вас есть погружная пила с шиной аккумуляторная?"
520,пылесос,"Здравствуйте, нужен строительный пылесос и шлифовальная машина по бетону, для потолка, есть ли а вас в наличии? что для этого нужно?"
521,резчик швов,Здравствуйте.  Нужно пропилить дорожную плиту.  Что посоветуете?  Глубина Реза нужна от 20 см.
522,дрель магнитная,Здравствуйте! Предлагается ли в аренду. Магнитный сверлильный станок
523,не вопрос клиента,Здравствуйте
524,нет такого инструмента,"Здравствуйте, есть зажим для фальцевой кровли?"
525,не вопрос клиента,Добрый день
526,шлифовальная машина,"Добрый день, у Вас есть шлиф машинка в аренду?"
527,шуруповерт,Здравствуйте.  Шуруповерт на сутки сколько стоит и какие условия?
528,не вопрос клиента,Здравствуйте
529,паркетно-шлифовальная машина,"Здравствуйте, нужна в аренду циклевочная машинка для паркета"
530,сварочный полуавтомат,Добрый день. Подскажите сколько стоит аренда сварочного полуавтомата на сутки?
531,пресс для труб РЕ-Х,Здравствуйте! Аксиальный прес под рехау есть ?
532,паяльник для ПВХ труб,Добрый вечер. У вас есть сварочный аппарат ппр с насадками 125-100 ?. То есть для больших диаметром ппр
533,дрель для алмазного бурения,Добрый день! Есть дрель для алмазного бурения?
534,машина полировальная,"Здравствуйте, аренда полировальной машинки сколько стоит?"
535,генератор,Здравствуйте. Какие варианты бензогенератора у вас есть и по какой цене?
536,машина полировальная,"Доброй ночи, извините за позднее сообщение, хотел бы узнать стоимость аренды полировальной машинки для автомобиля"
537,перфоратор,"Здравствуйте, сколько будет стоить перфоратор на 1-2 часа"
538,пушка тепловая,"Здравствуйте. Уточните, пожалуйста, есть ли у вас в аренду обогреватели?"
539,газонокосилка,Добрый день! А сколько стоит аренда газонокосилки?
540,пылесос,"Здравствуйте, у вас есть пылесосы для чистки мебели?"
541,не вопрос клиента,Здравствуйте
542,удлинитель электричексий,"Добрый день! У вас есть удлинитель 220в -,40/50 метров сегодня на сутки?"
543,газонокосилка,Аренда газонокосилки ск стоит у вас?
544,фрезер,"Здравствуйте, подскажите, можно ли взять фрезер в аренду и сколько будет стоить"
545,пылесос,"Добрый день,  можно взять в аренду строительный пылесос? На сутки с 2 по 3 августа"
546,плиткорез ручной,"Добрый день,  можно взять в аренду плиткорез? На сутки с 2 по 3 августа"
547,УШМ,Здравствуйте! У вас есть на сутки или двое болгарка увеличенного диаметра? 200 например  СПб
548,генератор,Добрый вечер Требуется арендовать генератор мощность 5кВт На 22.08 С 15:00 до 23:00 Подскажите пожалуйста сколько это может стоить ? Также имеется ли возможность осуществить трансфер и при необходимости завести генератор?
549,перфоратор,"Здравствуйте, сколько стоит аренда перфоратора"
550,пылесос,Здравствуйте. Интересует аренда строительного пылесоса на 1 день. Нужен в понедельник 22.07.2025 . Сколько будет стоить и когда можно забрать?
551,триммер аккумуляторный,Добрый день! У Вас есть в прокат аккумуляторный триммер ?
552,пылесос,Здравствуйте сколько стоит аренда строительного пылесоса
553,сварочный аппарат,"здравствуйте, мне приварить две железки, что мне для этого посоветуете взять в аренду?"
554,перфоратор,добрый день! а можно у вас сегодня будет взять перфоратор в аренду?
555,перфоратор,"Добрый день,подскажите пожалуйста сколько будет стоить арендовать перфоратор и сверло на 8 и 12 при возможности?"
556,нет такого инструмента,Добрый день! Сколько будет стоить аренда электропилы на 2 дня ? И куда надо подъехать? Часы работы
557,торцовочная пила,"Здравствуйте! Нужна торцовочная пила с диском, чтобы аккуратно резать углы плинтуса МДФ , какие условия и стоимость аренды ?😊"
558,перфоратор,"Здравствуйте, есть ли у вас в наличии следующие инструменты?  перфоратор ножницы по металлу  Нужно взять в аренду завтра в середине дня на двое суток. И сориентируйте пожалуйста по стоимости."
559,УШМ,"Здравствуйте, есть ли у вас в наличии следующие инструменты?  болгарка с диском по металлу  Нужно взять в аренду завтра в середине дня на двое суток. И сориентируйте пожалуйста по стоимости."
560,шуруповерт,"Здравствуйте, есть ли у вас в наличии следующие инструменты?  шуруповерт  Нужно взять в аренду завтра в середине дня на двое суток. И сориентируйте пожалуйста по стоимости."
561,отбойный молоток,Здравствуйте бетонолом есть у вас сколько джоулей и какая модель?
562,паяльник для ПВХ труб,"Здравствуйте, ищу сварочный аппарат для полипропиленовых труб диаметром 90мм.у вас такой есть?"
563,пылесос,"Здравствуйте, подскажите сколько у вас стоит аренда пылесоса кёрхер, например вд 3?"
564,вопрос по режиму работы,"Добрый день, по поводу аренды сколько стоит инструменты?"
565,не вопрос клиента,Сообщение удалено
566,фен,Добрый день! Сколько будет стоить аренда строительного фена на день?
567,УШМ,Ушм 230 сколько в день?
568,машина полировальная,"Здравствуйте, возможно завтра взять в аренду полировочную машинку?"
569,не вопрос клиента,Сообщение удалено
570,фрезер,"Добрый вечер, подскажите, будет ли фрезер с фрезой для врезки замков на завтра в аренду взять?"
571,генератор,Здравствуйте. Нужен генератор в аренду на эти выходные для питания походного холодильника. Есть небольшой свободный в наличии?
572,лобзик,"Здравствуйте, можно взять в аренду электролобзик на двое суток?"
573,перфоратор,Добрый день Сколько будет стоить аренда перфоратора на сутки
574,лобзик,"Здравствуйте, есть лобзик в наличии и сверло по дереву к нему?"
575,торцовочная пила,"Добрый вечер! Подскажите пожалуйста, могу ли я взять у Вас в аренду торцовочную пилу завтра утром на сутки?"
576,шлифовальная машина,"Здраствуйте, есть ли к вас шлифмашинки на аккумуляторе ?"
577,бур для перфоратора,Здравствуйте. У Вас есть бур для установки кондиционера?
578,нет такого инструмента,Здравствуйте есть аппарат для снятия кровли ?
579,перфоратор,"Доброго вечера, подскажите стоимость  аренды перфоратора ?"
580,лестница,"добрый день нужна в аренду лестница трехсекционная, думаю ступеней на 7 хватит. нужно на одну ночь, работать в тц гранд каньон, ремонт кондиционера"
581,заклепочник,"Здравствуйте, есть в наличии электро заклепочник?"
582,виброплита,Здравствуйте!   Интересует аренда трамбовки 250-300кг есть ли у вас такая?
583,пылесос,"Добрый день, в аренду у вас есть пылесос и шлифовальная машинка?"
584,не вопрос клиента,Здравствуйте
585,нет такого инструмента,"Здравствуйте, сколько стоит аренда трубореза?"
586,пылесос,Здравствуйте возможно ли завтра взять пылесос строительный в аренду?
587,не вопрос клиента,Добрый день!
588,торцовочная пила,"Здравствуйте! торцовочная пила с протяжкой есть у вас? чтобы распилить стеновые панели, они тонкие но широкие 20см"
589,перфоратор,Добрый вечер  У вас есть Перфоратор. И сколько это будет стоить на 2 суток
590,УШМ,Добрый вечер  У вас есть  болгарка  И сколько это будет стоить на 2 суток
591,лазерный уровень,Добрый вечер  У вас есть лазерный уровень (любой )  И сколько это будет стоить на 2 суток
592,лобзик,Добрый вечер  У вас есть лобзик  И сколько это будет стоить на 2 суток
593,нет такого инструмента,Здравствуйте. Интересует ленточная шлифмашина машинка на роликах . есть ?
594,краскопульт,"Добрый день,краскопульт есть в наличии ?"
595,вопрос по режиму работы,"Добрый вечер, работаете сейчас?"
596,не вопрос клиента,Здравствуйте
597,не вопрос клиента,"Здравствуйте,вам нужен инструмент для монтажных работ ?"
598,УШМ,"Здравствуйте. А нет ли такой возможности, чтобы и мастера вместе с инструментом пригласить? Нужно болгаркой отпилить  полосу на декоративной плитке на балконе ?"
599,не вопрос клиента,Привет
600,бур для перфоратора,"Здравствуйте, а 32 бур есть в аренду?"
601,перфоратор,Добрый день по аренде перфоратора возможно сегодня ?
602,пушка электрическая,Здравствуйте есть электрическая пушка до 3КВТ?
603,не вопрос клиента,Добрый вечер
604,не вопрос клиента,Сообщение удалено
605,сварочный полуавтомат,"здравствуйте, сколько будет стоить арендовать полуавтомат на субботу и воскресенье?"
606,виброплита,"Добрый день! У вас возможно на завтра с доставкой заказать бенз.трамбовку на 90 кг. Адрес доставки: улица Понссе, территория Южная часть производственной зоны Горелово, Виллозское г.п., Ломоносовский район. Работаеи по безналу с НДС."
607,пылесос,Здравствуйте мне нужен строительной пылесос
608,не вопрос клиента,Добрый день
609,лобзик,"Добрый день, лобзик аккумуляторный есть?"
610,пылесос,"Здравствуйте. Подскажите, пожалуйста, стоимость аренды строительного пылесоса"
611,пылесос,Здравствуйте! Интересует строительный пылесос в аренду
612,сварочный полуавтомат,"Здравствуйте,сколько стоит аренда сварочного полуавтомата?"
613,резчик швов,А резчик швов сколько будет в аренду стоить? И какие есть?
614,пылесос,"Добрый день, хотела узнать у вас насчет цены за аренду пылесоса с шлангом, работы на пару минут🙏🏻 Нужно протянуть леску по гофре. По адресу метро Рыбацкое, в какую стоимость это выйдет?"
615,бур для перфоратора,"Добрый вечер! Есть в аренде бур 28х1000 и 32х1000 под sds plus. Сколько на сутки один и второй бур и если оба сразу возьму в аренду, цена такая же? Мне на полдня, максимум день. Спасибо"
616,фрезер,Здравствуйте! Нужно будет арендовать фрезер на следующей неделе на 1 день. Сколько будет стоить?
617,перфоратор,"Здравствуйте, интересует перфоратор sdc max и бур 40 д метр"
618,не вопрос клиента,добрый день
619,лобзик,Здравствуйте! Интересует лобзик электрический по дереву. Есть?
620,УШМ,"Здравствуйте, сориентируйте пожалуйста по ценам.  Аренда : болгарки  Сроком на 12 часов и допустим сутки"
621,миксер,"Здравствуйте, сориентируйте пожалуйста по ценам.  Аренда : строительного миксера  Сроком на 12 часов и допустим сутки"
622,лобзик,"Добрый вечер, подскажите есть ли в наличии электролобзик и пила циркулярная? Сколько по стоимости аренда?"
623,воздуходувка,"Добрый день, подскажите пжл, есть ли у вас в аренду воздуходувка? Сколько по стоимости будет? Благодарю)"
624,лестница,"Добрый день, подскажите пжл, есть ли у вас в аренду самая длинная стремянка, метров так 12? Сколько по стоимости будет? Благодарю)"
625,пылесос,"Добрый день, строительный пылесос есть в наличии в аренду?"
626,не вопрос клиента,Добрый день
627,не вопрос клиента,Здравствуйте
628,лобзик,Добрый вечер. Элекролобзик в прокат есть?
629,не вопрос клиента,Здравствуйте
630,УШМ,"Добрый день. Я забронировала маленькую болгарку минут 20 назад ,но потребность отпала,не могу дозвониться через Авито,скидывает вызов. Снимите бронь,пожалуйста,извините ,что так вышла. Наталья."
631,виброплита,Здравствуйте. Сколько стоит аренда виброплиты с накладкой (ковриком) для плитки?
632,не вопрос клиента,Доброй ночи
633,пылесос,"Добрый день! Подскажите пожалуйста. Если сегодня арендовать строительный пылесос, завтра смогу его вернуть? Или завтра не работаете?"
634,УШМ аккумуляторная,"Здравствуйте, у вас можно взять в аренду аккумуляторную болгарку?"
635,паркетно-шлифовальная машина,циклевочная машина есть на прокат?
636,пылесос,"Доброе утро, какая стоимость аренда строительного пылесоса на 1 сутки?"
637,дрель-шуруповерт,Здравствуйте! Можно забронировать на завтра дрель?
638,пила дисковая,Здравствуйте. Можно завтра взять циркулярную пилу в аренду?
639,перфоратор,"Здравствуйте. Хотели бы взять в аренду перфоратор, где то на пол дня, сегодня или завтра."
640,пистолет для герметика,Здравствуйте! Есть ли в парке электрический пистолет для герметика под пакеты?
641,сварочный полуавтомат,"Здравствуйте. Интересует аренда сварочника полуавтомата, с баллоном. Стоимость?"
642,сварочный полуавтомат,Здравствуйте интересует аренда полуавтомата
643,не вопрос клиента,Здравствуйте
644,шнек для бензобура,"Здравствуйте, если у вас буры для бензобура Если есть, то какие диаметры"
645,шуруповерт,"Здравствуйте, подскажите, можно ли сегодня подъехать арендовать шуруповерт-дрель? В районе 17:00"
646,жираф,Добрый день. Интересует  инструмент для шлифования стен.
647,паркетно-шлифовальная машина,"Добрый день. Нам нужно отшлифовать террасу от старой краски, площадь большая, нужна Большая шлифовальная машина, есть в наличие ?"
648,торцовочная пила,"Здравствуйте , нужна торцовка с протяжкой под 305 диск"
649,отбойный молоток,"Здравствуйте, у вас есть в наличии бетоноломы в аренду ?"
650,сварочный полуавтомат,Добрый день! Сколько будет стоить аренда сварочного полуавтомата на 2 дня?
651,пылесос,"Доброе утро, хочу арендовать пылесос Керхер"
652,сварочный полуавтомат,"Здравствуйте, у вас есть полуавтомат? И вы завтра работаете?"
653,газонокосилка,Добрый день. Есть в наличии газонокосилка в аренду?
654,не вопрос клиента,Здравствуйте
655,шуруповерт,"Здравствуйте, подскажите пожалуйста сколько будет по цене шуруповерт, на 1 день?"
656,перфоратор,Здравствуйте. Интересует аренда большого перфоратора
657,торцовочная пила,Здравствуйте у вас есть торцовочная пила 2 в 1 сколько будет стоить оренда на один день?
658,сабельная пила,"Здравствуйте! Подскажите, пожалуйста, стоимость аренды пилы сабельной."
659,рохля,Здравствуйте . Есть ли у вас рохля (Перевозка поддонов) в прокат на 1 день ? Загрузить завтра утром
660,станок распиловочный,"добрый день, станок для распила доски есть?"
661,не вопрос клиента,Здравствуйте
662,лестница,Добрый вечер! У вас в аренду телескопическая стремянка?
663,краскопульт,Здравствуйте! Есть краскопульт в аренду?
664,краскопульт,"здравствуйте , какие модели краскопультов у вас есть в наличии и за какую цену?"
665,газонокосилка,Здравствуйте! Есть ли в аренду газонокосилка на аккумуляторе/бензине?
666,виброплита,Здравствуйте! Сколько будет стоить аренда трамбовщика на понедельник 12 мая?
667,перфоратор,"Здравствуйте, подскажите сколько будет стоить перфоратор в аренду на сутки?"
668,торцовочная пила,здраствуйте.у вас есть торцовочные пилы в аренду?
669,гвоздезабивной пистолет по бетону,не обходим газовый пистолет для монтажа теплоизоляции 100мм под дюпель гвоздь в бетон
670,дрель-шуруповерт,"Здравствуйте, скажите пожалуйста, сколько будет стоить аренда дрели на сутки?"
671,пылесос,"Добрый день, сегодня у вас свободен строительный пылесос ?"
672,не вопрос клиента,Здравствуйте
673,нет такого инструмента,"Здравствуйте, подскажите пожалуйста чем лучше вспахать? землю с корнями - верхний слой 15 см не прокопать только топором. Готов арендоватт"
674,перфоратор,Добрый вечер  Есть перфоратор сверлом 35 ssd max ?
675,рейсмус,добрый день. есть у вас рейсмус небольшой
676,торцовочная пила,"Добрый день! Звонил Вам по торцовке с протяжкой. Отправляю Вам реквизиты для счета   ИНН: 7801486233 КПП: 781301001 ОГРН: 1087847019303 ОКПО: 89061796 Основной счет: Расчетный счет: 40702810502260009028 Банк: ФИЛИАЛ ""ЦЕНТРАЛЬНЫЙ"" БАНКА ВТБ (ПАО) БИК: 044525411 Корр. счет: 30101810145250000411 Второй счет: Расчетный счет: 40702810410000797899 Банк: АО ""ТИНЬКОФФ БАНК"" БИК: 044525974 Корр.счет: 30101810145250000974 Юридический адрес: 197046, г. Санкт-Петербург, Каменноостровский пр., д. 9/2, литера А часть нежилого помещения 7Н (пом.1) Фактический Адрес: 197229, г. Санкт-Петербург, Лахтинский пр-кт, дом 85, литера В, помещение Т-7/1, офис 263 Директор: Михайлов Вячеслав Анатольевич"
677,торцовочная пила,День добрый  есть торцовочная пила?
678,лестница,"Здравствуйте, нужна стремянка. У нас высота 5 метров, упереть не к чему, нужна желательно трехступенчатая, у вас будет такая?"
679,сабельная пила,"День добрый, сабельная пила в какую цену за сутки?"
680,не вопрос клиента,Привет добрий вечер.
681,краскопульт,Сколько стоит аренда краскопульта? Какие есть в наличии?
682,фрезер,У вас  есть шаблон для фрезера?
683,виброплита,Доброе утро. Нужна виброплита в аренду сегобня после 12.00. Есть ли возможность взять у вас? И какая стоимость в сутки?
684,генератор,"Добрый день, сколько стоит аренда генератора на сутки?"
685,паркетно-шлифовальная машина,"Здравствуйте, интересует аренда циклевочной машины. Хотела бы узнать условия и есть ли в наличии на завтра."
686,бензорез,"Здравствуйте, нужен бензорез под 400 диск Хускварна. Есть такой?"
687,гвоздезабивной пистолет по дереву,"Добрый день , нужен шпилькозабивной пистолет."
688,пила погружная,"Добрый день! Подскажите пожалуйста , у вас есть погружная циркулярная пила?"
689,лестница,Здравствуйте  У Вас можно арендовать телескопическую лестницу?
690,фрезер,Здравствуйте! Сколько у вас стоит арендовать фрезер ручной?
691,виброплита,Доброе утро! Интересует аренда виброплиты. Есть ли у Вас доставка по ЛО-Курортный район?
692,триммер,"Добрый вечер. Подскажите, пожалуйста, у вас есть в аренду триммер для травы и сколько стоит аренда на день?"
693,сварочный аппарат,Здравствуйте сколько стоит аренда сварочного аппарата
694,газонокосилка,"Здравствуйте,  подскажите какие газонокосилки у вас есть и цена аренды."
695,сварочный полуавтомат,"Добрый вечер, сварочный полуавтомат какой у вас ?"
696,перфоратор,"Здравствуйте. Хочу взять в аренду на 2 дня перфоратор и ушм, какие условия?"
697,гвоздезабивной пистолет по бетону,Здравствуйте! У вас есть в аренду монтажный пистолет?
698,перфоратор,"Здравствуйте. Можно ли взять у Вас. Аренду инструмент. Нужен лобзик, перфоратор, болгарка (УШМ). Какие условия. Интересует стоимость краткосрочной и долгосрочной аренды. Можно на ИП или частник."
699,пылесос,"Здравствуйте, нужна аренда строительного пылесоса на завтра"
700,лобзик,Здравствуйте мне нужен лобзик  В аренду можно оформить ?
701,паркетно-шлифовальная машина,Добрый день  Скажите пожалуйста у вас есть в Аренду машина циклевочная для паркета? Чтобы после укладки можно было ее шлифовать
702,перфоратор,"здравствуйте, сколько будет стоить аренда перфоратора?"
703,пылесос,"здравствуйте, скажите пожалуйста, есть ли у вас в наличии свободные пылесосы?"
704,машина полировальная,"Добрый вечер! Хотела уточнить, если я возьму у вас в аренду шлифмашинку - в комплекте идет насадка мягкая для полировки? Или аренда только самой машинки у вас?"
705,миксер,"Здравствуйте, подскажите, пожалуйста, можно ли взять на прокат строительный миксер (для подготовки раствора шпатлевки)?"
706,краскопульт,"Здравствуйте.  Краскопульт, стоимость аренды 1-2 суток? Условия?"
707,рейсмус,"Добрый день. У вас есть рейсмус в аренду? Какой производитель , модель?"
708,перфоратор,"Здравствуйте! Можно ли на завтра арендовать перфоратор? И подскажите, на какое количество часов можно арендовать?"
709,генератор,"Добрый день, интересна аренда генератора, на 12 ч (если возможно) где то на 2 Кв. Хочется знать его шум (в ДцБ) и вес. А также идёт ли заправленным или нет?"
710,не вопрос клиента,"Добрый день, я пишу диплом на похожую тему(перспективные области шеринговой экономики), которая как раз таки вы занимаетесь. Я столкнулся с проблемой оценки спроса и перспектив данного вида деятельности. Как я понимаю, у вас могли бы быть данные, которые я бы смог проанализировать и использовать данные для диплома. Я был бы очень благодарен за ответ. С уважением, Киселев Алексей Андреевич.  Студент 4 курса СПБГУ."
711,паркетно-шлифовальная машина,"Добрый вечер Скажите, есть ли циклевальная машина?"
712,краскопульт,Здравствуйте  Интересует аренда краскопульта на 08.05  Подскажите условия
713,шуруповерт,"Добрый день, если арендовать шуруповерт, то какие биты идут в комплекте ?)"
714,генератор,Здравствуйте сколько стоит аренда генератора на один день?
715,пылесос,Здравствуйте сколько пылесос стоит на день?
716,рейсмус,Здравствуйте. Стоимость аренды рейсмусового станка на 2 дня?
717,пылесос,Добрый вечер! Интересует аренда строительного пылесоса. Какая стоимость? На какое время арендуете?
718,бур для перфоратора,Здравствуйте. Бур сдс плюс длинный 1.5-2.5 метра есть ?
719,шуруповерт,Здравствуйте! У вас есть шуруповерт в аренду?
720,отбойный молоток,"День добрый,а есть в аренду отбойный молоток?"
721,дрель-шуруповерт,"Здравствуйте, хочу дрель со свёрлами по дереву на 1 час у вас взять. Нужно в двери сделать дверь для кота"
722,лобзик,"Здравствуйте, хочу лобзик на 1 час у вас взять. Нужно в двери сделать дверь для кота"
723,паркетно-шлифовальная машина,Здравствуйте. Интересует аренда дисковой циклевочной машины. На следующей неделе вт-ср-чт
724,шуруповерт,Вечер добрый. В ближайшие дни можно арендовать шуруповерт ?
725,лобзик,"Добрый вечер , есть аккумуляторный лобзик в наличии ?"
726,бур для перфоратора,"Здравствуйте, сколько стоит на сутки взять бур по бетону?"
727,паяльник для ПВХ труб,"Добрый день, паяльник для полипропилена есть у вас?"
728,не вопрос клиента,Добрый вечер!
729,пушка газовая,"Здравствуйте, газовая пушка в аренду есть?"
730,реноватор,Здравствуйте реноватор есть в аренду на сегодня  ?
731,перфоратор,Здравствуйте! Сколько будет стоить взять перфоратор и строительный пылесос на 2 дня
732,не вопрос клиента,Добрый день
733,пресс для труб РЕ-Х,Здравствуйте  у вас можно  арендовать пресс для трубы  рендхау
734,генератор,Здравствуйте нужен генератор или преобразователь для потребителя  1500вт
735,паркетно-шлифовальная машина,Здравствуйте! А циклевочная машина у Вас какая?
736,сварочный полуавтомат,"Здравствуйте, сколько будет стоить аренда полуавтомата с проволкой и смесью"
737,пылесос,"Добрый день, сколько стоит аренда строительного пылесоса?"
738,УШМ аккумуляторная,"Здравствуйте, у вас есть аккумуляторная ушм?"
739,шуруповерт,Добрый вечер  Могу взять завтра на прокат шуроповерт с насадками на крест?
740,сварочный аппарат,"Здравствуйте, сколько стоит аренда сварочного аппарата?"
741,не вопрос клиента,Здравствуйте
742,шуруповерт,"Здравствуйте, сегодня можно подъехать часов в 12 взять шруповерт на сутки?"
743,гвоздезабивной пистолет по дереву,"Здравствуйте, Уточните стоимость аренды гвоздезабивного пистолета и характеристики. Нужно для гвоздей 90"
744,бензобур,"Добрый день ,бензобур на 2 оператора сколько будет стоить аренда?"
745,пила дисковая,Здравствуйте.  Циркулярная пила нужна на завтра
746,не вопрос клиента,Здравствуйте
747,не вопрос клиента,Здравствуйте
748,паяльник для ПВХ труб,"Здравствуйте, есть у вас аппарат для сварки полиэтиленовых труб диаметром 280 и 560 мм с оператором?"
749,нет такого инструмента,Добрый день.  Есть в аренду фрейер для пней?
750,не вопрос клиента,Здравствуйте
751,не вопрос клиента,"Здравствуйте. Можно ли получить инструмент в аренду также без залога, если нет прописки В Спб и ЛО?"
752,виброплита,"Здравствуйте, трамбовка 140 кг. Почем аренда на день ?"
753,лобзик,"Здравствуйте. Есть ли у вас электро лобзик в аренду, и, если есть, подскажите пожалуйста стоимость? Спасибо!"
754,степлер,"Здравствуйте, Стахановец У вас можно взять в аренду степлер?"
755,перфоратор,Добрый день! Планирую взять комплект перфоратор и бур 45х600. Сможете помочь?
756,сварочный полуавтомат,Здравствуйте сварочный аппарат полуавтомат есть
757,лестница,"Здравствуйте, есть ли у вас в аренду стремянки на длительный срок?"
758,перфоратор,"Здравствуйте, подскажите пожалуйста, у вас есть промышленный перфоратор или может бур подойдет. Нужно в несущей стене проход сделать"
759,УШМ аккумуляторная,"Здравствуйте, есть в аренду аккумуляторная ушм?"
760,пушка газовая,Добрый вечер. Нужна газовая пушка
761,газовый баллон,Добрый вечер. Нужна газовый балон композитный
762,степлер,"Здравствуйте, подскажите цену за сутки на электро степлер?"
763,торцовочная пила,Здравствуйте подскажите какие условия аренды торцовочной пилы?  Нужно запилить под 45 дверные коробки  Толщина пропила 70см
764,реноватор,Здравствуйте нужен реноватор на сутки
765,не вопрос клиента,Здравствуйте
766,не вопрос клиента,Здравствуйте
767,сварочный аппарат,"Здравствуйте,сварочный аппарат в аренду у вас завтра есть?"
768,не вопрос клиента,Здравствуйте
769,степлер,Здравствуйте. Сколько будет стоить степлер в аренду? Электрический.
770,пылесос,"Здравствуйте, сколько будет стоить строительный пылесос в аренду?"
771,не вопрос клиента,Здравствуйте
772,шлифовальная машина,"Добрый день! Подскажите, сколько стоит аренда эксцентриковой шлифмашины на сутки?"
773,пила дисковая,Добрый день. У Вас есть паркетка в аренду и какая стоимость?
774,пылесос,Добрый день!  У вас есть в аренду строительный пылесос?
775,рейсмус,"День добрый! Подскажите рейсмус есть в свободный на Парнасе и какой,цена ?"
776,перфоратор,Доброе утро 🌄  подскажите  пожалуйста  сколько перфоратор в  аренду стоит на сутки ?
777,шлифовальная машина,"Здравствуйте, есть в наличии шлифовальная машинка для шлифовки авто?"
778,не вопрос клиента,здравствуйте
779,шуруповерт,"Здравствуйте, есть в аренду шуруповерт?"
780,шуруповерт,"Здравствуйте, в какую стоимость у вас будет арендовать шуруповерт?"
781,краскопульт,Добрый день какая цена аренды краскопульта? И какой он сам по себе? Шланг сразу в банку с краской можно положить? Благодарю
782,реноватор,Добрый вечер! Сколько у вас стоит взять в аренду реноватор?
783,фрезер,Добрый день. Сколько стоит аренда ручного фрезера?
784,не вопрос клиента,Здравствуйте хочу приобрести на завтра инструмент с 9 до 16:00
785,паркетно-шлифовальная машина,Добрый день. Есть циклёвочная машинка с мешком для паркета?
786,не вопрос клиента,Здравствцйте
787,УШМ,Добрый день. Сколько будет стоит аренда болгарки на 3 часа? (для плитки напольной)
788,шуруповерт,"здравствуйте, сейчас работаете? хотел бы арендовать шуруповерт"
789,не вопрос клиента,Добрый вечер
790,нет такого инструмента,Добрый вечер есть кондуктор для установке межкомнатных дверей
791,перфоратор,Здравствуйте! По чем аренда перфоратора
792,сабельная пила,"Здравствуйте,  нужна сабельная пила"
793,отбойный молоток,"Здравствуйте,  нужна отбойный молоток"
794,паркетно-шлифовальная машина,"Здравствуйте.  Нужно арендовать цыклевочную машину, для пола из сосновой доски, а также расходные материалы ( наждачной ленты) сколько будет стоить и когда можно будет взять в аренду? С уважением Анатолий"
795,сварочный аппарат,Здравствуйте. Есть в аренду сварочный аппарат?
796,перфоратор,Здраствуйте аренда перфоратора какая цена?
797,пушка дизельная,Добрый день! Нам необходимы 6 дизельных пушек для производства отделочных работ в монолитном доме
798,лобзик,Здравствуйте есть электро лобзик  в
799,генератор,Здравствуйте  Нужны в аренду бензогенератор и тепловая пушка 2-3 кВт
800,пылесос,"Здравствуйте! Подскажите., а строительные пылесосы есть в наличии?"
801,не вопрос клиента,Здравствуйте
802,гвоздезабивной пистолет по бетону,Добрый день! У вас есть в прокат  Газовый монтажный пистолет для теплоизоляции и какая будет цена в сутки
803,не вопрос клиента,здравствуйте
804,шуруповерт,"Добрый день! Нужен в прокат шуруповерт для сборки стола, подскажите стоимость и до скольки можно подойти забрать?"
805,вышка тура,"Добрый день. Сколько будет стоить аренда вышки тура на месяц в парголово. Высота 7м, 1,6*,8 . С доставкой и забором."
806,не вопрос клиента,Здравствуйте
807,станок распиловочный,Здравствуйте! Сколько стоит  распиловочный станок?
808,УШМ аккумуляторная,"Здравствуйте, есть ли у вас аккумуляторная ушм? Какая цена? Есть ли 3 штуки? Сколько залог? Какая ушм?"
809,пила дисковая аккумуляторная,Добрый день. Имеется у Вас в аренде пилы циркулярная аккумуляторная?
810,фрезер,Здравствуйте! есть фрезер торцевой по дереву?
811,фрезер,Здравствуйте! Интересует цена на аренду фрезера.
812,миксер,"Добрый день, нужен строительный миксер. на 1  день. цена вопроса и модели какие?"
813,шлифовальная машина,"Добрый день, имеется шлифмашинка ?"
814,лестница,Здравствуйте. Интересует аренда лестницы. Рабочая высота 8-9 метров с рогами
815,перфоратор,Добрый день! Какая стоимость аренды перфоратор и на какое время?
816,лазерный уровень,Здравствуйте. У вас есть лазерный уровень в аренду?
817,гвоздезабивной пистолет по бетону,Добрый день. Есть  ли газовый пистолет и сколько стоит в сутки арендовать? Входит ли в комплект гвозди по бетону и газ?
818,бензорез,Добрый день. Аренда с большим диском по бетону на сутки по какой цене будет?
819,не вопрос клиента,Добрый день!
820,пылесос,"Добрый день Интересует аренда строительного пылесоса  Есть вариант с насадкой-щеткой  какой-то, чтоб обои можно было тоже пропылесосить? И какая цена за сутки?"
821,перфоратор,Доброй ночи. Интересует перф. Обычный. Сверлить стены под гипрок и электрику. Цена в сутки? Спасибо!
822,фрезер,Здравствуйте! Сколько стоит в аренду фрезер?
823,УШМ аккумуляторная,"Добрый вечер,аккумуляторная болгарка есть у вас?"
824,генератор,"Добрый день. Подскажите, есть ли у вас два генератора в аренду на 4-5квт?"
825,шлифовальная машина,"Здравствуйте, сколько будет стоить взять на сутки орбитально шлифмашинку"
826,фен,"Здравствуйте, сколько будет стоить взять на сутки строительный фен"
827,лестница-трансформер,Здравствуйте. Интересует лестница трансформер. Получение завтра в 09.00. Возврат в 18.00. Есть возможность?
828,не вопрос клиента,"Здравствуйте, б/у инструмент выкупаете ?"
829,фен,"Здраствуйте, есть ли у Вас строительный фен в аренду?"
830,установка алмазного бурения,"Здравствуйте, у вас сверлильная установка есть , нужно в кирпиче отверстия сделать , длиной 600 мм и в диаметре 30 мм. Какие условия по аренде ? И если паспорта нет , а есть водительское удостоверение."
831,перфоратор,"Здравствуйте, аренда перфоратора интересует сколько стоит?"
832,торцовочная пила,"Здравствуйте, подскажите, пожалуйста, есть ли в аренду тррцовочная пила?"
833,не вопрос клиента,"Здравствуйте, есть такая?"
834,паяльник для ПВХ труб,"Брал, Паяльник электрический для сваривания пластиковых труб. Паяльник новый, греет отлично сделали все быстро. Спасибо Стахановцу!"
835,перфоратор,"Здравствуйте, сколько стоит аренда перфоратора на 2-3 часа?"
836,мотопомпа,Добрый день. Аренда мотопомпы в какую цену?
837,сабельная пила,Добрый день Есть сабельная пила в аренду?
838,шлифовальная машина,Шлиф машинка для шпаклёвки ручная имеется ?
839,компрессор,Компрессор для пескоструя
840,культиватор,Доброй ночи можно взять в аренду мото культиватор ?
841,не вопрос клиента,Здравствуйте
842,штроборез,"Здравствуйте, нужен штроборез на 2 дня"
843,не вопрос клиента,Здравствуйте
844,не вопрос клиента,Добрый день!
845,пылесос,Доброе! Мне нужен пилесос в аренду.  Скажите пожалуйста какой пилесос и стоимость?
846,пресс для труб РЕ-Х,Добрый день! Есть у вас пресс для труб rehau stout на период с 19 по 23?
847,паяльник для ПВХ труб,"здравствуйте. мне нужно взять в аренду паяльник и нож для полипропиленовых труб, сколько будет стоить на 1-2 дня? и когда есть возможность получить?"
848,пылесос,здравствуйте. мне нужно взять в аренду пылесос. сколько будет стоить на 1-2 дня? и когда есть возможность получить?
849,штроборез,"здравствуйте. мне нужно взять в аренду штроборез, сколько будет стоить на 1-2 дня? и когда есть возможность получить?"
850,пылесос,"Здравствуйте, подскажите пожалуйста, в какую стоимость выйдет аренда строительного пылесоса ?"
851,лестница,"Добрый день, хотел бы арендовать стремянку"
852,не вопрос клиента,Добрый день
853,металлоискатель,Здравствуйте! Нужен в аренду металлоискатель. Подскажите какая глубина поиска?
854,не вопрос клиента,Здравствуйте!
855,УШМ,"Добрый день. Скажите, можно ли у вас взять в аренду угловую шлифовальную машинку с защитным кожухом и пылеотводом?"
856,не вопрос клиента,Добрый вечер
857,пила дисковая,Здравствуйте пила циркулярная интересует
858,шлифовальная машина,Здравствуйте! есть ли у вас шлифовальная машинка?
859,УШМ,Добрый день! Возможно арендовать болгарку сегодня?
860,детектор проводки,"Добрый день, подскажите пожалуйста есть ли у вас в наличии тестер скрытой проводки? Необходимо найти кабельв стене  на глубине 5 см"
861,жираф,"Добрый вечер! Нужен жираф в аренду на пару дней, подскажите, пожалуйста, какой фирмы у Вас данный инструмент?"
862,плиткорез ручной,Добрый день. Интересует плиткорез в аренду для плитки размером 600мм. Подскажите наличие и цену.
863,не вопрос клиента,Здравствуйте
864,пресс для труб РЕ-Х,"Здравствуйте. Скажите, аксиальный пресс сейчас есть в аренду?"
865,перфоратор,Доброе утро вчера с вами договаривались о аренде перфоратора большого и бура 45 Человек едет будет у вас примерно в 09.00
866,вибратор,Добрый вечер. Завтра часов в 12 нужно 2 глубинных вибратора 6-ти метровых. На сутки
867,не вопрос клиента,Здравствуйте
868,не вопрос клиента,"Добрый день. После строительства Лахта-центр приехало на склад на Парнасе 15 паллет инструмента БУ, часть новое. Скинуть список для ознакомления? напишите почту или телефон (могу на ватцап)."
869,плиткорез ручной,"Добрый день. Плиткорез ручной в аренду есть?  Минимум 400 мм. Сколько залог, сколько сутки?"
870,пылесос,"здравствуйте! подскажите, пожалуйста, у вас есть пылесосы в аренду?"
871,паяльник для ПВХ труб,"Добрый день, насчёт паяльник пекс трубы хотел узнать если он у вас?"
872,перфоратор,"Здравствуйте, перфоратор на сутки можно взять?"
873,дрель-шуруповерт,"Здравствуйте, возможно сегодня арендовать дрель?"
874,перфоратор,"Здравствуйте, интересует аренда перфоратора.  Ориентир по датам с 30.12 по  3.01 Какая будет стоимость?"
875,генератор,"Добрый день. Хочу взять у Вас генератор, сроком примерно на 15 суток. Какая будет цена. Спасибо."
876,фен,"Добрый вечер, подскажите пожалуйста - фен строительный - сколько стоит на сутки и кто произхводитель фена?"
877,лестница,"добрый день, нужна сегодня к 19 часам лестница для работы на высоте 3,5 метра. Нужна на 1 день. Нужна доставка на Васильевский остров, Нахимова дом 9.  Сможете сделать? Сколько будет стоить?"
878,жираф,"Здравствуйте, хотела бы сегодня взять на прокат шлифовальную машинку для стен, аренда нужна на 3 дня, сколько будет по цене и можно ли прийти к вам сегодня"
879,пушка дизельная,"Доброго дня! Ищем пушки дизельные на 15 кВт, три штуки  в аренду с четверга, на 2-3 дня. Есть у Вас? Какие условия? Территориально Порошкино."
880,пресс для труб РЕ-Х,Аксиальный прес есть в аренде?
881,нет такого инструмента,Доброе утро Нам нужен в аренду ленточнопилтный станок  Для распилки алюминиевого профиля
882,не вопрос клиента,Добрый день
883,лестница,"Здравствуйте, у вас есть стремянка для лестницы?"
884,УШМ,"Здравствуйте, сколько по стоимости аренда болгарки 1 день?  Свободно на завтра ?"
885,не вопрос клиента,"Здравствуйте. Прайс лист, можно, пожалуйста?!"
886,домкрат подкатной,"Добрый день. Скажите пожалуйста, у вас есть домкрат подкатной в аренду?"
887,торцовочная пила,Здравствуйте! Торцовочный пила есть?
888,пылесос,Здравствуйте  Можно строительный пылесос на 3 дня? Введенская 7 Сколько будет стоить и когда возможна доставка
889,лестница,"Здравствуйте, лестница/стремянка высотой 2-2,5 метра есть у Вас? Нужна будет доставка."
890,нет такого инструмента,"Здравствуйте, наборы гаечных ключей, трещеток, головок, есть?"
891,бензорез,"Добрый день, есть ли бензорез с 400 диском в аренду на одни сутки?"
892,генератор,Здравствуйте. Интересует в аренду дизельный генератор от 60кВт и станция прогрева бетона от 40кВт.
893,шлифовальная машина,"Здравствуйте, интересует в прокат ручная шлифмашина. Есть ли, залог, стоимость в сутки?"
894,генератор,"Здравствуйте, нужен генератор , чтобы два сварачника смог запитывать и 2 тележки на завтра"
895,лестница,"Добрый вечер. Есть ли у вас лестницы 9,5 м?"
896,генератор,"Здравствуйте! Подскажите пожалуйста, нужен генератор для работы на складе большом, Для клининговых услуг и уборке после строительства. Ваш генератор подойдет под эти цели? Какая стоимость выйдет на 3 дня? Какие условия? Спасибо!"
897,пушка дизельная,Добрый день! У вас есть дизельная пушка в аренду на сегодня? Какая стоимость аренды на сутки и стоимость доставки?
898,не вопрос клиента,Здравствуйте
899,не вопрос клиента,Здравствуйте
900,пушка газовая,"Добрый вечер, тепловую газовую пушку 40-50 квт можно арендовать?"
901,торцовочная пила,Здравствуйте! Нужен торцовочник чтобы выполнить запил плинтуса под разные углы высотой 80 мм. Сколько будет стоить аренда такого инструмента и условия аренды.
902,вопрос по режиму работы,Здравствуйте до скольки работаете
903,УШМ,"Здравствуйте, скажите маленькую болгарку можно в аренду у вас взять? И по какой цене?"
904,паяльник для ПВХ труб,"Здравствуйте, скажите пистолет для пайки можно в аренду у вас взять? И по какой цене?"
905,вопрос по режиму работы,Привет! Это Анастасия. По поводу пушки для фасада. Дадите прямой номер?
906,пылесос,"Здравствуйте! Подскажите, пожалуйста, стоимость аренды пылесоса на 2 суток? И осуществляется ли доставка?  Адрес: Смольный 7Б. Нужно собрать строительную пыль перед чистовой отделкой. Площадь: 80 кв.м."
907,перфоратор,"Здравствуйте, интересует перфоратор и бур д32х1000"
908,штроборез,Здравствуйте! Штроборез 125 возможно в аренду взять
909,коронка по бетону,Здравчтвуйте. Нужна коронка по бетону 132мм.
910,генератор,"Добрый день! Нужен бензогенератор в аренду - 6,5-7 кВт. 1-фазный. На неделю. адрес: обуховской обороны,51 Безнал, юрлицо, НДС"
911,дрель для алмазного бурения,"Добрый утро,  есть дрель для сухого алмазного бурения?"
912,штроборез,"Здравствуйте,  хотел бы взять у вас в прокат штроборез, он у вас свободен? какие условия и сколько это будет стоить?"
913,не вопрос клиента,Здравствуйте
914,домкрат бутылочный,"Здравствуйте!  Какие домкраты есть в аренду с вечера четверга по воскресенье?  Режим работы?  Стоимость в сутки?  Без залога, верно?"
915,воздуходувка,"Добрый день, есть в наличии воздуходув? Если есть, то цена аренды."
916,УШМ аккумуляторная,"'Здравствуйте, нужна аккумуляторная болгарка для резки плитки на даче, сколько стоит взять на выходные'"
917,УШМ аккумуляторная,"  
'Добрый день, интересует аренда УШМ аккумуляторной на день для зачистки сварных швов'"
918,УШМ аккумуляторная,"  
'Привет, есть ли у вас в прокате беспроводная болгарка, нужно порезать пару труб'"
919,УШМ аккумуляторная,"  
'Здравствуйте, сколько стоит взять аккумуляторную УШМ на 4-5 часов для мелких работ по металлу'"
920,УШМ аккумуляторная,"  
'Добрый вечер, ищу болгарку без провода для резки арматуры на стройке, какие у вас условия'"
921,УШМ аккумуляторная,"  
'Здравствуйте, нужна аккумуляторная углошлифовальная машинка на сутки, есть в наличии'"
922,УШМ аккумуляторная,"  
'Привет, подскажите стоимость аренды УШМ на батарее, надо подрезать дверную коробку'"
923,УШМ аккумуляторная,"  
'Добрый день, можно ли сегодня взять беспроводную болгарку с диском по металлу'"
924,УШМ аккумуляторная,"  
'Здравствуйте, интересует прокат аккумуляторной УШМ для работ на высоте, где нет розеток'"
925,УШМ аккумуляторная,"  
'Привет, сколько стоит болгарка без провода на день, нужно зачистить ржавчину на заборе'"
926,рейсмус,"'Здравствуйте, нужен рейсмус на пару дней, чтобы доски для террасы выровнять, сколько стоит аренда'"
927,рейсмус,"  
'Добрый день, подскажите, есть ли у вас в прокате рейсмус, нужно обработать пару кубометров сосны'"
928,рейсмус,"  
'Привет, ищу рейсмус на выходные, какие у вас условия и цена'"
929,рейсмус,"  
'Здравствуйте, сколько стоит взять рейсмус на сутки, нужно для строгания досок под забор'"
930,рейсмус,"  
'Добрый вечер, есть ли рейсмус в аренду, нужно подготовить материал для обшивки бани'"
931,рейсмус,"  
'Здравствуйте, интересует рейсмус на 3 дня, какие модели у вас есть в наличии'"
932,рейсмус,"  
'Привет, нужен рейсмус, чтобы выровнять доски для пола, подскажите стоимость аренды'"
933,рейсмус,"  
'Добрый день, рейсмус нужен на сегодня, можно ли забрать прямо сейчас'"
934,рейсмус,"  
'Здравствуйте, сколько стоит аренда рейсмуса на неделю, планирую делать мебель'"
935,рейсмус,"  
'Привет, есть ли у вас рейсмус с шириной обработки от 300 мм, нужно для столярных работ'"
936,лазерный уровень,"'Здравствуйте, нужен лазерный уровень для выравнивания плитки в ванной, сколько стоит аренда на день?'"
937,лазерный уровень," 'Добрый день, подскажите, есть ли у вас лазерный уровень в аренду для установки потолков?'"
938,лазерный уровень," 'Здравствуйте, планирую класть ламинат, нужен лазерный уровень на выходные, какие условия?'"
939,лазерный уровень," 'Привет, можно взять лазерный уровень на пару часов для разметки стен под гипсокартон?'"
940,лазерный уровень," 'Добрый вечер, интересует лазерный уровень для выравнивания фундамента, сколько стоит аренда?'"
941,лазерный уровень," 'Здравствуйте, нужен лазерный уровень для монтажа каркаса на балконе, есть ли у вас такой?'"
942,лазерный уровень," 'Добрый день, подскажите стоимость аренды лазерного уровня на сутки для отделки квартиры?'"
943,лазерный уровень," 'Здравствуйте, ищу лазерный уровень для разметки потолка под освещение, есть ли у вас?'"
944,лазерный уровень," 'Привет, нужно взять лазерный уровень для установки дверей, сколько стоит аренда на день?'"
945,лазерный уровень," 'Добрый день, интересует лазерный уровень для выравнивания стен под покраску, есть ли у вас в прокате?'"
946,бур для перфоратора,"'Здравствуйте, нужен бур для перфоратора под бетон, диаметр 10-12 мм, есть в наличии?'"
947,бур для перфоратора,"  
'Добрый день, сколько стоит аренда бура для перфоратора на выходные?'"
948,бур для перфоратора,"  
'Привет, ищу бур под плитку, что-то мощное, чтобы не крошилось'"
949,бур для перфоратора,"  
'Здравствуйте, у вас есть бур для перфоратора с хвостовиком SDS-plus?'"
950,бур для перфоратора,"  
'Добрый вечер, нужен бур для сверления отверстий под розетки, какой диаметр посоветуете?'"
951,бур для перфоратора,"  
'Здравствуйте, сколько стоит взять бур на день, нужно пробить стену под трубу'"
952,бур для перфоратора,"  
'Добрый день, есть ли в прокате длинные буры (от 300 мм) для перфоратора?'"
953,бур для перфоратора,"  
'Привет, нужен бур под кирпич, диаметр 8 мм, есть такой?'"
954,бур для перфоратора,"  
'Здравствуйте, можно арендовать набор буров для перфоратора на неделю?'"
955,бур для перфоратора,"  
'Добрый день, ищу бур для перфоратора под анкера, что у вас есть в наличии?'"
956,штроборез,"'Здравствуйте, мне нужен штроборез для прокладки проводки в квартире, есть у вас в аренду?'"
957,штроборез," 'Добрый день, подскажите стоимость аренды штробореза на сутки'"
958,штроборез," 'Здравствуйте, нужно сделать штробы в стене, есть ли у вас штроборез?'"
959,штроборез," 'Привет, интересует аренда штробореза на выходные, сколько будет стоить?'"
960,штроборез," 'Здравствуйте, сколько стоит взять штроборез на день для ремонта в доме?'"
961,штроборез," 'Добрый вечер, нужен штроборез для прокладки кабеля, есть в наличии?'"
962,штроборез," 'Здравствуйте, подскажите, можно ли арендовать штроборез на завтра?'"
963,штроборез," 'Привет, есть ли у вас штроборез в аренду для мелкого ремонта?'"
964,штроборез," 'Здравствуйте, интересует аренда штробореза на несколько часов, какие условия?'"
965,штроборез," 'Добрый день, нужно сделать штробы в бетоне, есть ли у вас штроборез в прокате?'"
966,фен,"'Здравствуйте, нужен строительный фен для снятия старой краски, есть у вас в аренду?'"
967,фен," 'Добрый день, подскажите, сколько стоит аренда строительного фена на день?'"
968,фен," 'Здравствуйте, планирую утеплять трубы, нужен строительный фен, есть у вас?'"
969,фен," 'Привет, можно ли взять строительный фен на выходные для работ на даче?'"
970,фен," 'Здравствуйте, интересует аренда строительного фена для пайки пластиковых труб, какие условия?'"
971,фен," 'Добрый день, нужен фен для прогрева битума, сколько стоит аренда на сутки?'"
972,фен," 'Здравствуйте, подскажите, есть ли у вас в прокате строительный фен и сколько он стоит?'"
973,фен," 'Привет, нужен строительный фен для удаления наклеек со стекла, есть у вас?'"
974,фен," 'Здравствуйте, планирую работать с термоусадкой, можно ли арендовать у вас строительный фен?'"
975,фен," 'Добрый день, подскажите, сколько стоит аренда строительного фена на несколько часов?'"
976,степлер,"'Привет, нужен степлер для обивки мебели, есть у вас в аренде?'"
977,степлер,"  
'Здравствуйте, сколько стоит взять степлер на день для крепления пленки к теплице?'"
978,степлер,"  
'Добрый день, ищу строительный степлер для монтажа вагонки, есть в наличии?'"
979,степлер,"  
'Здравствуйте, можно арендовать степлер на пару часов для ремонта дивана?'"
980,степлер,"  
'Есть ли у вас степлер для крепления сетки к забору? Нужен на выходные'"
981,степлер,"  
'Добрый вечер, подскажите стоимость аренды степлера для работы с картоном'"
982,степлер,"  
'Нужен мебельный степлер, чтобы перетянуть старый стул, какие условия аренды?'"
983,степлер,"  
'Здравствуйте, есть ли степлер для крепления рубероида на крышу?'"
984,степлер,"  
'Добрый день, сколько стоит взять степлер на сутки для обивки двери поролоном?'"
985,степлер,"  
'Ищу степлер для монтажа пароизоляции, можно забрать сегодня после обеда?'"
986,пушка газовая,"'Здравствуйте, нужна газовая пушка для прогрева гаража на пару дней, сколько стоит аренда',  
'Добрый день, подскажите, есть ли у вас в прокате газовая пушка для сушки штукатурки',  
'Привет, сколько стоит взять газовую пушку на выходные, нужно прогреть дачный домик',  
'Здравствуйте, интересует газовая пушка для обогрева склада, какие у вас условия аренды',  
'Добрый вечер, можно ли арендовать газовую пушку на сегодня, нужно просушить погреб',  
'Здравствуйте, сколько стоит газовая пушка в сутки, нужно прогреть помещение после затопления',  
'Привет, есть ли у вас мощная газовая пушка для обогрева строительной площадки',  
'Добрый день, нужна газовая пушка для отогрева труб в частном доме, какие варианты есть',  
'Здравствуйте, сколько будет стоить аренда газовой пушки на неделю для прогрева цеха',  
'Добрый вечер, интересует газовая пушка для обогрева теплицы, есть ли у вас в наличии'"
987,сабельная пила,"'Здравствуйте, нужна сабельная пила для распила дерева на даче, сколько стоит аренда на день?'  
'Добрый день, подскажите, есть ли у вас сабельная пила в прокате для демонтажа старого забора?'  
'Здравствуйте, сколько будет стоить аренда сабельной пилы на выходные?'  
'Добрый вечер, нужна сабельная пила для резки металлических труб, есть у вас такая?'  
'Здравствуйте, хочу арендовать сабельную пилу для работы с деревом, какие условия?'  
'Добрый день, подскажите стоимость аренды сабельной пилы на 2 дня?'  
'Здравствуйте, можно ли взять сабельную пилу сегодня на несколько часов?'  
'Добрый день, нужна сабельная пила для обрезки веток на участке, есть ли у вас в наличии?'  
'Здравствуйте, сколько стоит аренда сабельной пилы для резки пластиковых труб?'  
'Добрый вечер, подскажите, есть ли сабельная пила в прокате для распила досок?'"
988,газонокосилка,"'Добрый день, нужна газонокосилка на выходные, чтобы подстричь участок 6 соток, сколько стоит аренда'"
989,газонокосилка,"  
'Здравствуйте, у вас есть бензиновая газонокосилка в аренду, и какая цена за сутки'"
990,газонокосилка,"  
'Привет, ищу газонокосилку на день, трава уже по колено, срочно нужно скосить'"
991,газонокосилка,"  
'Добрый вечер, подскажите, можно ли взять электрическую газонокосилку на завтра с утра'"
992,газонокосилка,"  
'Здравствуйте, сколько стоит аренда газонокосилки на неделю, участок небольшой, но трава разрослась'"
993,газонокосилка,"  
'Добрый день, есть ли у вас самоходная газонокосилка, и какие условия аренды'"
994,газонокосилка,"  
'Привет, нужна газонокосилка на пару часов, просто подровнять газон перед домом'"
995,газонокосилка,"  
'Здравствуйте, интересует прокат газонокосилки, участок 10 соток, сколько будет стоить'"
996,газонокосилка,"  
'Добрый день, можно ли сегодня взять в аренду газонокосилку, трава уже очень высокая'"
997,газонокосилка,"  
'Здравствуйте, подскажите стоимость аренды газонокосилки на день, и есть ли доставка'"
998,пресс для труб РЕ-Х,"'Здравствуйте, нужно арендовать пресс для труб РЕ-Х на пару дней, сколько будет стоить?'"
999,пресс для труб РЕ-Х," 'Добрый день, подскажите, есть ли у вас в наличии пресс для труб РЕ-Х, нужно для монтажа водопровода'"
1000,пресс для труб РЕ-Х," 'Здравствуйте, сколько стоит аренда пресса для труб РЕ-Х на сутки?'"
1001,пресс для труб РЕ-Х," 'Добрый вечер, нужен пресс для труб РЕ-Х для ремонта отопления, можно ли взять сегодня?'"
1002,пресс для труб РЕ-Х," 'Здравствуйте, есть ли у вас пресс для труб РЕ-Х в аренду, нужно на завтра'"
1003,пресс для труб РЕ-Х," 'Добрый день, подскажите стоимость аренды пресса для труб РЕ-Х на выходные'"
1004,пресс для труб РЕ-Х," 'Здравствуйте, нужно взять пресс для труб РЕ-Х для прокладки водопровода на даче, сколько стоит?'"
1005,пресс для труб РЕ-Х," 'Добрый день, интересует аренда пресса для труб РЕ-Х на один день, какие условия?'"
1006,пресс для труб РЕ-Х," 'Здравствуйте, можно ли арендовать пресс для труб РЕ-Х сегодня вечером?'"
1007,пресс для труб РЕ-Х," 'Добрый день, подскажите, есть ли у вас пресс для труб РЕ-Х и сколько стоит аренда на неделю?'"
1008,жираф,"'Здравствуйте, нужен жираф для покраски потолков на даче, сколько стоит аренда на день?'"
1009,жираф," 'Добрый день, подскажите, есть ли у вас в прокате жираф для высотных работ?'"
1010,жираф," 'Здравствуйте, хочу арендовать жираф для монтажа гипсокартона, какие условия?'"
1011,жираф," 'Добрый вечер, нужен жираф для отделки фасада дома, сколько стоит на выходные?'"
1012,жираф," 'Здравствуйте, можно ли взять жираф в аренду для установки кондиционера?'"
1013,жираф," 'Добрый день, интересует аренда жирафа для работы на высоте, подскажите стоимость?'"
1014,жираф," 'Здравствуйте, нужен жираф для ремонта крыши, сколько будет стоить на сутки?'"
1015,жираф," 'Добрый вечер, подскажите, есть ли жираф в наличии для аренды завтра?'"
1016,жираф," 'Здравствуйте, сколько стоит аренда жирафа для монтажа светильников на потолке?'"
1017,жираф," 'Добрый день, нужен жираф для демонтажа старой штукатурки, подскажите цену?'"
1018,газовый баллон,"'Здравствуйте, нужен газовый баллон для работы с газовой горелкой на даче, сколько стоит аренда?'"
1019,газовый баллон," 'Добрый день, подскажите, можно ли арендовать газовый баллон для строительных работ на неделю?'"
1020,газовый баллон," 'Здравствуйте, сколько будет стоить аренда газового баллона на сутки?'"
1021,газовый баллон," 'Добрый вечер, нужен газовый баллон для пайки труб, есть в наличии?'"
1022,газовый баллон," 'Здравствуйте, хочу взять в аренду газовый баллон для работы с плитой на выезде, какие условия?'"
1023,газовый баллон," 'Добрый день, подскажите, есть ли газовые баллоны для аренды на выходные?'"
1024,газовый баллон," 'Здравствуйте, нужен газовый баллон для обогрева теплицы, сколько стоит аренда?'"
1025,газовый баллон," 'Добрый вечер, можно ли арендовать газовый баллон для использования с газовым резаком?'"
1026,газовый баллон," 'Здравствуйте, сколько стоит аренда газового баллона на два дня для проведения сварочных работ?'"
1027,газовый баллон," 'Добрый день, подскажите, есть ли возможность арендовать газовый баллон для использования с газовой плитой на пикнике?'"
1028,триммер,"'Здравствуйте, нужно скосить траву на даче, есть ли в аренду триммер?'"
1029,триммер," 'Добрый день, сколько стоит аренда триммера на выходные?'"
1030,триммер," 'Здравствуйте, у вас есть триммер для травы? Нужен на сутки'"
1031,триммер," 'Привет, ищу триммер, чтобы убрать участок за домом, какие условия аренды?'"
1032,триммер," 'Здравствуйте, нужен триммер на два дня, подскажите стоимость'"
1033,триммер," 'Добрый вечер, можно ли взять триммер в аренду на завтра?'"
1034,триммер," 'Здравствуйте, есть ли у вас электрический триммер для травы?'"
1035,триммер," 'Привет, сколько стоит арендовать триммер на день?'"
1036,триммер," 'Здравствуйте, нужен триммер для обработки небольшого участка, какие варианты?'"
1037,триммер," 'Добрый день, подскажите, можно ли арендовать триммер на сегодня?'"
1038,плиткорез ручной,"'Привет, нужен плиткорез ручной на пару дней, сколько стоит аренда',  
'Здравствуйте, есть ли у вас плиткорез для резки керамической плитки',  
'Добрый день, подскажите стоимость аренды ручного плиткореза на сутки',  
'Нужен плиткорез, чтобы подрезать плитку в ванной, есть в наличии',  
'Здравствуйте, сколько стоит взять плиткорез на выходные',  
'Добрый вечер, ищу ручной плиткорез для дачи, какие условия аренды',  
'Есть плиткорез в аренду? Нужно ровно отрезать несколько плиток',  
'Здравствуйте, нужен плиткорез на сегодня, работаете',  
'Сколько стоит взять плиткорез на неделю, делаем ремонт в кухне',  
'Добрый день, интересует аренда ручного плиткореза, подскажите стоимость'"
1039,заклепочник,"'Привет, нужен заклепочник на пару дней для сборки забора из профлиста, есть у вас такой'"
1040,заклепочник,"  
'Здравствуйте, сколько стоит аренда заклепочника на сутки? Нужно клепать ворота'"
1041,заклепочник,"  
'Добрый день, ищу заклепочник для жестяных работ, у вас есть в прокате?'"
1042,заклепочник,"  
'Здравствуйте, есть ли у вас заклепочник с насадками под алюминиевые заклепки?'"
1043,заклепочник,"  
'Привет, срочно нужен заклепочник на сегодня, можно забрать в течение часа?'"
1044,заклепочник,"  
'Добрый вечер, подскажите, есть ли заклепочник в аренду для ремонта водостока?'"
1045,заклепочник,"  
'Здравствуйте, сколько стоит взять заклепочник на выходные? Нужно починить гаражные ворота'"
1046,заклепочник,"  
'Привет, есть ли у вас мощный заклепочник для стальных заклепок?'"
1047,заклепочник,"  
'Добрый день, нужен заклепочник на день, какие у вас условия аренды?'"
1048,заклепочник,"  
'Здравствуйте, ищу заклепочник для монтажа кровли, у вас есть такой в прокате?'"
1049,бензорез,"'Привет, нужен бензорез на пару часов, чтобы порезать старые трубы во дворе'"
1050,бензорез,"  
'Здравствуйте, сколько стоит аренда бензореза на сутки? Нужно плитку резать'"
1051,бензорез,"  
'Добрый день, есть ли у вас бензорез с алмазным диском?'"
1052,бензорез,"  
'Можно взять бензорез на выходные? Будем резать кирпич на даче'"
1053,бензорез,"  
'Здравствуйте, нужен бензорез для демонтажа бетонного забора, какие условия аренды?'"
1054,бензорез,"  
'Привет, ищу бензорез на день, чтобы прорезать проем в стене'"
1055,бензорез,"  
'Добрый день, подскажите стоимость аренды бензореза на 4 часа?'"
1056,бензорез,"  
'Здравствуйте, есть ли в наличии бензорез для резки металла?'"
1057,бензорез,"  
'Нужен бензорез срочно, сегодня на пару часов, можно?'"
1058,бензорез,"  
'Добрый вечер, интересует бензорез для резки асфальта, какие у вас модели есть?'"
1059,гвоздезабивной пистолет по дереву,"'Здравствуйте, нужен гвоздезабивной пистолет для сборки деревянного забора, сколько стоит аренда на день?', 'Добрый день, подскажите, есть ли у вас в аренду гвоздезабивной пистолет для работы с деревом?', 'Здравствуйте, хочу взять гвоздезабивной пистолет на выходные для ремонта сарая, какие условия?', 'Привет, нужен гвоздезабивной пистолет для монтажа деревянной обрешетки, сколько стоит?', 'Здравствуйте, планирую собрать беседку, нужен гвоздезабивной пистолет, подскажите стоимость аренды', 'Добрый вечер, интересует гвоздезабивной пистолет для работы с деревом, есть ли у вас в наличии?', 'Здравствуйте, сколько стоит аренда гвоздезабивного пистолета на сутки для сборки деревянного каркаса?', 'Привет, нужен гвоздезабивной пистолет для монтажа деревянных панелей, можно сегодня забрать?', 'Здравствуйте, подскажите, есть ли гвоздезабивной пистолет в аренду для работы с деревом и сколько это стоит?', 'Добрый день, интересует аренда гвоздезабивного пистолета для сборки деревянной мебели, какие условия?'"
1060,отбойный молоток,"'Здравствуйте, нужен отбойный молоток для демонтажа старой плитки, сколько стоит аренда на день?'"
1061,отбойный молоток," 'Добрый день, планируем снять бетонную стяжку, есть ли у вас отбойный молоток в аренду?'"
1062,отбойный молоток," 'Здравствуйте, подскажите, можно ли взять отбойный молоток на выходные для работы на даче?'"
1063,отбойный молоток," 'Добрый вечер, сколько будет стоить аренда отбойного молотка на 3 часа?'"
1064,отбойный молоток," 'Здравствуйте, нужно разобрать старую стену, есть ли у вас отбойный молоток?'"
1065,отбойный молоток," 'Добрый день, интересует аренда отбойного молотка для земляных работ, какие условия?'"
1066,отбойный молоток," 'Здравствуйте, можно ли арендовать отбойный молоток сегодня после обеда?'"
1067,отбойный молоток," 'Добрый день, подскажите, есть ли отбойный молоток для демонтажа бетонного фундамента?'"
1068,отбойный молоток," 'Здравствуйте, сколько стоит аренда отбойного молотка на сутки и нужен ли залог?'"
1069,отбойный молоток," 'Добрый вечер, интересует отбойный молоток для работ по демонтажу, есть ли в наличии?'"
1070,резчик швов,"'Здравствуйте, нужен резчик швов для ремонта тротуарной плитки на даче, сколько стоит аренда на день'"
1071,резчик швов,"  
'Добрый день, интересует резчик швов для расшивки швов в бетоне, есть у вас в наличии'"
1072,резчик швов,"  
'Привет, сколько стоит взять резчик швов на выходные, нужно порезать асфальт во дворе'"
1073,резчик швов,"  
'Здравствуйте, ищу резчик швов для демонтажа старой стяжки, какие у вас условия аренды'"
1074,резчик швов,"  
'Добрый вечер, подскажите, можно ли арендовать резчик швов на завтра с утра'"
1075,резчик швов,"  
'Нужен резчик швов для подготовки швов перед укладкой гидроизоляции, есть ли у вас'"
1076,резчик швов,"  
'Здравствуйте, сколько стоит резчик швов на сутки, нужно сделать деформационные швы в гараже'"
1077,резчик швов,"  
'Добрый день, интересует аренда резчика швов для работ по бетону, какие модели у вас есть'"
1078,резчик швов,"  
'Привет, есть ли у вас резчик швов в аренду, нужно порезать плитку на балконе'"
1079,резчик швов,"  
'Здравствуйте, нужен резчик швов для ремонта дорожек на участке, подскажите стоимость'"
1080,пила погружная,"'Здравствуйте, мне нужна погружная пила для резки ламината, есть у вас в аренду?'"
1081,пила погружная," 'Добрый день, планирую резать плитку, интересует погружная пила на сутки'"
1082,пила погружная," 'Здравствуйте, подскажите, можно ли арендовать погружную пилу для работ по дереву?'"
1083,пила погружная," 'Добрый вечер, нужна погружная пила для резки гипсокартона, сколько стоит аренда?'"
1084,пила погружная," 'Здравствуйте, интересует погружная пила для точных резов по фанере, есть в наличии?'"
1085,пила погружная," 'Добрый день, сколько будет стоить аренда погружной пилы на выходные?'"
1086,пила погружная," 'Здравствуйте, нужно сделать пропилы в ДСП, есть ли у вас погружная пила в аренду?'"
1087,пила погружная," 'Добрый вечер, планирую резать пластиковые панели, подойдет ли для этого погружная пила?'"
1088,пила погружная," 'Здравствуйте, интересует аренда погружной пилы для работ по металлу, какие условия?'"
1089,пила погружная," 'Добрый день, нужна погружная пила для резки пенопласта, есть у вас такая?'"
1090,фен аккумуляторный,"'Здравствуйте, нужен аккумуляторный фен для работы на высоте, есть у вас такой?'"
1091,фен аккумуляторный," 'Добрый день, сколько стоит аренда аккумуляторного фена на день?'"
1092,фен аккумуляторный," 'Здравствуйте, планирую покраску стен, нужен аккумуляторный фен, есть в наличии?'"
1093,фен аккумуляторный," 'Привет, нужен фен аккумуляторный для сушки штукатурки, сколько стоит аренда?'"
1094,фен аккумуляторный," 'Добрый вечер, подскажите, можно ли взять аккумуляторный фен на выходные?'"
1095,фен аккумуляторный," 'Здравствуйте, нужен фен аккумуляторный для работы на даче, есть в прокате?'"
1096,фен аккумуляторный," 'Добрый день, интересует аренда аккумуляторного фена на 2 дня, какая стоимость?'"
1097,фен аккумуляторный," 'Привет, есть ли у вас аккумуляторный фен для сушки деревянных поверхностей?'"
1098,фен аккумуляторный," 'Здравствуйте, сколько стоит аренда аккумуляторного фена на сутки?'"
1099,фен аккумуляторный," 'Добрый день, нужен фен аккумуляторный для работы в помещении, можно взять сегодня?'"
1100,компрессор,"'Привет, нужен компрессор для покраски забора на даче, есть в наличии?',  
'Здравствуйте, сколько стоит аренда компрессора на выходные?',  
'Добрый день, ищу компрессор для продувки системы отопления, что у вас есть?',  
'Здравствуйте, нужен компрессор с ресивером на 50 литров, есть такой?',  
'Привет, компрессор для работы пневмоинструмента, на сутки, сколько стоит?',  
'Добрый вечер, у вас можно взять компрессор для подкачки шин?',  
'Здравствуйте, нужен мощный компрессор для пескоструя, какие варианты?',  
'Добрый день, интересует компрессор для покраски авто, есть в прокате?',  
'Привет, компрессор на 2-3 часа для продувки труб, сколько будет стоить?',  
'Здравствуйте, есть ли у вас бесшумные компрессоры для работы в квартире?'"
1101,дрель для алмазного бурения,"'Привет, нужна дрель для алмазного бурения, чтобы проделать отверстия в бетонной стене под коммуникации'  
'Здравствуйте, сколько стоит аренда дрели для алмазного бурения на день? Нужно сделать несколько отверстий в плитах'  
'Добрый день, ищу в аренду дрель для алмазного бурения, чтобы пройти железобетонную перегородку'  
'Здравствуйте, есть ли у вас дрель для алмазного бурения? Нужно просверлить отверстия под крепление кондиционера'  
'Привет, нужен инструмент для алмазного бурения — делаем вентиляцию в кирпичном здании'  
'Добрый день, подскажите стоимость аренды дрели для алмазного бурения на выходные'  
'Здравствуйте, нужна дрель для бурения бетона алмазной коронкой, работаем на стройке'  
'Привет, есть ли у вас в прокате дрель для алмазного бурения? Нужно сделать отверстия под трубы'  
'Добрый день, интересует аренда дрели для алмазного бурения — делаем отверстия в фундаменте'  
'Здравствуйте, сколько стоит взять дрель для алмазного бурения на сутки? Нужно пройти армированный бетон'"
1102,лампа Лосева,"'Здравствуйте, нужна лампа Лосева для проверки микросхем на пару дней, есть у вас?'"
1103,лампа Лосева," 'Добрый день, интересует аренда лампы Лосева для работы с электроникой, сколько стоит?'"
1104,лампа Лосева," 'Здравствуйте, планирую ремонт техники, нужна лампа Лосева на сутки, подскажите условия?'"
1105,лампа Лосева," 'Добрый вечер, есть ли у вас в аренду лампа Лосева для диагностики плат?'"
1106,лампа Лосева," 'Здравствуйте, подскажите, можно ли взять лампу Лосева на выходные для работы с электроникой?'"
1107,лампа Лосева," 'Добрый день, нужна лампа Лосева для проверки транзисторов, есть в наличии?'"
1108,лампа Лосева," 'Здравствуйте, интересует аренда лампы Лосева на один день, сколько будет стоить?'"
1109,лампа Лосева," 'Добрый вечер, планирую диагностику плат, нужна лампа Лосева, есть у вас?'"
1110,лампа Лосева," 'Здравствуйте, подскажите, можно ли арендовать лампу Лосева для проверки микросхем на неделю?'"
1111,лампа Лосева," 'Добрый день, интересует лампа Лосева для работы с электроникой, есть ли в прокате?'"
1112,бензобур,"'Привет, нужен бензобур для установки столбов забора на даче, сколько стоит аренда на день'"
1113,бензобур,"  
'Здравствуйте, есть ли у вас бензобур в аренде, нужно пробурить пару ям под сваи'"
1114,бензобур,"  
'Добрый день, интересует бензобур на выходные, какие условия и стоимость'"
1115,бензобур,"  
'Здравствуйте, ищу бензобур для земляных работ, есть в наличии'"
1116,бензобур,"  
'Привет, сколько стоит взять бензобур на 4 часа, нужно под фундамент'"
1117,бензобур,"  
'Добрый вечер, нужен бензобур с диаметром шнека 200 мм, есть такой'"
1118,бензобур,"  
'Здравствуйте, можно ли арендовать бензобур сегодня, срочно надо для столбов'"
1119,бензобур,"  
'Добрый день, подскажите стоимость аренды бензобура на сутки, работаем на участке'"
1120,бензобур,"  
'Привет, есть ли бензобур в прокате, нужно пробурить ямы под опоры'"
1121,бензобур,"  
'Здравствуйте, сколько стоит взять бензобур на день, нужно для монтажа забора'"
1122,станок распиловочный,"'Здравствуйте, нужен распиловочный станок для резки досок на даче, сколько стоит аренда на день?'"
1123,станок распиловочный," 'Добрый день, подскажите, есть ли у вас в прокате станок для распила плитки?'"
1124,станок распиловочный," 'Здравствуйте, хочу взять в аренду распиловочный станок для работы с ламинатом, какие условия?'"
1125,станок распиловочный," 'Привет, нужен станок для распила дерева, сколько стоит аренда на выходные?'"
1126,станок распиловочный," 'Здравствуйте, планирую ремонт, нужен распиловочный станок для резки гипсокартона, есть у вас?'"
1127,станок распиловочный," 'Добрый вечер, подскажите стоимость аренды распиловочного станка на сутки?'"
1128,станок распиловочный," 'Здравствуйте, нужно распилить несколько листов фанеры, есть ли у вас подходящий станок?'"
1129,станок распиловочный," 'Привет, нужен распиловочный станок для работы с пластиком, сколько стоит аренда?'"
1130,станок распиловочный," 'Здравствуйте, подскажите, можно ли арендовать распиловочный станок на завтра?'"
1131,станок распиловочный," 'Добрый день, нужен станок для распила металла, есть у вас такой в прокате?'"
1132,пушка дизельная,"'Здравствуйте, нужна дизельная пушка для прогрева бетона на стройке, сколько стоит аренда на неделю?'"
1133,пушка дизельная," 'Добрый день, подскажите, есть ли у вас дизельная тепловая пушка в аренду для отопления гаража?'"
1134,пушка дизельная," 'Здравствуйте, интересует дизельная пушка на пару дней для сушки штукатурки в доме'"
1135,пушка дизельная," 'Привет, нужна дизельная пушка для прогрева помещения перед отделкой, какие условия аренды?'"
1136,пушка дизельная," 'Здравствуйте, сколько стоит аренда дизельной пушки на сутки для обогрева склада?'"
1137,пушка дизельная," 'Добрый вечер, нужна дизельная тепловая пушка для прогрева теплицы, есть у вас такая?'"
1138,пушка дизельная," 'Здравствуйте, интересует дизельная пушка для обогрева строительной площадки, подскажите стоимость'"
1139,пушка дизельная," 'Привет, нужна дизельная пушка на выходные для прогрева дачного дома, какие условия?'"
1140,пушка дизельная," 'Здравствуйте, подскажите, можно ли арендовать дизельную пушку для сушки пола после заливки стяжки?'"
1141,пушка дизельная," 'Добрый день, нужна дизельная тепловая пушка для прогрева помещения перед поклейкой обоев, сколько стоит?'"
1142,пушка тепловая,"'Добрый день! Нужна тепловая пушка на пару дней для просушки стен после штукатурки, есть у вас?'"
1143,пушка тепловая,"  
'Здравствуйте, сколько стоит аренда тепловой пушки на неделю? Дача промерзает, надо протапливать'"
1144,пушка тепловая,"  
'Привет, есть ли в наличии тепловая пушка? Срочно нужно прогреть гараж перед ремонтом'"
1145,пушка тепловая,"  
'Добрый вечер! Подскажите, какая тепловая пушка у вас самая мощная? Для обогрева склада стройматериалов'"
1146,пушка тепловая,"  
'Здравствуйте, нужна тепловая пушка на 3 кВт на сутки, сколько будет стоить?'"
1147,пушка тепловая,"  
'Добрый день! Можно взять тепловую пушку сегодня до вечера? Надо просушить бетонную стяжку'"
1148,пушка тепловая,"  
'Привет, есть тепловушки электрические? Для прогрева комнаты во время ремонта'"
1149,пушка тепловая,"  
'Здравствуйте, интересует аренда тепловой пушки на дизеле — у вас такие есть?'"
1150,пушка тепловая,"  
'Добрый день! Сколько стоит тепловая пушка на месяц? Нужно отапливать недостроенный дом'"
1151,пушка тепловая,"  
'Привет, срочно нужна тепловая пушка! В квартире прорвало трубу, надо просушивать'"
1152,культиватор,"'Здравствуйте, нужен культиватор на выходные для обработки дачного участка, подскажите стоимость аренды',
 'Добрый день, сколько стоит взять культиватор на сутки, нужно вспахать огород',
 'Привет, есть ли у вас в прокате легкий культиватор для теплицы?',
 'Здравствуйте, интересует аренда культиватора на 3 дня, какие модели есть в наличии?',
 'Добрый вечер, подскажите, можно ли сегодня забрать культиватор, нужно срочно обработать участок',
 'Здравствуйте, сколько будет стоить аренда культиватора на неделю для подготовки земли под посадку?',
 'Добрый день, нужен мощный культиватор для целины, есть у вас такие?',
 'Привет, есть ли у вас культиваторы с бензиновым двигателем, и сколько стоит аренда на день?',
 'Здравствуйте, подскажите, можно ли взять культиватор в аренду завтра с утра?',
 'Добрый день, интересует культиватор для небольшого участка, какие у вас условия аренды?'"
1153,подъемник ГКЛ,"'Здравствуйте, подскажите, есть ли у вас подъемник для ГКЛ в аренду?'"
1154,подъемник ГКЛ," 'Добрый день, нужен подъемник для монтажа гипсокартона на потолок, сколько будет стоить аренда на сутки?'"
1155,подъемник ГКЛ," 'Здравствуйте, планируем отделку потолка, нужен подъемник ГКЛ, есть у вас такой?'"
1156,подъемник ГКЛ," 'Добрый вечер, интересует аренда подъемника для гипсокартона на два дня, какая стоимость?'"
1157,подъемник ГКЛ," 'Здравствуйте, сколько стоит взять подъемник ГКЛ на выходные?'"
1158,подъемник ГКЛ," 'Добрый день, нужен подъемник для работы с гипсокартоном, есть ли у вас в наличии?'"
1159,подъемник ГКЛ," 'Здравствуйте, подскажите, можно ли арендовать подъемник ГКЛ сегодня после обеда?'"
1160,подъемник ГКЛ," 'Добрый день, интересует подъемник для монтажа гипсокартона, сколько будет стоить аренда на неделю?'"
1161,подъемник ГКЛ," 'Здравствуйте, есть ли у вас подъемник ГКЛ в прокате и какие условия аренды?'"
1162,подъемник ГКЛ," 'Добрый вечер, нужен подъемник для работы с гипсокартоном, подскажите стоимость аренды на сутки'"
1163,мотопомпа,"'Привет, нужна мотопомпа на пару дней для откачки воды из подвала, какие есть варианты?'"
1164,мотопомпа,"  
'Здравствуйте, интересует аренда мотопомпы для полива огорода, что посоветуете?'"
1165,мотопомпа,"  
'Добрый день! Есть ли у вас мотопомпа с большим напором для осушения котлована?'"
1166,мотопомпа,"  
'Сколько стоит взять мотопомпу на сутки? Нужно откачать воду из бассейна'"
1167,мотопомпа,"  
'Здравствуйте, ищу мотопомпу для перекачки воды из речки в бочки, есть в наличии?'"
1168,мотопомпа,"  
'Добрый вечер, нужна мощная мотопомпа для откачки затопленного гаража, какие условия аренды?'"
1169,мотопомпа,"  
'Привет, есть ли у вас мотопомпы с фильтром для грязной воды? Нужно на дачу'"
1170,мотопомпа,"  
'Здравствуйте, сколько будет стоить аренда мотопомпы на выходные для осушения участка?'"
1171,мотопомпа,"  
'Добрый день, подскажите, какая мотопомпа подойдет для откачки воды из колодца?'"
1172,мотопомпа,"  
'Привет, можно сегодня забрать мотопомпу? Нужно срочно откачать воду после дождя'"
1173,перфоратор аккумуляторный,"'Здравствуйте, нужен аккумуляторный перфоратор для сверления стен в квартире, сколько стоит аренда на день?'"
1174,перфоратор аккумуляторный," 'Добрый день, подскажите, есть ли у вас в аренду перфоратор на аккумуляторе, нужно для работы на высоте?'"
1175,перфоратор аккумуляторный," 'Здравствуйте, интересует аренда аккумуляторного перфоратора на выходные, какие условия?'"
1176,перфоратор аккумуляторный," 'Добрый вечер, можно ли взять в прокат перфоратор на аккумуляторе для демонтажа плитки?'"
1177,перфоратор аккумуляторный," 'Здравствуйте, сколько стоит аренда аккумуляторного перфоратора на сутки, нужен для дачи?'"
1178,перфоратор аккумуляторный," 'Добрый день, подскажите, есть ли у вас перфоратор на аккумуляторе в наличии, нужно для мелкого ремонта?'"
1179,перфоратор аккумуляторный," 'Здравствуйте, интересует аренда аккумуляторного перфоратора, нужно сверлить бетон, сколько стоит?'"
1180,перфоратор аккумуляторный," 'Добрый вечер, можно ли арендовать перфоратор на аккумуляторе для работы в труднодоступных местах?'"
1181,перфоратор аккумуляторный," 'Здравствуйте, нужен аккумуляторный перфоратор для земляных работ, сколько будет стоить аренда на день?'"
1182,перфоратор аккумуляторный," 'Добрый день, подскажите, есть ли у вас перфоратор на аккумуляторе в аренду, нужно для отделочных работ?'"
1183,воздуходувка,"'Привет, нужна воздуходувка на выходные, чтобы убрать листву на участке, сколько стоит аренда',  
'Здравствуйте, есть ли у вас в прокате воздуходувка, нужно сдуть опилки после шлифовки пола',  
'Добрый день, подскажите стоимость аренды воздуходувки на день, надо очистить двор после стройки',  
'Здравствуйте, ищу мощную воздуходувку для уборки снега с крыши, есть у вас такие',  
'Привет, воздуходувка нужна на пару часов, чтобы продуть систему вентиляции в гараже, какие условия',  
'Добрый вечер, сколько стоит взять воздуходувку на сутки, надо убрать мусор после обрезки деревьев',  
'Здравствуйте, есть ли воздуходувка с функцией пылесоса, нужно убрать листья и мелкий мусор',  
'Добрый день, нужна воздуходувка для очистки стройплощадки от пыли и опилок, какие варианты',  
'Привет, можно ли арендовать воздуходувку на сегодня, надо быстро убрать территорию перед приездом гостей',  
'Здравствуйте, интересует аренда воздуходувки на неделю для уборки большого садового участка, какая цена'"
1184,детектор проводки,"'Здравствуйте, нужно найти проводку в стене, есть ли у вас детектор в аренду?'"
1185,детектор проводки," 'Добрый день, подскажите, сколько стоит аренда детектора проводки на сутки?'"
1186,детектор проводки," 'Здравствуйте, планирую ремонт, нужен детектор проводки, есть ли он у вас?'"
1187,детектор проводки," 'Добрый вечер, ищу детектор проводки для работы в квартире, какие условия аренды?'"
1188,детектор проводки," 'Здравствуйте, нужно проверить стены перед сверлением, есть ли у вас детектор проводки?'"
1189,детектор проводки," 'Добрый день, интересует аренда детектора проводки на выходные, сколько это будет стоить?'"
1190,детектор проводки," 'Здравствуйте, планирую повесить полки, нужен детектор проводки, есть ли он у вас в наличии?'"
1191,детектор проводки," 'Добрый вечер, подскажите, можно ли сегодня арендовать детектор проводки?'"
1192,детектор проводки," 'Здравствуйте, нужно найти скрытую проводку в доме, есть ли у вас подходящий детектор?'"
1193,детектор проводки," 'Добрый день, интересует аренда детектора проводки на один день, какая стоимость?'"
1194,удлинитель электричексий,"'Привет, нужен удлинитель метров на 30 для стройки, есть у вас в прокате?'"
1195,удлинитель электричексий,"  
'Здравствуйте, сколько стоит взять удлинитель на выходные для дачи?'"
1196,удлинитель электричексий,"  
'Добрый день, ищу удлинитель с заземлением для подключения бетономешалки'"
1197,удлинитель электричексий,"  
'Есть удлинитель на катушке метров 50? Нужно подключить инструменты на высоте'"
1198,удлинитель электричексий,"  
'Здравствуйте, нужен мощный удлинитель для сварочного аппарата на пару дней'"
1199,удлинитель электричексий,"  
'Добрый вечер, можно взять в аренду удлинитель с защитой от влаги для улицы?'"
1200,удлинитель электричексий,"  
'Привет, есть удлинитель с тройником? Нужно подключить сразу три инструмента'"
1201,удлинитель электричексий,"  
'Здравствуйте, сколько стоит удлинитель на сутки для ремонта в квартире?'"
1202,удлинитель электричексий,"  
'Добрый день, нужен длинный удлинитель для подключения насоса во дворе'"
1203,удлинитель электричексий,"  
'Есть в наличии удлинитель с толстым кабелем? Будем тянуть к электроинструменту'"
1204,лестница-трансформер,"'Здравствуйте, нужна лестница-трансформер для покраски потолка, на сколько можно арендовать?'"
1205,лестница-трансформер," 'Добрый день, подскажите, есть ли в наличии лестница-трансформер для высотных работ?'"
1206,лестница-трансформер," 'Здравствуйте, хочу арендовать лестницу-трансформер для монтажа люстры, сколько стоит?'"
1207,лестница-трансформер," 'Добрый вечер, нужна лестница-трансформер для работ на даче, какие условия аренды?'"
1208,лестница-трансформер," 'Здравствуйте, сколько будет стоить аренда лестницы-трансформер на два дня?'"
1209,лестница-трансформер," 'Добрый день, нужна лестница-трансформер для ремонта фасада, есть ли в наличии?'"
1210,лестница-трансформер," 'Здравствуйте, подскажите стоимость аренды лестницы-трансформер на сутки'"
1211,лестница-трансформер," 'Добрый день, нужна лестница-трансформер для обрезки деревьев, можно ли арендовать сегодня?'"
1212,лестница-трансформер," 'Здравствуйте, есть ли в наличии лестница-трансформер для высотных работ на завтра?'"
1213,лестница-трансформер," 'Добрый вечер, сколько стоит аренда лестницы-трансформер на неделю?'"
1214,пушка электрическая,"'Здравствуйте, нужна электрическая пушка для прогрева помещения на даче, сколько стоит аренда на день?'"
1215,пушка электрическая," 'Добрый день, подскажите, есть ли у вас в аренду электрическая тепловая пушка?'"
1216,пушка электрическая," 'Здравствуйте, сколько будет стоить аренда электрической пушки на выходные?'"
1217,пушка электрическая," 'Добрый вечер, можно ли взять в прокат электрическую пушку для сушки стен после штукатурки?'"
1218,пушка электрическая," 'Здравствуйте, интересует аренда электрической тепловой пушки на пару дней, какие условия?'"
1219,пушка электрическая," 'Добрый день, нужна электрическая пушка для прогрева гаража, есть ли у вас такая?'"
1220,пушка электрическая," 'Здравствуйте, сколько стоит аренда электрической пушки на сутки?'"
1221,пушка электрическая," 'Добрый день, подскажите, можно ли арендовать электрическую тепловую пушку на сегодня?'"
1222,пушка электрическая," 'Здравствуйте, интересует электрическая пушка для обогрева стройплощадки, какие у вас условия аренды?'"
1223,пушка электрическая," 'Добрый вечер, нужна электрическая пушка для прогрева помещения перед поклейкой обоев, сколько будет стоить аренда на день?'"
1224,нейлер пневматический,"'Здравствуйте, нужен пневматический нейлер для обшивки стен вагонкой, сколько стоит аренда на день'"
1225,нейлер пневматический," 'Добрый день, подскажите, есть ли у вас нейлер пневматический в аренду'"
1226,нейлер пневматический," 'Здравствуйте, интересует аренда нейлера пневматического для работы с гипсокартоном'"
1227,нейлер пневматический," 'Добрый вечер, сколько стоит взять нейлер пневматический на выходные'"
1228,нейлер пневматический," 'Здравствуйте, нужен пневматический нейлер для сборки каркаса, какие условия аренды'"
1229,нейлер пневматический," 'Добрый день, подскажите стоимость аренды нейлера пневматического на сутки'"
1230,нейлер пневматический," 'Здравствуйте, интересует аренда пневматического нейлера для работы с деревом'"
1231,нейлер пневматический," 'Добрый вечер, есть ли у вас нейлер пневматический в наличии, хочу взять на день'"
1232,нейлер пневматический," 'Здравствуйте, нужен нейлер пневматический для монтажа плинтусов, сколько стоит аренда'"
1233,нейлер пневматический," 'Добрый день, подскажите, можно ли арендовать нейлер пневматический сегодня после обеда'"
1234,пила дисковая аккумуляторная,"'Привет, нужна аккумуляторная дисковая пила для распиловки досок на даче, есть в наличии?'"
1235,пила дисковая аккумуляторная,"  
'Здравствуйте, сколько стоит аренда аккумуляторной дисковой пилы на выходные?'"
1236,пила дисковая аккумуляторная,"  
'Добрый день, ищу пилу дисковую на батарейках для резки ламината, есть у вас?'"
1237,пила дисковая аккумуляторная,"  
'Здравствуйте, можно взять в аренду дисковую пилу без провода на пару дней?'"
1238,пила дисковая аккумуляторная,"  
'Привет, нужна аккумуляторная пила для обрезки веток в саду, какие условия аренды?'"
1239,пила дисковая аккумуляторная,"  
'Добрый вечер, есть ли у вас в прокате дисковая пила на аккумуляторе для резки фанеры?'"
1240,пила дисковая аккумуляторная,"  
'Здравствуйте, сколько стоит взять дисковую пилу без провода на сутки?'"
1241,пила дисковая аккумуляторная,"  
'Добрый день, нужна аккумуляторная дисковая пила для демонтажа деревянного забора, есть варианты?'"
1242,пила дисковая аккумуляторная,"  
'Привет, ищу пилу дисковую на батарейках для работы на высоте, подскажите стоимость'"
1243,пила дисковая аккумуляторная,"  
'Здравствуйте, можно арендовать аккумуляторную дисковую пилу сегодня на несколько часов?'"
1244,вибратор,"'Здравствуйте, нужен вибратор для бетона на пару дней, сколько стоит аренда',  
'Добрый день, подскажите, есть ли у вас вибратор для укладки бетона, нужно на выходные',  
'Привет, ищу вибратор глубинный, чтобы залить фундамент на даче, какие варианты есть',  
'Здравствуйте, сколько стоит взять вибратор на сутки, нужно для стяжки пола',  
'Добрый вечер, есть ли в наличии вибратор строительный, нужен срочно на завтра',  
'Здравствуйте, интересует аренда вибратора для бетона, какой у вас ассортимент',  
'Привет, нужен вибратор для уплотнения раствора, на пару часов, сколько стоит',  
'Добрый день, вибратор для бетона есть в прокате, и какие условия аренды',  
'Здравствуйте, хочу взять вибратор на день, чтобы залить дорожки во дворе',  
'Привет, есть ли у вас вибратор, нужно для заливки фундамента гаража'"
1245,коронка по бетону,"'Привет, нужна коронка по бетону на 68 мм для подрозетников, есть в наличии?'"
1246,коронка по бетону,"  
'Здравствуйте, ищу коронку по бетону на 100 мм для вентиляции, сколько стоит аренда?'"
1247,коронка по бетону,"  
'Добрый день, надо просверлить отверстие в стене под трубу, есть коронка по бетону на 120 мм?'"
1248,коронка по бетону,"  
'Здравствуйте, срочно нужна коронка по бетону на 65 мм для электромонтажа, можно сегодня забрать?'"
1249,коронка по бетону,"  
'Добрый вечер, есть ли коронка по бетону с алмазным напылением? Нужно сделать несколько отверстий в плитах'"
1250,коронка по бетону,"  
'Привет, ищу коронку по бетону на 80 мм для скрытого монтажа, какие варианты есть?'"
1251,коронка по бетону,"  
'Здравствуйте, нужна коронка по бетону на 50 мм для установки точечных светильников, сколько стоит на сутки?'"
1252,коронка по бетону,"  
'Добрый день, планирую ремонт в ванной, есть коронка по бетону для монтажа смесителя?'"
1253,коронка по бетону,"  
'Привет, ищу коронку по бетону с SDS-хвостовиком, у вас такое есть в прокате?'"
1254,коронка по бетону,"  
'Здравствуйте, нужно сделать отверстия в бетонном полу под коммуникации, есть коронка на 150 мм?'"
1255,пистолет для герметика,"'Здравствуйте, нужен пистолет для герметика на день для заделки швов в ванной'"
1256,пистолет для герметика," 'Добрый день, подскажите, есть ли у вас пистолет для герметика в аренду?'"
1257,пистолет для герметика," 'Здравствуйте, сколько стоит аренда пистолета для герметика на сутки?'"
1258,пистолет для герметика," 'Привет, нужно заделать щели в окнах, есть пистолет для герметика?'"
1259,пистолет для герметика," 'Добрый вечер, нужен пистолет для герметика на выходные для дачи'"
1260,пистолет для герметика," 'Здравствуйте, подскажите стоимость аренды пистолета для герметика?'"
1261,пистолет для герметика," 'Привет, можно взять пистолет для герметика на пару часов?'"
1262,пистолет для герметика," 'Здравствуйте, нужен пистолет для герметика для работы с потолком'"
1263,пистолет для герметика," 'Добрый день, есть ли у вас пистолет для герметика и сколько стоит аренда?'"
1264,пистолет для герметика," 'Здравствуйте, подскажите, можно ли арендовать пистолет для герметика сегодня?'"
1265,домкрат подкатной,"'Привет, нужен подкатной домкрат на пару часов, чтобы колесо поменять, сколько стоит?'"
1266,домкрат подкатной,"  
'Здравствуйте, есть ли у вас в аренду подкатной домкрат на 3 тонны?'"
1267,домкрат подкатной,"  
'Добрый день, интересует подкатной домкрат на выходные, сколько будет стоить?'"
1268,домкрат подкатной,"  
'Здравствуйте, ищу подкатной домкрат для ремонта авто, у вас есть?'"
1269,домкрат подкатной,"  
'Привет, сколько стоит взять подкатной домкрат на сутки?'"
1270,домкрат подкатной,"  
'Добрый вечер, нужен подкатной домкрат, чтобы поднять машину для замены амортизаторов'"
1271,домкрат подкатной,"  
'Здравствуйте, есть ли подкатной домкрат с высотой подъема от 30 см?'"
1272,домкрат подкатной,"  
'Добрый день, хочу арендовать подкатной домкрат на завтра, какие условия?'"
1273,домкрат подкатной,"  
'Привет, у вас можно взять подкатной домкрат на сегодня до вечера?'"
1274,домкрат подкатной,"  
'Здравствуйте, нужен подкатной домкрат на 5 тонн, есть в наличии?'"
1275,шнек для бензобура,"'Здравствуйте, нужен шнек для бензобура диаметром 150 мм, есть в наличии?'"
1276,шнек для бензобура," 'Добрый день, подскажите стоимость аренды шнека для бензобура на сутки'"
1277,шнек для бензобура," 'Здравствуйте, у вас есть шнек для бензобура на 200 мм? Нужен на выходные'"
1278,шнек для бензобура," 'Добрый вечер, сколько будет стоить аренда шнека для бензобура на два дня?'"
1279,шнек для бензобура," 'Здравствуйте, нужен шнек для бензобура, чтобы пробурить скважину на даче'"
1280,шнек для бензобура," 'Добрый день, есть ли в наличии шнек для бензобура диаметром 250 мм?'"
1281,шнек для бензобура," 'Здравствуйте, подскажите, можно ли арендовать шнек для бензобура на сегодня?'"
1282,шнек для бензобура," 'Добрый вечер, нужен шнек для бензобура, чтобы сделать отверстия под столбы'"
1283,шнек для бензобура," 'Здравствуйте, сколько стоит аренда шнека для бензобура на неделю?'"
1284,шнек для бензобура," 'Добрый день, у вас есть шнек для бензобура, чтобы пробурить лунки под посадку деревьев?'"
1285,металлоискатель,"'Привет, нужен металлоискатель на выходные, чтобы поискать монеты на даче, сколько стоит аренда',  
'Здравствуйте, у вас можно взять металлоискатель на пару дней, интересует цена и залог',  
'Добрый день, ищу металлоискатель для поиска арматуры в стене, есть у вас в прокате',  
'Здравствуйте, сколько стоит аренда металлоискателя на сутки, нужно проверить участок перед стройкой',  
'Привет, есть ли у вас металлоискатели в аренду, нужно найти трубу в огороде',  
'Добрый вечер, интересует металлоискатель на день, какие модели у вас есть и цена',  
'Здравствуйте, можно ли взять металлоискатель на сегодня, нужно проверить двор перед копкой',  
'Привет, ищу металлоискатель для поиска клада, есть у вас варианты в прокате',  
'Добрый день, нужен металлоискатель на неделю, сколько будет стоить и какие условия',  
'Здравствуйте, у вас есть металлоискатели в аренду, нужно найти потерянное кольцо в песке'"
1286,рохля,"'Привет, нужна рохля на пару дней, чтобы мебель передвигать в квартире, сколько стоит аренда'"
1287,рохля,"  
'Здравствуйте, есть ли у вас рохля в прокате, нужно разгрузить пару поддонов с плиткой'"
1288,рохля,"  
'Добрый день, подскажите стоимость аренды рохли на сутки, надо перевезти стройматериалы'"
1289,рохля,"  
'Здравствуйте, ищу рохлю для перевозки коробок в офисе, есть у вас такие?'"
1290,рохля,"  
'Привет, нужна рохля на сегодня, чтобы мешки с цементом разгрузить, сколько возьмете?'"
1291,рохля,"  
'Добрый вечер, можно взять рохлю на выходные, надо кирпичи по участку развозить'"
1292,рохля,"  
'Здравствуйте, есть ли рохля с высокой грузоподъемностью, нужно перевезти оборудование'"
1293,рохля,"  
'Привет, сколько стоит рохля на час, надо пару шкафов передвинуть?'"
1294,рохля,"  
'Добрый день, интересует аренда рохли на неделю для стройки, какие условия?'"
1295,рохля,"  
'Здравствуйте, нужна рохля с бортами, чтобы щебень перевозить, есть у вас такие?'"
1296,установка алмазного бурения,"'Здравствуйте, нужно сделать отверстия в бетонной стене, подойдет ли алмазное бурение?'"
1297,установка алмазного бурения," 'Добрый день, интересует аренда оборудования для алмазного бурения на пару дней'"
1298,установка алмазного бурения," 'Привет, планируем монтаж вентиляции, нужна установка для алмазного бурения, есть у вас?'"
1299,установка алмазного бурения," 'Здравствуйте, сколько стоит аренда установки для алмазного бурения на сутки?'"
1300,установка алмазного бурения," 'Добрый вечер, нужно пробурить отверстия в фундаменте, есть ли у вас алмазное бурение?'"
1301,установка алмазного бурения," 'Здравствуйте, интересует стоимость аренды оборудования для алмазного бурения на выходные'"
1302,установка алмазного бурения," 'Привет, нужно пробурить несколько отверстий в железобетоне, есть ли у вас алмазное бурение?'"
1303,установка алмазного бурения," 'Добрый день, подскажите, можно ли арендовать установку для алмазного бурения на сегодня?'"
1304,установка алмазного бурения," 'Здравствуйте, планируем ремонт, нужно алмазное бурение для прокладки коммуникаций, есть у вас?'"
1305,установка алмазного бурения," 'Добрый вечер, интересует аренда оборудования для алмазного бурения на завтра, сколько будет стоить?'"
1306,триммер аккумуляторный,"'Здравствуйте, нужен аккумуляторный триммер для покоса травы на даче, сколько стоит аренда на выходные'  
'Добрый день, ищу триммер аккумуляторный, чтобы подровнять газон во дворе, есть в наличии'  
'Привет, сколько стоит взять триммер на батарейках на пару дней, нужно обработать участок 6 соток'  
'Здравствуйте, есть ли у вас в прокате легкий аккумуляторный триммер для женщины, чтобы справиться одной'  
'Добрый вечер, интересует аренда триммера без проводов, нужно подстричь траву вдоль забора'  
'Здравствуйте, сколько стоит взять триммер на аккумуляторе на сутки, нужно убрать сорняки на стройплощадке'  
'Привет, есть ли у вас мощный аккумуляторный триммер для жесткой травы, нужен на 3 дня'  
'Добрый день, подскажите стоимость аренды триммера без шнура, чтобы обработать небольшой участок'  
'Здравствуйте, нужен триммер на батарее для покоса вокруг деревьев в саду, какие модели есть'  
'Привет, можно ли сегодня взять в аренду аккумуляторный триммер, нужно срочно подровнять газон'"
1307,вышка тура,"'Здравствуйте, нужна вышка-тура для покраски фасада на два дня, какие у вас есть варианты'"
1308,вышка тура,"  
'Добрый день, интересует аренда вышки-туры на неделю для ремонта потолков в офисе'"
1309,вышка тура,"  
'Привет, есть ли у вас в наличии вышка-тура высотой около 4 метров, нужно на выходные'"
1310,вышка тура,"  
'Здравствуйте, сколько стоит взять вышку-туру на сутки для монтажа кондиционера'"
1311,вышка тура,"  
'Добрый вечер, подскажите, можно ли сегодня забрать вышку-туру для ремонта крыши дачи'"
1312,вышка тура,"  
'Здравствуйте, нужна вышка-тура для сборки каркаса теплицы, какие условия аренды'"
1313,вышка тура,"  
'Привет, есть ли у вас вышки-туры с колесами, чтобы можно было передвигать по участку'"
1314,вышка тура,"  
'Добрый день, интересует аренда вышки-туры на 3 дня для монтажа рекламного баннера'"
1315,вышка тура,"  
'Здравствуйте, сколько стоит вышка-тура на неделю для отделки стен в новостройке'"
1316,вышка тура,"  
'Добрый вечер, можно ли взять вышку-туру на завтра для демонтажа старой люстры в зале'"
1317,моющий пылесос,"'Привет, нужен моющий пылесос на выходные, чтобы отмыть квартиру после ремонта',  
'Здравствуйте, сколько стоит аренда моющего пылесоса на сутки? Нужно почистить ковры',  
'Добрый день, интересует прокат моющего пылесоса для уборки после затопления',  
'Есть ли у вас в аренду моющий пылесос? Нужно вымыть полы в доме после зимы',  
'Здравствуйте, подскажите стоимость аренды моющего пылесоса на 2 дня для химчистки дивана',  
'Добрый вечер, можно ли взять моющий пылесос на сегодня до вечера?',  
'Нужен моющий пылесос для уборки офиса, какие у вас условия аренды?',  
'Здравствуйте, сколько стоит взять моющий пылесос на неделю? Нужно привести в порядок дачу',  
'Добрый день, есть ли у вас моющие пылесосы с парогенератором в аренду?',  
'Привет, ищу моющий пылесос в прокат, чтобы отмыть машину после стройки'"
1318,тачка,"'Привет, нужна тачка на выходные, чтобы землю перекидать на даче, сколько стоит аренда'"
1319,тачка,"  
'Здравствуйте, есть ли у вас в прокате строительная тачка, нужно на пару дней для ремонта'"
1320,тачка,"  
'Добрый день, подскажите стоимость аренды тачки на сутки, надо мусор вывезти со стройки'"
1321,тачка,"  
'Здравствуйте, ищу тачку для перевозки песка, есть у вас такие в аренде'"
1322,тачка,"  
'Привет, сколько стоит взять тачку на день, нужно кирпичи разгрузить'"
1323,тачка,"  
'Добрый вечер, нужна крепкая тачка для земляных работ, какие у вас условия аренды'"
1324,тачка,"  
'Здравствуйте, можно ли сегодня забрать тачку, надо щебень раскидать'"
1325,тачка,"  
'Добрый день, интересует аренда тачки на неделю, какая цена и нужен ли залог'"
1326,тачка,"  
'Привет, есть ли у вас тачки с металлическим кузовом, нужно для стройки'"
1327,тачка,"  
'Здравствуйте, сколько стоит взять тачку на пару часов, надо мешки с цементом перевезти'"
1328,дрель магнитная,"'Здравствуйте, нужна магнитная дрель для сверления металлоконструкций, сколько стоит аренда на день?'"
1329,дрель магнитная," 'Добрый день, подскажите, есть ли у вас в прокате магнитная дрель для работы с металлом?'"
1330,дрель магнитная," 'Здравствуйте, сколько будет стоить аренда магнитной дрели на 3 дня?'"
1331,дрель магнитная," 'Привет, нужна магнитная дрель для монтажа вентиляции, есть у вас?'"
1332,дрель магнитная," 'Добрый вечер, можно ли арендовать магнитную дрель на завтра с утра?'"
1333,дрель магнитная," 'Здравствуйте, интересует магнитная дрель для сверления отверстий в балках, какие условия аренды?'"
1334,дрель магнитная," 'Добрый день, нужна магнитная дрель для работы на высоте, есть ли у вас в наличии?'"
1335,дрель магнитная," 'Здравствуйте, подскажите стоимость аренды магнитной дрели на сутки, пожалуйста'"
1336,дрель магнитная," 'Привет, ищу магнитную дрель для сверления металла, есть у вас в прокате?'"
1337,дрель магнитная," 'Добрый день, можно ли взять магнитную дрель в аренду сегодня на несколько часов?'"
1338,осушитель воздуха,"'Здравствуйте, нужен осушитель воздуха для квартиры после затопления, есть у вас?'"
1339,осушитель воздуха," 'Добрый день, подскажите стоимость аренды осушителя воздуха на неделю'"
1340,осушитель воздуха," 'Здравствуйте, у вас можно взять осушитель воздуха для ремонта ванной?'"
1341,осушитель воздуха," 'Привет, нужен осушитель воздуха на пару дней, сколько стоит?'"
1342,осушитель воздуха," 'Добрый вечер, ищу осушитель воздуха для дачи, есть в наличии?'"
1343,осушитель воздуха," 'Здравствуйте, сколько будет стоить аренда осушителя воздуха на сутки?'"
1344,осушитель воздуха," 'Добрый день, нужен осушитель воздуха для просушки стен после штукатурки, есть такой?'"
1345,осушитель воздуха," 'Привет, можно арендовать осушитель воздуха на сегодня?'"
1346,осушитель воздуха," 'Здравствуйте, подскажите, есть ли осушитель воздуха в аренду на выходные?'"
1347,осушитель воздуха," 'Добрый день, нужен осушитель воздуха для гаража, сколько стоит аренда?'"
1348,бензопила,"'Добрый день, нужна бензопила для спила дерева на участке, подскажите стоимость аренды на день'"
1349,бензопила," 'Здравствуйте, сколько стоит взять бензопилу в аренду на выходные?'"
1350,бензопила," 'Добрый вечер, есть ли у вас бензопила в прокате? Нужна на сутки'"
1351,бензопила," 'Привет, нужна бензопила для распиловки дров, какие у вас условия аренды?'"
1352,бензопила," 'Здравствуйте, подскажите, можно ли арендовать бензопилу сегодня на пару часов?'"
1353,бензопила," 'Добрый день, сколько стоит аренда бензопилы и нужен ли залог?'"
1354,бензопила," 'Здравствуйте, нужна бензопила для работы на даче, есть ли у вас в наличии?'"
1355,бензопила," 'Привет, хочу взять бензопилу на день, подскажите стоимость и условия'"
1356,бензопила," 'Добрый день, планирую спилить несколько деревьев, есть ли бензопила в аренду?'"
1357,бензопила," 'Здравствуйте, сколько стоит аренда бензопилы на неделю и какие документы нужны?'"
1358,прогрев бетона,"'Здравствуйте, нужен аппарат для прогрева бетона на сутки, сколько будет стоить?', 'Добрый день, подскажите, есть ли у вас оборудование для прогрева бетона в аренду?', 'Здравствуйте, нужно прогреть бетон на участке, есть ли у вас такое оборудование?', 'Привет, нужен прогрев бетона для заливки фундамента, какие у вас условия аренды?', 'Здравствуйте, сколько стоит аренда оборудования для прогрева бетона на выходные?', 'Добрый день, ищу аппарат для прогрева бетона, есть ли у вас в наличии?', 'Здравствуйте, нужно взять в аренду оборудование для прогрева бетона на два дня, сколько будет стоить?', 'Добрый вечер, подскажите, есть ли у вас приборы для прогрева бетона и сколько стоит аренда?', 'Здравствуйте, нужен прогрев бетона для небольшого участка, есть ли у вас подходящее оборудование?', 'Добрый день, интересует аренда оборудования для прогрева бетона на сутки, какие условия?'"
1359,пила ленточная,"'Привет, нужна ленточная пила для распила досок на даче, есть в наличии?'"
1360,пила ленточная,"  
'Здравствуйте, сколько стоит аренда ленточной пилы на сутки?'"
1361,пила ленточная,"  
'Добрый день, ищу ленточную пилу для резки металла, у вас такое есть?'"
1362,пила ленточная,"  
'Здравствуйте, можно взять ленточную пилу на выходные для ремонта?'"
1363,пила ленточная,"  
'Есть ли у вас ленточная пила для работы с деревом? Нужна на пару дней'"
1364,пила ленточная,"  
'Добрый вечер, хочу арендовать ленточную пилу, какие условия?'"
1365,пила ленточная,"  
'Здравствуйте, нужна ленточная пила для распила бруса, сколько стоит?'"
1366,пила ленточная,"  
'Можно ли сегодня забрать ленточную пилу на пару часов?'"
1367,пила ленточная,"  
'Добрый день, интересует аренда ленточной пилы для мастерской, какие варианты?'"
1368,пила ленточная,"  
'Здравствуйте, есть ли у вас мощная ленточная пила для резки толстого дерева?'"
1369,пила цепная аккумуляторная,"1. 'Добрый день! Нужна цепная пила аккумуляторная для обрезки деревьев на даче, есть в наличии?'  
2. 'Здравствуйте, сколько стоит аренда аккумуляторной цепной пилы на выходные?'  
3. 'Привет, есть ли у вас пила цепная на батарее? Нужно спилить пару старых яблонь'  
4. 'Добрый вечер! Ищу аккумуляторную цепную пилу для заготовки дров, какие условия аренды?'  
5. 'Здравствуйте, нужна цепная пила без провода на сутки, сколько будет стоить?'  
6. 'Привет, есть ли в прокате легкая аккумуляторная пила для веток? Брал бы на день'  
7. 'Добрый день, подскажите стоимость аренды цепной пилы с аккумулятором на 5 часов'  
8. 'Здравствуйте, планирую ремонт забора, нужна цепная пила без шнура, есть у вас?'  
9. 'Привет, сколько стоит взять аккумуляторную цепную пилу на завтра с утра?'  
10. 'Добрый день! Нужна пила для обрезки сада, аккумуляторная предпочтительнее, какие варианты?'"
1370,плиткорез электрический,"'Привет, нужен плиткорез электрический на пару дней — делаю ремонт в ванной, плитку резать'"
1371,плиткорез электрический,"  
'Здравствуйте, есть ли у вас в аренду плиткорез электрический? Хочу выложить пол на кухне'"
1372,плиткорез электрический,"  
'Добрый день, сколько стоит взять плиткорез электрический на сутки? Нужно подрезать плитку на балконе'"
1373,плиткорез электрический,"  
'Подскажите, у вас можно арендовать электрический плиткорез? Завтра начинаю класть плитку в коридоре'"
1374,плиткорез электрический,"  
'Здравствуйте, интересует плиткорез электрический на выходные — делаю фартук на кухне'"
1375,плиткорез электрический,"  
'Добрый день, есть ли у вас мощный плиткорез электрический? Нужно резать керамогранит'"
1376,плиткорез электрический,"  
'Привет, сколько стоит аренда плиткореза электрического на день? Надо подогнать плитку в санузле'"
1377,плиткорез электрический,"  
'Здравствуйте, нужен плиткорез электрический с водяным охлаждением — режу мраморную плитку'"
1378,плиткорез электрический,"  
'Добрый день, можно взять плиткорез электрический на пару часов? Осталось немного плитки подрезать'"
1379,плиткорез электрический,"  
'Привет, есть ли у вас плиткорез электрический в аренду? Затеял ремонт в ванной, нужно резать плитку'"
1380,нивелир оптический,"'Здравствуйте, нужен оптический нивелир для разметки участка под фундамент, есть в наличии?'"
1381,нивелир оптический," 'Добрый день, сколько стоит аренда оптического нивелира на выходные?'"
1382,нивелир оптический," 'Привет, подскажите, можно ли взять нивелир на пару дней для выравнивания стен?'"
1383,нивелир оптический," 'Здравствуйте, есть ли у вас оптический нивелир в прокате, нужен для заливки пола?'"
1384,нивелир оптический," 'Добрый вечер, нужен нивелир для работ на стройке, какие у вас условия аренды?'"
1385,нивелир оптический," 'Здравствуйте, сколько будет стоить аренда оптического нивелира на сутки?'"
1386,нивелир оптический," 'Привет, нужен нивелир для разметки участка под огород, можно сегодня забрать?'"
1387,нивелир оптический," 'Добрый день, подскажите, есть ли оптический нивелир в аренду для выравнивания потолка?'"
1388,нивелир оптический," 'Здравствуйте, нужен нивелир для высотных работ, сколько стоит аренда на день?'"
1389,нивелир оптический," 'Привет, можно ли взять оптический нивелир на выходные для разметки фундамента?'"
1390,реноватор аккумуляторный,"'Привет, нужен аккумуляторный реноватор для подрезки плинтусов, есть у вас такой в прокате',  
'Добрый день, сколько стоит взять реноватор на батарейках на выходные',  
'Здравствуйте, ищу инструмент для резки плитки — подойдет ли ваш аккумуляторный реноватор',  
'Есть ли у вас в аренде реноватор без провода, нужно на день для мелкого ремонта',  
'Добрый вечер, интересует стоимость аренды аккумуляторного реноватора на сутки',  
'Нужен реноватор на батарейках для шлифовки дерева, какие у вас условия проката',  
'Здравствуйте, можно взять реноватор без провода на сегодня до вечера',  
'Привет, есть ли у вас реноватор на аккумуляторе и сколько стоит аренда на 2 дня',  
'Добрый день, подскажите, ваш реноватор без провода справится с резкой пластика',  
'Здравствуйте, хочу взять в аренду аккумуляторный реноватор для дачных работ, какие есть варианты'"
1391,пароочиститель,"'Здравствуйте, нужен пароочиститель для очистки плитки в ванной, сколько стоит аренда на день?', 'Добрый день, интересует аренда пароочистителя для чистки ковров, есть у вас?', 'Здравствуйте, можно ли взять пароочиститель на выходные для уборки на даче?', 'Добрый вечер, подскажите стоимость аренды пароочистителя на сутки?', 'Здравствуйте, нужен пароочиститель для обработки деревянных поверхностей, есть в наличии?', 'Добрый день, планирую взять пароочиститель для чистки мебели, какие условия аренды?', 'Здравствуйте, сколько стоит аренда пароочистителя на 2 дня?', 'Добрый вечер, интересует пароочиститель для дезинфекции помещения, можно ли взять на прокат?', 'Здравствуйте, нужен пароочиститель для уборки после ремонта, есть у вас?', 'Добрый день, подскажите стоимость аренды пароочистителя на 3 часа?'"
1392,сабельная пила аккумуляторная,"'Привет, нужна сабельная пила аккумуляторная для обрезки веток на даче, есть у вас такая?'"
1393,сабельная пила аккумуляторная,"  
'Здравствуйте, планирую демонтировать старый забор, подойдет ли ваша сабельная пила для таких работ?'"
1394,сабельная пила аккумуляторная,"  
'Добрый день, интересует аренда сабельной пилы на батарее на выходные, сколько стоит?'"
1395,сабельная пила аккумуляторная,"  
'Есть ли у вас в прокате аккумуляторная сабельная пила для резки металлических труб?'"
1396,сабельная пила аккумуляторная,"  
'Привет, нужно распилить несколько досок и пару брусьев, сабельная пила справится?'"
1397,сабельная пила аккумуляторная,"  
'Здравствуйте, сколько стоит взять сабельную пилу на сутки, нужна для ремонта балкона?'"
1398,сабельная пила аккумуляторная,"  
'Добрый день, ищу сабельную пилу без провода для работы в труднодоступных местах, есть такая?'"
1399,сабельная пила аккумуляторная,"  
'Привет, нужно подрезать плинтусы и дверные косяки, сабельная пила подойдет?'"
1400,сабельная пила аккумуляторная,"  
'Здравствуйте, есть ли у вас аккумуляторная сабельная пила с длинным полотном для демонтажа деревянных конструкций?'"
1401,сабельная пила аккумуляторная,"  
'Добрый день, хочу взять сабельную пилу на аккумуляторе для дачных работ, какие у вас условия аренды?'"
1402,присоска,"'Здравствуйте, нужна присоска для подъема стекол на второй этаж, есть у вас такая?', 'Добрый день, подскажите, можно ли у вас арендовать присоску для плитки?', 'Здравствуйте, нужна присоска для работы с гипсокартоном, сколько стоит аренда?', 'Привет, есть ли у вас присоска для перемещения тяжелых панелей?', 'Здравствуйте, интересует присоска для поднятия зеркала, какие условия аренды?', 'Добрый день, нужна присоска для демонтажа плитки, сколько стоит на сутки?', 'Здравствуйте, есть ли в наличии присоска для работы с кафелем?', 'Привет, можно ли взять в аренду присоску для поднятия стеклянных дверей?', 'Здравствуйте, нужна присоска для перемещения тяжелых предметов, сколько стоит?', 'Добрый день, подскажите, есть ли у вас присоска для работы с плиткой на стенах?'"
1403,домкрат бутылочный,"'Здравствуйте, нужен домкрат бутылочный для подъема автомобиля на выходные, сколько стоит аренда?'"
1404,домкрат бутылочный," 'Добрый день, подскажите, есть ли у вас в прокате домкрат бутылочный для замены колес?'"
1405,домкрат бутылочный," 'Здравствуйте, сколько будет стоить аренда домкрата бутылочного на сутки?'"
1406,домкрат бутылочный," 'Привет, нужен домкрат бутылочный для подъема стройматериалов на даче, есть в наличии?'"
1407,домкрат бутылочный," 'Здравствуйте, планирую поднять бетонные блоки, нужен домкрат бутылочный, какие условия аренды?'"
1408,домкрат бутылочный," 'Добрый день, домкрат бутылочный нужен для ремонта забора, подскажите стоимость аренды?'"
1409,домкрат бутылочный," 'Здравствуйте, можно ли сегодня взять в аренду домкрат бутылочный для подъема машины?'"
1410,домкрат бутылочный," 'Привет, нужен домкрат бутылочный для демонтажа старого фундамента, есть в наличии?'"
1411,домкрат бутылочный," 'Здравствуйте, сколько стоит аренда домкрата бутылочного на два дня?'"
1412,домкрат бутылочный," 'Добрый день, домкрат бутылочный нужен для подъема тяжелых конструкций, подскажите стоимость и условия?'"
