,Unnamed: 0,тема,текст
0,0,дрель-шуруповерт,"добрый вечер! подскажите, у вас можно взять в аренду шурповерт?"
1,1,пылесос,Здравствуйте) сколько стоит аренда строительного пылесоса на сутки?
2,2,плиткорез ручной,"Доброе утро. Подскажите пожалуйста в какую цену у вас следующие инструменты: плиткорез ручной 60 см, реноватор, вибратор для плитки."
3,3,фен,Доброе утро Есть строительный фен на аккумуляторной батареи?
4,4,не вопрос клиента,Добрый день
5,5,паркетно-шлифовальная машина,Добрый день! хочу обновить деревянный пол на даче. У вас есть циклевочная машина?
6,6,перфоратор,"Здравствуйте, подскажите, пожалуйста, сколько у вас стоит аренда дрели с микроударом + алмазная коронка на 72 мм, строительный пылесос, штроборез, гвоздезабивной пистолет, перфоратор на сутки?"
7,7,краскопульт,"Здравствуйте, есть краскопульт для эмали?"
8,8,лестница,Какая стоимость аренды стремянки ?
9,9,не вопрос клиента,"Добрый день! Есть склад 300-1000м² в центре СПб. Подходит для хранения товарных запасов — можно разместить и держать длительно. Без интенсивного трафика, доступ 24/7. Если ищете склад — могу отправить информацию."
10,10,пылесос,Добрый день!  Сколько стоит взять в аренду строительный пылесос на сутки? Спасибо
11,11,нет такого инструмента,Здравствуйте аргон есть ?
12,12,машина полировальная,"Добрый день. Есть у вас в аренду полировальная машинка? Если есть, то какая цена в сутки, что в комплекте и какой фирмы/модель"
13,13,компрессор,"Добрый день! Подскажите, есть ли у вас компрессор в аренду?"
14,14,сабельная пила,"Здравствуйте,у вас есть сабельная пила?"
15,15,гвоздезабивной пистолет по бетону,"Здравствуйте, у вас есть монтажный пистолет Toya для электромонтажа? И можно ли будет сегодня его взять в аренду?"
16,16,пушка газовая,Здравствуйте а сколько стоит аренда газовой пушки большой?
17,17,газовый баллон,Здравствуйте а сколько стоит аренда газовой с балоном?
18,18,резчик швов,"Добрый день, ищём кожух для ШВОНАРЕЗЧИКа  GROST FS500 HC. Можно б/у. Может можете предложить? Спасибо."
19,19,дрель-шуруповерт,"Здравствуйте, сколько будет стоить арендовать, шуроповёрт на одни сутки"
20,20,фен,"Здравствуйте, сколько будет стоить арендовать, строительный фен на одни сутки"
21,21,пылесос,Доброй ночи. У вас можно взять в аренду строительный пылесос?
24,24,сварочный аппарат,"Здравствуйте, сварочник в аренду по какой цене?"
25,25,генератор,Здравствуйте  Какая цена аренды генератора ?   Нужен под мойку высокого давления
26,26,пресс для труб РЕ-Х,Здравствуйте. Интересует аренда  аксиального гидравлического пресса для труб на следующую субботу. Есть у вас такой?
27,27,сварочный полуавтомат,"Здравствуйте, подскажите пожалуйста, какой у вас полуавтомат , и в какую сумму в аренду на сутки ?"
28,28,нет такого инструмента,"Здравствуйте, подскажите пожалуйста у вас сварочные аппараты для сварки нержавейки аргоном есть?"
29,29,дрель-шуруповерт,"добрый день! подскажите пожалуйста, дрель и шуроповерт можно взять в аренду? цена?"
30,30,пароочиститель,"Добрый день, сколько будет стоить аренда пароочистителя?"
31,31,пылесос,"Добрый день, сколько будет стоить аренда строительного пылесоса с мешком для мусора?"
32,32,машина полировальная,Здравствуйте! Хотелось бы арендовать с утра 31.03.2026 на сутки ручную полировочную (шлифмашинку) машинку для полировки кафельной плитки
33,33,торцовочная пила,Здравствуйте. Сколько у вас стоит взять в аренду торцовку самую маленькую?
34,34,лобзик,"Добрый вечер, подскажите пожалуйста, мне нужно выпилить квадратное отверстие в столешнице под мойку и под газовую плитку без духовки, у вас есть электрический или ручной лобзик?"
35,35,торцовочная пила,"Добрый день. Интересует аренда торцовочной пилы, если не сложно дайте информацию по условиям"
36,36,бензорез,Здравствуйте. Подскажите пожалуйста бензорез у вас есть?
37,37,газовый баллон,Добрый день  Интересует газовый баллон литров на 8-12  Можно арендовать?
38,38,нет такого инструмента,"Добрый вечер.  А у вас электроинструменты в аренду есть ?  Пресс клещи, кримпера и тд"
39,39,не вопрос клиента,Здравствуйте
40,40,дрель-шуруповерт,"Здравствуйте! Нужен шуруповерт, завтра в районе 12"
41,41,УШМ,"Здравствуйте! Нужна болгарка, завтра в районе 12"
42,42,бур для перфоратора,"Добрый вечер, у вас есть бур по бетону, 20х600/22х600?"
43,43,УШМ аккумуляторная,Здравствуйте есть ли у вас УШМ на аккумуляторе?
44,44,не вопрос клиента,Здравствуйте
45,45,не вопрос клиента,Добрый вечер. Возможно вас заинтересует покупка Дрель на магнитной станине Milwaukee MDE 42?)
46,46,пылесос,"Добрый вечер. Скажите, сколько стоит аренда строительного пылесоса(уборка квартиры после установки дверей, подвесных потолков). С доставкой инструмента. Район Адмиралтейский. Ул. Набережная обводного канала."
47,47,нет такого инструмента,"Добрый вечер. Скажите, сколько стоит аренда робота мойщика окон. С доставкой инструмента. Район Адмиралтейский. Ул. Набережная обводного канала."
48,48,перфоратор,"Здравствуйте! По чем аренда перфоратора, и есть ли доставка?"
49,49,пылесос,Здравствуйте! Нужен строительный пылесос на завтра
50,50,генератор,"Здравствуйте, в какую цену генератор 3 квт"
51,51,пылесос,Добрый вечер. Что кроме оплаты аренды нужно чтобы оформить аренду строительного пылесоса?
52,52,нет такого инструмента,"Добрый ,есть аппарат для сварки аргоном?"
53,53,лобзик,"Добрый вечер, а лобзик есть?"
54,54,паяльник для ПВХ труб,"Здравствуйте! Скажите, пожалуйста, есть ли у вас в прокате паяльник для сварки полипропиленовых труб и сколько стоит прокат на сутки?"
55,55,УШМ,"Здравствуйте, мне нужно две болгарки. На 3 дня. Какие условия?"
56,56,дрель-шуруповерт,"Здравствуйте, мне нужно шуруповерт. На 3 дня. Какие условия?"
57,57,торцовочная пила,"Здравствуйте, мне нужна торцевочная пила. На 3 дня. Какие условия?"
58,58,перфоратор,"Добрый день, скажите пожалуйста возможно ли у вас взять в аренду перфоратор сегодня на сутки?"
59,59,УШМ аккумуляторная,"Здравствуйте, у вас есть балгарка аккумуляторная?"
60,60,паркетно-шлифовальная машина,"Здравствуйте, можете пожалуйста подобрать инструмент если у вас есть такой. Ситуация: паркет в старом фонде, был покрыт старой оранжевой краской, которая была снята вручную с помощью ленточной шлифмашинки. Сам по себе паркет с перепадами и не очень ровный, в некоторых щелях остались остатки краски. Хочется это все как-то привести в нормальный вид насколько это возможно. К идеальности не стримимся, но хотябы все сверху снять. Боимся что снимем слишком много (не знаю возможно ли это). Прилагаю фото"
61,61,сварочный полуавтомат,Здравствуйте! Сколько стоит аренда сварочного полуавтомата?
62,62,машина полировальная,"Добрый день, есть полировательная машинка?"
63,63,гвоздезабивной пистолет по дереву,"Доброе утро, гвоздизабивной пистолет для вагонки есть у Вас?"
64,64,торцовочная пила,Здравствуйте. Сколько стоит аренда торцовки с диском по алюминию?
65,65,лобзик,"Здравствуйте. Нужен электролобзик на выходные, нахожусь в Сестрорецке. Где у вас ближайший пункт выдачи и какие инструменты доступны?"
66,66,перфоратор,Доброе утро! Подскажите пожалуйста стоить проката перфоратора  на 1 час?
67,67,дрель-шуруповерт,"Здравствуйте! Хотел бы взять дрель , шуруповерт в аренду завтра на день . Сколько это будет стоить ?"
68,68,миксер,Здравствуйте! Хотел бы взять миксер в аренду завтра на день . Сколько это будет стоить ?
69,69,перфоратор,"Добрый день! Подскажите, пожалуйста можно ли сегодня взять перфоратор? И какая будет стоимость?"
70,70,дрель-шуруповерт,"Здравствуйте, нужна дрель или шуруповерт(что дешевле)  и сверло на 6  на пару часов"
71,71,перфоратор,Добрый день! Аренда перфоратора в какую цену?
72,72,гвоздезабивной пистолет по бетону,Добрый вечер а у вас есть газовый монтажный пистолет Toua для электро монтажа?
73,73,нет такого инструмента,Здравствуйте. Есть торцовка комбинированная в прокат ?
74,74,дрель-шуруповерт,Здравствуйте! Сколько будет стоить аренда шуруповерта?
75,75,торцовочная пила,"Здравствуйте! Хотела бы взять в аренду торцовочную пилу. Подскажите, пожалуйста, могу ли завтра? И сколько будет по стоимости?"
76,76,моющий пылесос,Добрый день! Нужен моющий строительный пылесос. Отмыть стены в сервисе от масла. Что посоветуете? Работаете сегодня? На каких условиях аренда?
77,77,паркетно-шлифовальная машина,"Здравствуйте,есть ли у вас напрокат циклевочная машина для пола с"
78,78,УШМ аккумуляторная,"Здравствуйте, у вас есть аккумуляторная болгарка?"
79,79,дрель-шуруповерт,Добрый день! Подскажите сколько в аренду на 1 день будет стоить дрель
80,80,нет такого инструмента,Здравствуйте! Нужен нейлер telegram номер 911 948-78-14
81,81,торцовочная пила,"Здравствуйте , интересует аренда торцовочной пилы с диском для алюминия"
82,82,нет такого инструмента,Здравствуйте. А есть перфоратор и коронка чтоб пробить стену в частном доме под вентканал? Диаметр трубы 100 мм.
83,83,не вопрос клиента,Здравствуйте
84,84,не вопрос клиента,Добрый день!
85,85,дрель-шуруповерт,Здравствуйте! Хотел бы уточнить стоимость аренды шуруповерта на 1 день
86,86,сабельная пила,Добрый день у вас сабельная пила с полотном идёт? Есть полотно под газоблоки?
87,87,дрель-шуруповерт,"Здравствуйте  дрель нужен на прокат, сколько будет стоить на день"
88,88,перфоратор,Добрый день! Какя цена перфоратора?
89,89,паркетно-шлифовальная машина,Здравствуйте подскажите пожалуйста есть ли аренда циклевочной машины
90,90,торцовочная пила,"Здравствуйте, сколько в сутки стоит аренда торцовки с протяжкой?"
91,91,перфоратор,"Добрый день. Хотела бы арендовать на завтра перфоратор на сутки. Какая будет стоимость аренды? Нужна доставка на Магнитогорскую 3к2 (м. Новочеркасская). Также нужны сверла по бетону/кирпичу, если нет в комплекте"
92,92,пылесос,"Здравствуйте, пылесос строительный нужен , какие у вас и сколько стоят ?"
93,93,лобзик,"Здравствуйте, скажите лобзик есть в аренду?"
94,94,подъемник ГКЛ,"Добрый день, какой у вас подъемник ГКЛ для аренды есть? Модель?"
95,95,гвоздезабивной пистолет по дереву,"Здравствуйте! У вас есть для аренды гвоздезабивной пистолет? Нужен для крепления наличников(может ошибаюсь, но вроде есть такие степлеры даже для этих целей)."
96,96,бур для перфоратора,"Здравствуйте. Подскажите, есть ли у вас бур sds plus 32/ 600?"
98,98,перфоратор,Здравствуйте.сегодня можно взять в аренду перфоратор?
99,99,не вопрос клиента,Здравствуйте
100,100,сабельная пила аккумуляторная,Добрый день. Требуется аккумуляторная сабельная пила на сутки. Задача - распил силового кабеля диаметром около 50мм.. порядка 50 распилов. Есть подходящая пила?
101,101,удлинитель электричексий,Здравствуйте. Интересует уличный удлинитель на 3квТ Какая стоимость аренды?
102,102,пылесос,"Добрый день,есть строительные пылесосы в аренду?убрать пыль от штукатурки и бетона с пола"
103,103,перфоратор,Добрый вечер А можно взять в аренду перфоратор? Нужно для снятия старой штукатурки  Можно доставкой до пискаревского проспекта 20?
104,104,не вопрос клиента,Добрый день. Вам алмазные диски не нужны? Не скупаете?
105,105,не вопрос клиента,Добрый день. Возможно вас заинтересует покупка гидравлического насаоса для дальнейшей сдачи его в аренду ?
106,106,лобзик,Здравствуйте! Мне нужен Лобзик у вас имеется в наличии?
107,107,паркетно-шлифовальная машина,"добрый день, у вас есть циклевочная машина в аренду?"
108,108,фен аккумуляторный,"Добрый день. Подскажите, пожалуйста, есть ли у вас в аренду аккумуляторный фен?  Нужно на несколько дней, замки на даче разморозить"
109,109,штроборез,"Здравствуйте,  сколько будет стоить аренда штробореза"
110,110,пылесос,"Здравствуйте,  сколько будет стоить аренда пылесоса"
111,111,краскопульт,"Здравствуйте , можно взять в аренду краскопульт с завтрашнего дня ?"
112,112,дрель-шуруповерт,здравствуйте есть шуруповерт ленточный ?
113,113,не вопрос клиента,тест
114,114,торцовочная пила,Здравствуйте. Есть на завтра торцовка с 255 диском? Сколько аренда на сутки и какие условия аренды?
115,115,перфоратор,"Здравствуйте!  Мне нужно в съемной квартире 2 полки установить, поэтому в поисках дрели.  Мне на пару часов буквально потребуются)  Сколько это по стоимости у вас выйдет?"
116,116,дрель-шуруповерт,"Здравствуйте!  Мне нужно в съемной квартире 2 полки установить, поэтому в поисках шуруповерта.  Мне на пару часов буквально потребуются)  Сколько это по стоимости у вас выйдет?"
117,117,паркетно-шлифовальная машина,здравствуйте. есть шлифмашинки для реставрации пола на какой-то из выходных дней?
118,118,УШМ,Доброе утро! Можно у вас взять болгарку (ушм) на два дня? Сколько будет стоить? И нужен ли залог?
119,119,пила дисковая,"Здравствуйте, есть в аренду циркулярная плита с углом поворота ? Сколько стоит ?"
121,121,торцовочная пила,"Здравствуйте, хотела бы арендовать торцовочную пилу. Подскажите, можно ли взять доставкой?"
122,122,пила погружная,Доброе утро. Пила погружная с направляющими у вас найдется?  Спасибо
123,123,отбойный молоток,Добрый вечер! Будет ли возможность забронировать перфоратор с зубилом(если имеется) на 11.02 или 12.02 с доставкой ?
124,124,не вопрос клиента,Привет
125,125,паркетно-шлифовальная машина,Здравствуйте. У вас есть аренда циклевочной машины для паркета?
126,126,не вопрос клиента,Добрый день. Заключение договора на аренду с пропиской в СПБ?
127,127,перфоратор,"Здравствуйте, нужен перфоратор в аренду. 2 отверстия сделать"
128,128,генератор,"Добрый день! Подскажите стоимость аренды генераторов. Нам нужен один генератор 5 кВт, и 2 генератора по 3 кВт. дата 21 февраля, время с 10:00 до 16:00  Подскажите сразу по стоимости бензина и доставки, адрес ул. Турку 23к1"
129,129,машина полировальная,Добрый день  Подскажите пожалуйста  Есть у вас в наличии полировальная машинка ?
130,130,нейлер пневматический,Добрый вечер! Подскажите пожалуйста стоимость аренды пневматического степлера?
131,131,компрессор,Добрый вечер! Подскажите пожалуйста стоимость аренды компрессора?
132,132,гвоздезабивной пистолет по бетону,"Здравствуйте, есть гвоздезабивной пистолет по бетону ? Нужен на 80 грибы"
133,133,не вопрос клиента,Здравствуйте
134,134,вопрос по режиму работы,Добрый день ! Вчера брал сабельную пилу  До которого часа не обходимо сегодня вернуть?   89219347466 Джабаров Арзу
135,135,дрель-шуруповерт,"Здравствуйте, аренда дрели сколько стоит?"
136,136,сварочный аппарат,"Здравствуйте, есть ли сварочный аппарат и какая цена?"
137,137,не вопрос клиента,"звонила, пишу для сохранения! не обращайте внимания"
138,138,нет такого инструмента,Здравствуйте ! У вас есть пила по камню диаметра 80?
139,139,фен аккумуляторный,"Добрый день, подскажите у вас есть строительный фен  аккумуляторный?"
140,140,перфоратор,Добрый день перфоратор в аренду сколько будет стоить на день?
141,141,фен аккумуляторный,Добрый вечер! А есть аккумуляторный фен?
142,142,машина полировальная,Добрый день! Есть или к Вас в наличии полировальная машина с регулировкой оборотов?
143,143,фен,Здравствуйте! У вас есть строительные фены в аренду?
144,144,лазерный уровень,"Здравствуйте, сколько стоит аренда лазерного уровня?"
145,145,дрель-шуруповерт,"Здравствуйте, сколько будет стоить аренда дрели на пару часов?"
146,146,жираф,"Добрый день. Подскажите, есть ли в наличии машинка для шлифовки стен и потолков, стоимость аренды и залога?"
147,147,не вопрос клиента,Здравствуйте
148,148,дрель-шуруповерт,"Здравствуйте, подскажите пожалуйста, нам нужен в аренду шуроповерт и шестигранный ключ ( но только больше универсального, для разбора дивана). Сколько это будет стоить по цене, если арендовать его у вас на сутки, с 18:00"
149,149,миксер,"Здравствуйте, сколько стоит аренда строительного миксера?"
150,150,виброплита,добрый вечер! есть у вас трамбовка с доставкой?
151,151,перфоратор,Здравствуйте нужен перфоратор сколько стоит прокат? Хотим установить кронштейн
152,152,миксер,"Здравствуйте, сколько стоит аренда миксера строительного"
153,153,пылесос,"Здравствуйте, сколько стоит аренда строительного пылесоса"
154,154,не вопрос клиента,Здравствуйте
155,155,дрель-шуруповерт,"Здравствуйте, сколько будет стоит шуруповерт?"
156,156,нет такого инструмента,"Здравствуйте, у вас есть набор инструментов: пассатижи, гаечный ключ ?"
157,157,не вопрос клиента,Здравствуй
158,158,нет такого инструмента,Добрый вечер. Нужна торцевая пила со столом.
159,159,фрезер,Добрый вечер. Нужен фрезер для монтажа МК дверей. Есть по наличию?
160,160,торцовочная пила,Здравствуйте. Подскажите пожалуйста стоимость торцовочной пилы на сутки и есть ли диск по алюминию
161,161,паркетно-шлифовальная машина,Доброе утро. Хочу взять напрокат ципливочную машину. Какая стоимость за сутки?
162,162,торцовочная пила,"Здравствуйте, можно взять в аренду торцевую пилу ?"
163,163,дрель-шуруповерт,Здравствуйте  Аренда шуруповерта какая стоимость? Залог?
164,164,пылесос,Добрый день! Подскажите стоимость аренды пылесоса в час?
165,165,лестница-трансформер,"Здравствуйте,в какую цену арендовать лестницу трансформер на сутки?"
166,166,не вопрос клиента,Сообщение удалено
167,167,шлифовальная машина,"Добрый день! Подскажите, есть ли в аренду шлиф машина? Сколько стоит взять на день?"
168,168,пылесос,"Добрый день! Подскажите, есть ли в аренду пылесос? Сколько стоит взять на день?"
169,169,нет такого инструмента,Здравствуйте. Интересует шиногиб ручной. Есть такое в прокат?
170,170,нет такого инструмента,"Здравствуйте, подскажите нет ли у вас аккумуляторной пилы?"
171,171,торцовочная пила,Здраввствуйте !  Интересует настольная пила в аренду есть что то ?  Наподобие такого:
172,172,паркетно-шлифовальная машина,Добрый день. Сколько будет стоить аренда циклевлчной машины? Какая модель у вас?
173,173,УШМ,"Добрый день, есть в аренду болгарка 230 мм?"
174,174,перфоратор,Добрый вечер Интересует на завтра аренда перфоратора на сутки
175,175,пила дисковая,"Здравствуйте, нужна цирц пила на сутки. Завтра можно взять в аренду?"
176,176,пушка газовая,"Добрый вечер, подскажите пожалуйста, газовую пушку завтра с утра можно взять на сутки? Сколько будет стоить?"
177,177,дрель для алмазного бурения,"Здравствуйте, у вас есть дрель с микро ударом для подразетников ?"
178,178,сварочный полуавтомат,"Здравствуйте ,сколько стоит на прокат сварочник полуавтомат  с баллоном?"
179,179,УШМ,"Здравствуйте , большая болгарка интересует на 5 дней"
180,180,не вопрос клиента,Здравствуйте
181,181,УШМ,Добрый день у вас есть болгарка 250 с кожухом забора пыли?
182,182,лестница,"Здравствуйте, сколько стоит аренда шести ступенчатой стремянки ?"
183,183,фрезер,"Добрый день, не дозвонился вам. Скажите, фрезер можно взять в аренду? И какая у него цанга, 8 или 12мм, есть ли параллельный упор?"
184,184,торцовочная пила,Добрый вечер. Тарчовка не освободилась?
185,185,не вопрос клиента,"Добрый день!  Вы даёте платные консультации?  Планируем запустить в нашем городе Нижникамске бизнес, подобный вашему. Есть время, место и возможность. Но чтобы не распыляться и быть максимально эффективными уже на старте, нам нужны ответы на некотрые вопросы.  Список из 5-10 самых интересных позиции для проката.  Тарифы аренды на указанных выше позиции.  Условия предоставления оборудования в аренду.  Сколько будут стоить ответы на мои вопросы?  Заранее спасибо, за обратную связь!"
186,186,краскопульт,здравствуйте  а сколько стоит аренда краскопульта? на 3 дня
187,187,торцовочная пила,Сколько будет стоить пила торцовочная за сутки?
188,188,лобзик,Здравствуйте! подскажите сколько будет стоить лобзик в аренду
189,189,пылесос,"Добрый вечер, интересует строительный пылесос на завтра"
190,190,не вопрос клиента,Добрый вечер
191,191,УШМ,"Здравствуйте, хочу узнаь стоимость аренды болгарки ?"
192,192,вопрос по режиму работы,Здравствуйте. Работаете?
193,193,лазерный уровень,"Здравствуйте,  Будет ли в наличии лазерный нивелир на сутки в пятницу? И что по стоимости?"
194,194,миксер,Добрый день! Нужны в аренду: Строительный миксер
195,195,штроборез,Добрый день! Нужны в аренду: Штроборез
196,196,перфоратор,Добрый день! Нужны в аренду: Перфоратор
197,197,подъемник ГКЛ,Здравствуйте. Хочу арендовать у вас подьемник для глк на 6-7 января.
198,198,вопрос по режиму работы,"Здравствуйте,работаете?"
199,199,пила дисковая,Здравствуйте! Сколько стоит аренда паркетки?
200,200,перфоратор,Добрый день!  Подскажите стоимость аренды перфоратора  ?)
201,201,вопрос по режиму работы,"Здравствуйте,вы завтра работаете?"
202,202,дрель-шуруповерт,"Добрый вечер! Мне нужны инструменты: шуруповёрт. У вас есть такое, если да, то сколько это будет стоить?"
203,203,перфоратор,"Добрый вечер! Мне нужны инструменты: перфоратор. У вас есть такое, если да, то сколько это будет стоить?"
204,204,лазерный уровень,"Добрый вечер! Мне нужны инструменты: уровень. У вас есть такое, если да, то сколько это будет стоить?"
205,205,не вопрос клиента,Здравствуйте
206,206,перфоратор,Добрый день! Подскажите можно взять в аренду перфоратор на сегодня? Сколько будет стоить?
207,207,не вопрос клиента,Здравствуйте
208,208,дрель-шуруповерт,Здравствуйте! Сколько у вас стоит аренда дрели по часам?
209,209,пылесос,Добрый день. Интересует строительный пылесос. На сутки
210,210,не вопрос клиента,Здравствуйте
211,211,торцовочная пила,"Добрый день!  Подскажите, пожалуйста, можно ли арендовать торцовочную пилу? Необходима на один день, субботу.  Адрес: проспект Энгельса дом 29 корпус 1   Необходимо с доставкой"
212,212,дрель-шуруповерт,здравствуйте! почем аренда шуроповерта ?
213,213,не вопрос клиента,Здравствуйте
214,214,лестница,Какая стоимость завтра в 7 утра арендовать  лестницу?
215,215,перфоратор,"Добрый день, уточните, пожалуйста, стоимость аренды дрели или перфоратора на пару часов, необходимо повесить зеркало, для этого нужно просверлить отверстие в стене"
216,216,не вопрос клиента,Добрый день.
217,217,дрель-шуруповерт,"Здравствуйте, нужен шуруповерт и молоток"
218,218,паркетно-шлифовальная машина,"Здравствуйте, а есть машинка для циклевки паркета ?"
219,219,перфоратор,"Добрый день, хотим арендовать у вас инструмент нужно повесить штангу для одежды в шкаф из ЛДСП"
220,220,вопрос по режиму работы,"Здравствуйте, вы завтра работаете?"
221,221,перфоратор,"Здравствуйте, подскажите пожалуйста, можно ли у вас взять в прокат перфоратор на сутки?"
222,222,лампа Лосева,"Здравствуйте , лампа Лосева имеется ?"
223,223,дрель-шуруповерт,"Здравствуйте, сколько будет стоить аренда шуруповерта? И есть ли у вас возможность давать сверло?"
225,225,торцовочная пила,Здравствуйте интересует аренда торцевой  пилы
226,226,дрель-шуруповерт,Здравствуйте а у вас нету шуруповерта в аренду ?
227,227,жираф,"Здравствуйте, есть шлифовочная машина?"
228,228,лампа Лосева,"Здравствуйте, есть лампа Лосева?"
229,229,пылесос,"Здравствуйте, есть пылесос?"
230,230,фрезер,"Здравствуйте, подскажите пожалуйста, какая модель мне лучше подойдет?  Задача - максимально быстро и как можно тише просверлить дерево не насквозь, а сделать просто углубление сверлом DeWalt Extreme Impact. Углубление диаметром 13мм и длиной 7см примерно  Тишина и скорость сверления находятся на одном уровне"
231,231,лампа Лосева,Добрый день! Лампа Лосева у Вас есть?
232,232,нет такого инструмента,Добрый вечер? Есть ли у вас в аренду КСГ - 705 Пистолет для цементного раствора
233,233,не вопрос клиента,Здравствуйте
234,234,не вопрос клиента,Здравствуйте
235,235,не вопрос клиента,Здравствуйте
236,236,перфоратор,Добрый вечер  Сколько будет стоить аренда перфоратора ?
237,237,вопрос по режиму работы,"Добрый вечер, пара вопросов: время аренды оплачивается сразу при получении, или  после возврата по фактическому времени в пользовании. И смогу ли я арендовать инструмент будучи несовершеннолетним (17 лет)?"
238,238,перфоратор аккумуляторный,"Добрый,мне нужен перфоратор аккумуляторный"
239,239,нет такого инструмента,"Здравствуйте, у вас есть в наличии дрель crown, хотел бы завтра подъехать, забрать"
240,240,торцовочная пила,"Торцовочная пила с протяжкой есть в наличии? Нужна будет в пятницу, где-то до понедельника"
241,241,нет такого инструмента,Добрый вечер. Интересует аренда ленточный пилы. Прошу указать марку и модель и стоимость.
242,242,торцовочная пила,Добрый вечер. Интересует аренда торцовочной пилы. Прошу указать марку и модель и стоимость.
243,243,лобзик,"Здравствуйте, нужен лобзик , чтобы сделать вырез в столе .   На 1 сутки или даже если можно на пол суток )   Какая цена и условия . Стол тонкий , можно самый обычный лобзик"
244,244,нет такого инструмента,"Добрый день. Подскажите, пожалуйста, есть ли в аренду электрический рубанок шириной 20 мм, глубиной от 4 мм?"
245,245,не вопрос клиента,Здравствуйте
246,246,пылесос,"Добрый вечер, есть возможность проката пылесоса строительного на завтра?"
247,247,пылесос,Добрый вечер!  На завтра у Вас есть пылесос строительный для аренды?
249,249,не вопрос клиента,Здравствуйте для аренда
250,250,не вопрос клиента,Здравствуйте
251,251,лампа Лосева,Здравствуйте! Лампа Лосева есть в аренду? На месяц примерно
252,252,паркетно-шлифовальная машина,Доброе утро. Аренда циклевочной машины по паркету сколько будет стоить?
253,253,лобзик,"Здравствуйте,у вас есть лобзик?"
254,254,пылесос,"Добрый вечер, сколько стоит аренда строительного пылесоса?"
255,255,пушка электрическая,"Добрый вечер. Сколько у вас стоит аренда тепловой, электрической пушки для Помещения 5м2?"
256,256,лобзик,Добрый вечер  Сколько будет стоить аренда электролобзика на 2 суток? Что нужно для аренды?
257,257,перфоратор,Добрый вечер  Сколько будет стоить аренда перфоратора на 2 суток? Что нужно для аренды?
258,258,перфоратор,Здравствуйте!  Есть перфоратор?  На 3 дня
259,259,УШМ,Здравствуйте подскажите пожалуйста интересует большая болгарка с алмазным кругом по бетону
260,260,бензорез,Здравствуйте подскажите у вас есть в аренду бетонорез?
261,261,не вопрос клиента,День добрый.  Виброплиту выкупите? После одного объекта Champion PC9045F
262,262,перфоратор,Здравствуйте! Сколько стоит аренда перфоратора?
263,263,сварочный полуавтомат,"Здравствуйте, а у вас есть сварочный аппарат полуавтомат ?"
264,264,паяльник для ПВХ труб,Добрый день. Паяльная машина для полпроптленовых труб завтра можно взять?
265,265,не вопрос клиента,Здравствуйте
266,266,реноватор,"Здравствуйте, реноватор есть в наличии в аренду?"
267,267,лестница,"Здравствуйте! Есть ли для аренды лестница- стремянка, буквой Л для работы под потолком в помещении высотой 4.35 метра? На одни сутки."
269,269,лестница,Здравствуйте. Лестница метров 7-8 есть для аренды? Цена?
270,270,гвоздезабивной пистолет по бетону,"добрый день, есть аренда гвоздезабивной пистолет аккумуляторный по бетону?"
271,271,машина полировальная,какие у вас полировочные машинки
272,272,машина полировальная,"Здравствуйте, полировальная машинка сколько будет стоить на сутки?"
273,273,торцовочная пила,"Добрый день! Интересует аренда торцовочной пилы, рубанка. Какая стоимость?"
274,274,степлер,Здравствуйте! Можно ли у вас арендовать пневмостеплер?
275,275,компрессор,Здравствуйте! Можно ли у вас арендовать электрический компрессор?
276,276,дрель-шуруповерт,"Добрый вечер! Работаете? Срочно нужна дрель, в которую зайдет сверло по металу на 12"
277,277,краскопульт,Здравствуйте  Интересует аренда краскопульта  Нужно покрасить потолок с вентиляцией 200кв  Какие варианты есть?   Владимир  89531790859
278,278,перфоратор,Здравствуйте есть перфоратор или ударная дрель ?
279,279,дрель-шуруповерт,"Здравствуйте, сколько стоит аренда дрели? На какой срок? Идут ли сверла в комплекте?"
280,280,реноватор,"Добрый день! Подскажите, пожалуйста, у вас есть в наличии реноватор?"
281,281,перфоратор,Здравствуйте  Перфоратор есть возможность взять в аренду сегодня и завтра вернуть?
282,282,нет такого инструмента,"здравствуйте, сколько стоит арендовать электропилу на два дня?"
283,283,рейсмус,Добрый день. Интересует аренда рейсмуса. Какая рабочая ширина?
284,284,пушка газовая,Здравствуйте. Газовую тепловую пушку завтра можно арендовать на пару суток?
285,285,газовый баллон,Здравствуйте. Баллон газовый завтра можно арендовать на пару суток?
286,286,тачка,Тачка нужна
287,287,виброплита,нужна трамбовка
288,288,пила цепная аккумуляторная,"Здравствуйте, подскажите, есть ли в ассортименте вашего инструмента аккумуляторная цепная пила?"
289,289,нейлер пневматический,Здравствуйте! Сколько стоит аренда пневматического степлера?
290,290,не вопрос клиента,Добрый  вечер
291,291,не вопрос клиента,"Здравствуйте, тепловые пушки есть в наличии?"
292,292,лестница,"Здравствуйте, нужна высокая стремянка , метров 5"
293,293,заклепочник,"Здравствуйте, есть ли у вас заклепочник под каленые заклепки 8мм ?"
294,294,пила ленточная,Добрый день! У Вас есть ленточная пила в аренду?
295,295,виброплита,"Добрый день ,сколько будет стоит вибро плита на сутки с доставкой?"
296,296,лобзик,"Здравствуйте  нужен электролобзик на сутки, сегодня можно взять в аренду,"
297,297,не вопрос клиента,Добрый вечер
298,298,сварочный аппарат,Нужен инвертор- сварочник.Чё-почём(?!) Привет.
299,299,торцовочная пила,Можно арендовать торцовочную пилу? Стоимость аренды?
300,300,лестница,Здравствуйте! Какая у Вас самая высокая стремянка?
301,301,сварочный полуавтомат,"Здравствуйте, сварочный полуавтомат нужен , дня на 4 , что по цене ?"
302,302,пила погружная,"Здравствуйте! Подскажите, циркулярная пила(распилить столешницу кухонную) есть в наличии? И какая стоимость?"
303,303,виброплита,"Добрый ночи, интересует виброплита, трамбовать 20-30см песок щебень, какой виброплита нужен?  аренда с доставкой ул Сортировочная-Московская"
304,304,прогрев бетона,"Добрый ночи, интересует  оборудование для прогрева бетона,  аренда с доставкой ул Сортировочная-Московская"
305,305,лазерный уровень,"Добрый ночи, интересует лазерный невилер, аренда с доставкой ул Сортировочная-Московская"
306,306,культиватор,Здравствуйте. Культиватор есть у вас в аренду?
307,307,перфоратор,Здравствуйте. Сегодня работаете? Перфоратор есть?
308,308,не вопрос клиента,Добрый вечер
309,309,перфоратор,"Здравствуйте! Подскажите пожалуйста, есть ли у вас перфоратор и сколько он стоит в сутки?"
310,310,вопрос по режиму работы,Вы сегодня работаете?
311,311,торцовочная пила,Добрый день! Подскажите пожалуйста есть ли у вас в аернду торцовочная пила ?
312,312,дрель-шуруповерт,добрый вечер! сегодня возможно арендовать дрель?
313,313,реноватор,"Добрый день. Необходимо арендовать реноватор. Подскажите по наличию. Еще подскажите, идет ли в комплекте оснастка?"
314,314,пылесос,Здравствуйте. Сколько стоит аренда строительного пылесоса?
315,315,реноватор,Здравствуйте. У вас есть реноватор?
316,316,лестница,"Здравствуйте. Вы сегодня работаете? Если да, то у вас есть стремянка на 7 ступеней (1.48м площадка) в аренду? И сколько это по стоимости на сутки"
317,317,миксер,"Здравствуйте! Можно на завтра забронировать строительный миксер ручной? Скорее всего на сутки, т.к. до 18-00 не успею вернуть."
318,318,торцовочная пила,Добрый день мне нужна торцовка для того чтобы отпилить плинтус из полистирола ( ударопрочный)
319,319,не вопрос клиента,Здравствуйте
320,320,сварочный полуавтомат,"Здравствуйте! Подскажите, у вас сварочный полуавтомат в аренду на сутки можно взять?"
321,321,нет такого инструмента,"Добрый день, подскажите пожалуйста есть ли у вас ударный ключ на 30мм"
322,322,пылесос,Здравствуйте!  Нужен в аренду строительный пылесос. Сколько за сутки? И сколько будет стоить взять на месяц?
323,323,не вопрос клиента,Здравствуйте
324,324,лобзик,"Здравствуйте, нужен электрический лобзик на сегодня, сколько будет стоить на 1 сутки?"
325,325,пылесос,"Здравствуйте, нужен мощный строительный пылесос. У нас есть обычные строительный пылесос с 1 турбиной, но он не справляется. Задача такая: по площади всей квартиры убрали плитку и остался мусор, мы сколько смогли прошли щетками, и нужно привести пол в порядок."
326,326,дрель-шуруповерт,"Здравствуйте, сколько стоит аренда шуруповерта самого простого на сегодня"
327,327,пила дисковая,Дд Подскажите пожалуйста стоимость аренды циркулярной ручной пилы И второе: торцовочной
328,328,торцовочная пила,"нужна торцовочная пила с протяжкой, с глубиной пропила не менее 90 см. Есть такое? стоимость аренды?"
329,329,перфоратор,Здравствуйте. Сколько стоит аренда перфоратора. Нужно сделать 8 отверстий в бетоне. Аренда на день
330,330,реноватор,Здравствуйте. Ренноватор сдаете в аренду? Стоимость? Где можно забрать?
331,331,не вопрос клиента,Добрый вечер!
332,332,не вопрос клиента,Добрый день! С прайсом можно ознакомиться?
333,333,перфоратор,"Здравствуйте! Подскажите, пожалуйста, у вас есть ударная дрель с функцией перфоратора? И можно, пожалуйста, узнать условия аренды?"
334,334,гвоздезабивной пистолет по бетону,здравствуйте. сколько будет стоить аренда гвоздезабивной пистолет аккумуляторный
335,335,не вопрос клиента,Добрый день.
336,336,паркетно-шлифовальная машина,Здравствуйте. А циклевщик для Пола есть?
337,337,бензопила,"Добрый вечер  Интересует бензопила , 462 или выше Аренда на 4 дня , возможно больше"
338,338,пила дисковая,"Здравствуйте, меня интересует, 1)пила паркетница, если да, то сколько будет стоить аренда на 2 суток"
339,339,лазерный уровень,"Здравствуйте, меня интересует, 2)лазерный уровень, если да, то сколько будет стоить аренда на 2 суток"
340,340,степлер,"Здравствуйте, меня интересует, 3)степлер электрический, если да, то сколько будет стоить аренда на 2 суток"
341,341,не вопрос клиента,Добрый вечер
342,342,шлифовальная машина,"Здравствуйте,сориентируйте по наличию шлифмашинки по дереву ,ее стоимости и возможности аренды на воскресенье"
343,343,дрель для алмазного бурения,"Здравствуйте, имеется дрель с коронкой для подрозетника (68мм)?"
344,344,УШМ,"Здравствуйте, подскажите, есть ли в наличии в аренду болгарка?"
345,345,паркетно-шлифовальная машина,"Здравствуйте! Скажите пожалуйста, имеется в прокате Паркетошлифовальные машины? Если да, в какую стоимость прокат?"
346,346,паркетно-шлифовальная машина,"Здравствуйте, у вас есть циклевочная машина? Сколько стоит аренда?"
347,347,сварочный полуавтомат,"Здравствуйте, а сколько сварчный полуавтомат ампер минимум и цена"
348,348,лобзик,Добрый день! У вас в аренду аккумуляторный электро лобзик или аккумуляторная сабельная пила?
349,349,гвоздезабивной пистолет по бетону,Здравствуйте. Гвоздезабивной пистолет можно взять в аренду? Какая цена и условия ?
350,350,краскопульт,"Здравствуйте, есть электрический пуливилизатор"
351,351,не вопрос клиента,"здравствуйте, могу ли я придти к вам с инструментом маленьким, чтобы вы обрезали, я просто не умею инструментом пользоваться"
352,352,паяльник для ПВХ труб,Здравствуйте. Подскажите у вас есть инструмент для резки металлопластиковых труб?
353,353,не вопрос клиента,Сообщение удалено
354,354,триммер,Здравствуйте. Сколько будет стоить бензопила и триммер с ножом и леской? На день
355,355,перфоратор,"Здравствуйте, нужен мощный перфоратор, есть возможность взять у вас в аренду?"
356,356,степлер,"Здравствуйте, сколько стоит аренда степлера"
357,357,шлифовальная машина,"Здравствуйте, шлифовальная машина для дерева на акомулятлое есть?"
358,358,перфоратор,Здравствуйте! Хотела бы узнать возможно ли взять перфоратор (который подойдёт для кирпичной стены) на воскресенье и сколько это будет стоить?
359,359,перфоратор,Здравствуйте. Нужен перфоратор или дрель с ударным механизмом. Повесить зеркало
360,360,не вопрос клиента,Добрый день
361,361,плиткорез ручной,"Здравствуйте. Подскажите, интересует плиткорез. Что у вас есть из наличия и какая будет стоимость аренды ?"
362,362,заклепочник,Добрый день! подскажите есть ли в аренду резьбовой заклепочник?
363,363,УШМ,"Здравствуйте! Нужен болгарка на день, сколько выйдет?"
364,364,сварочный аппарат,"Здравствуйте! Нужен сварочник на день, сколько выйдет?"
365,365,нет такого инструмента,Электропилу в аренду сколько будет
366,366,не вопрос клиента,Здравствуйте!
367,367,пылесос,Добрый день ! Сколько стоит аренда строительного пылесоса ?
368,368,бензобур,Здравствуйте. Требуется бур шнек 300 с доставкой. Оплата по р/с  с НДС
369,369,перфоратор,Здравствуйте. Можно ли будет у вас завтра взять перфоратор в аренду? И сколько стоит на сутки
370,370,пылесос,"Здравствуйте, хотел бы завтра взять пылесос на день. Пропылесосить стяжку перед заливкой ровнителя. Не нашел объявления, сколько будет стоить ?"
371,371,газонокосилка,"Здравствуйте. Подскажите , у вас можно арендовать газонокосилку и какая цена за сутки ?"
372,372,генератор,"Здравствуйте, есть генератор от 5 кВт ? Завтра на день"
373,373,лестница,"Добрый день) нам нужна стремянка в среду к 10.00, на 1 день Подскажите , есть ли у Вас доставка и какой высоты есть?  Потолки в помещении 3.5м, необходим доступ до потолка"
374,374,перфоратор,"Здраствуйте,перфоратор в аренду у вас есть?цена аренды?"
375,375,пылесос,"Здравствуйте, у вас есть пылесос для болгарки ?"
376,376,лестница,"Добрый день. Подскажите, у вас будет стремянка высокая для работы с потолком 4м-4.3м?"
377,377,паркетно-шлифовальная машина,"Добрый день, в какую стоимость будет аренда циклевочной машины по паркету ?"
378,378,торцовочная пила,Здравствуйте  Нужна торцовка на 2-3 дня Какая стоимость?
379,379,торцовочная пила,"Добрый день! Ищем для работ небольшую торцовочную пилу. Подскажите, пожалуйста у Вас найдется такой инвентарь?"
380,380,лестница,"Добрый день! Ищем для работ стремянку до 100 сантиметров (можно +-20 сантиметров -- не критично). Подскажите, пожалуйста у Вас найдется такой инвентарь?"
381,381,лобзик,"Добрый день, хочу взять в аренду аккумуляторный электролобзик в воскресенье с утра"
382,382,лестница,"Добрый день! Просьба уточнить возможно и стоимость. Нужны две лестницы-стремянки. Трансформер и трехсекционная. На 3-5 дней, с сегодняшнего дня или завтра. С возможностью доставки: проспект Энгельса, дом 27. Оплата: желательно безнал, возможно?"
383,383,не вопрос клиента,Здравствуйте
384,384,дрель-шуруповерт,"Здравствуйте,в какую цену будет прокат дрели на сутки? Я могу сейчас без проблем подъехать"
385,385,бензобур,"Добрый вечер! Подскажите, пожалуйста, есть ли у вас бензобур?"
386,386,триммер,"Добрый вечер! Подскажите, пожалуйста, есть ли у вас триммер бензиновый (мотокоса)?"
387,387,сварочный полуавтомат,Сколько стоит аренда сварочного полуавтомата ?
388,388,вопрос по режиму работы,Подскажи вы с 09:00 или с 10:00 в выходные ? На авито написано с 09:00 на картах с 10:00
389,389,паркетно-шлифовальная машина,"Доброй ночи, в какую стоимость аренда циклевальной машины для паркета дубового ?"
390,390,пылесос,"Здравствуйте, подскажите пожалуйста, есть ли пылесос который подойдет для уборки полов после ремонта (надо избавиться от белой пыли)"
391,391,не вопрос клиента,Здравствуйте
392,392,нет такого инструмента,"Здравствуйте, электробур по чем можно арендовать?"
393,393,сварочный полуавтомат,"Здравствуйте! Интересует сварочный полуавтомат в аренду, на 2дня"
394,394,не вопрос клиента,Здравствуйте
395,395,фен,"Здравствуйте!  Нужно снять старую краску с деревянных дверей.   Я так понимаю, нужна аренда строительного фена? Если неправильно понимаю, подскажите, пожалуйста.  И сразу с ценами с доставкой от/до Загородного проспекта, 24, Спб  Спасибо!"
396,396,УШМ,"Здравствуйте!  Нужно снять старую краску с деревянных дверей.   Я так понимаю, нужна аренда болгарки? Если неправильно понимаю, подскажите, пожалуйста.  И сразу с ценами с доставкой от/до Загородного проспекта, 24, Спб  Спасибо!"
397,397,краскопульт,Здравствуйте! Краскопульт на завтра есть? Какой и стоимость аренды?
398,398,торцовочная пила,"Здравствуйте, какова стоимость аренды торцовочной пилы ?"
399,399,лестница,"здравствуйте, есть ли у вас лестница трансформер в аренду, что бы в разложенном виде не меньше 3 метров в длинну была? и сколько будет стоить на 3 часа?"
400,400,лобзик,Здравствуйте  Нужен лобзик для выреза столешницы в аренду на 1 день
401,401,торцовочная пила,Здравствуйте. У вас есть торцовочная пила?
402,402,перфоратор,"Здравствуйте, а перфоратор сколько будет стоить?"
403,403,пылесос,"Здравствуйте,можно ли заехать через минут 20 взять в аренду строительный пылесос?"
404,404,дрель-шуруповерт,"Добрый день, подскажите, пожалуйста, стоимость аренды шуруповерта?"
405,405,штроборез,Добрый день! Штроборезы есть?
406,406,лестница,Добрый день !   Интересует аренда лестницы на сутки высотой 9-11 метров  И по какому графику работаете ?
407,407,не вопрос клиента,Добрый вечер
408,408,перфоратор,"Здравствуйте, у вас есть перфоратор в аренду? Сколько стоит?"
409,409,не вопрос клиента,Здравствуйте!
410,410,рейсмус,Здравствуйте я по поводу рейсмус а утром могу получить
411,411,торцовочная пила,Здравствуйте.У вас есть в аренду торцовка по металлу?
412,412,нет такого инструмента,Здравствуйте есть набор гаечных ключей в аренду?
413,413,дрель-шуруповерт,Здравствуйте! Скажите пожалуйста сколько стои аренда дрели?
414,414,штроборез,Доброго дня! Интересует аренда штробореза
415,415,пылесос,Доброго дня! Интересует аренда строительного пылесоса
416,416,не вопрос клиента,Добрый день
417,417,гвоздезабивной пистолет по бетону,Добрый день есть аренда монтажного пистолета?
418,418,лобзик,Добрый день! Подскажите стоимость аренды лобзика электрического?
419,419,реноватор,Здравствуйте  Можно сегодня взять в аренду реноватор?
420,420,лазерный уровень,"Здравствуйте, есть ли в вас в аренду лазерный уровень?"
421,421,виброплита,"Здравствуйте, у вас есть на завтра аренда трамбоки 160-200кг?"
422,422,лестница,Здравствуйте. У вас есть лестница от 5м?
423,423,дрель-шуруповерт,"Здравствуйте, хотел бы взять в аренду у вас 2-3 шуроповерта мощных  Нужно вкручивать саморезы через листвиницу в металл  На суббота воскресенье"
424,424,станок распиловочный,"Добрый вечер! Скажите пожалуйста распиловочный станок у вас можно в аренду взять, завтра или послезавтра"
425,425,фен аккумуляторный,Здравствуйт! Есть фен аккумулятор?
426,426,бур для перфоратора,"Добрый день, есть бур по бетону 50мм?"
427,427,перфоратор,Добрый день ! Перфоратор возможно сегодня у вас взять  ?
428,428,фрезер,"Здравствуйте, подскажите сколько стоит аренда фрезера ? На 2 дня"
429,429,сварочный полуавтомат,По чем полуавтомат
430,430,не вопрос клиента,Здравствуйте
431,431,жираф,Здравствуйте! У вас есть шлифмашика для штукатурки? Сколько будет стоить аренда?
432,432,не вопрос клиента,Здравствуйте
433,433,лобзик,"здравствуйте, а у вас есть лобзик?"
434,434,генератор,"Добрый день, Есть ли электрогенератор 3 фазы , 5-6 кВт? Если есть , сколько стоит аренда сутки?"
435,435,дрель-шуруповерт,здравствуйте  у вас есть дрель со сверлом именно для кафеля?
436,436,перфоратор,"Добрый день! Мне нужен в аренду примерно дня на 4-5 перфоратор с силой удара от 4 до 8Дж + к этому перфоратору  насадка для сверления под розетку ( круглой формы, по моему её называют короной, но могу ошибаться) + насадка для штробления стены( бетон) под проводку.  Есть ли в наличии и стоимость прибора и доставки в черте СПб?"
437,437,не вопрос клиента,Здравствуйте
438,438,нет такого инструмента,"Здравствуйте, есть в аренду подметальные машины?"
439,439,пылесос,Здравствуйте) сколько стоит аренда строительного пылесоса?
440,440,не вопрос клиента,Здравствуйте. Где можно посмотреть прайс на инструменты?
441,441,лестница,"Здравствуйте ,  стремянку за сколько можно аредовать ?"
442,442,перфоратор,"Добрый день, скажите, пожалуйста, сегодня можно будет перфоратор в аренду взять?"
443,443,пушка тепловая,"Здравствуйте. Подскажите пожалуйста, есть ли в наличии тепловая пушка? И какие условия?"
444,444,машина полировальная,Добрый день есть ли у вас полировальная машинка
445,445,сварочный полуавтомат,"Здравствуйте, сколько стоит аренда простого полуавтомата ?"
446,446,торцовочная пила,Доброе утро! Нужна торцовочная пила.
447,447,торцовочная пила,Здравствуйте у вас тарсовка есть на 45° градусов
448,448,вопрос по режиму работы,Добрый день завтра можно будет инструмент арендовать?
449,449,лобзик,"Здравствуйте, сколько стоит в аренду лобзик и какие условия?"
450,450,дрель-шуруповерт,"Добрый день, подскажите пожалуйста, есть ли у вас шуруповёрт в прокате и сколько будет стоить его аренда на день?"
451,451,нет такого инструмента,"Добрый день, подскажите пожалуйста, есть у Вас пила по газобетону?"
452,452,дрель-шуруповерт,"здравствуйте, у вас есть в аренду дрель, шуруповерт и крестообразная ответрка?"
453,453,лобзик,"Добрый вечер! Подскажите, у вас есть электро-лобзик?"
454,454,торцовочная пила,Добрый вечер. Подскажите пожалуйста по аренде торцовочный пилы? Есть в наличии в. Какую стоимость?
455,455,пила дисковая,Добрый вечер. Интересует в аренду паркетка.
456,456,УШМ,"Здравствуйте, мне нужна болгарка с алмазным диском на воскресенье. У вас есть?"
457,457,степлер,Добрый вечер. Есть шпилькозабиватель ?Задача пробить мдф необработанный к стене и чтобы в шпаклевку на 2-3 мм зашло. Задача панели из мдф к стене прибить можно это сделать ?
458,458,нет такого инструмента,здравствуйте. У вас есть дорожная рейка длиной 3 метра?
459,459,гвоздезабивной пистолет по дереву,Здравствуйте. Есть гвоздизабивной пистолет под гвозди 100мм-130мм?
460,460,виброплита,Доброй ночи ! Трамбовка на завтра есть свободная ?
461,461,газовый баллон,"Здравствуйте, а сколько будет стоить взять в аренду балон?"
462,462,пушка газовая,"Здравствуйте, а сколько будет стоить взять в аренду газовую пушку?"
463,463,УШМ,Добрый день. Сколько стоит аренда болгарки на сутки или вечер?
464,464,сварочный полуавтомат,"Здравствуйте, сколько стоит арендовать сварочный полуавтомат на сутки?"
465,465,не вопрос клиента,Здравствуйте
466,466,пылесос,Здравствуйте. Стоимость аренды строительного пылесоса на выходные?
467,467,УШМ аккумуляторная,"Здравствуйте ,нужна аккумуляторная болгарка  Утром в субботу"
468,468,не вопрос клиента,"Здравствуйте, Коллеги"
469,469,краскопульт,Здравствуйте. Сколько стоит аренда краскопульта?
470,470,не вопрос клиента,Добрый вечер
471,471,вопрос по режиму работы,"Здравствуйте, на каких условиях даёте в аренду инструменты?"
472,472,гвоздезабивной пистолет по бетону,"Здравствуйте, ищу монтажный пистолет по бетону.  Есть ли свободный на среду?  Покажите фотки какой у Вас 🙏"
473,473,лазерный уровень,"Здравствуйте интересует лазерный уровень, есть в наличии?"
474,474,перфоратор,"Добрый вечер, сколько будет стоить перфоратор на прокат Нужно сломать стену"
475,475,сварочный аппарат,Здравствуйте. Сколько будет стоить аренда сварочного инвертора? Мне нужно 4 распред. коробки сварить.
476,476,пушка тепловая,Добрый день ! Есть тепловая пушка ?
477,477,не вопрос клиента,Здравствуйте
478,478,миксер,"Здравствуйте, сколько будет стоить аренда строительного миксера"
479,479,заклепочник,"Добрый вечер,клепальники электрические есть у вас в аренду?"
480,480,рейсмус,"Добры день, аренда рейсмуса в какую цену?"
481,481,генератор,"Здравствуйте,  интересует аренда генератора"
482,482,дрель-шуруповерт,"Добрый вечер, можно ли арендовать шуруповерт ?"
483,483,лестница,Здравствуйте Можно завтра арендовать лестницу на день?
484,484,миксер,Добрый день. Строительный миксер имеется в наличии?
485,485,пылесос,"Здравствуйте, хочу арендовать шлифмашинку для бетона (потолок) желательно с пылесосом чтобы она была на день (воскресенье, 31 августа). Есть ли у Вас такая и сколько она будет стоить?"
486,486,дрель-шуруповерт,"Здравствуйте, сколько стоит аренда дрели?"
487,487,краскопульт,"Здравствуйте! Мне нужен краскопульт для окраски фасада дома в аренду , есть у вас?"
488,488,краскопульт,"Здравствуйте. Подскажите, пожалуйста, стоимость аренды краскопульта в сутки и свободен ли 25-26 числа (завтра-послезавтра)?"
489,489,заклепочник,Здравствуйте есть заклепочник для вытяжных заклепок? Механический
490,490,дрель-шуруповерт,"Добрый день! Мне нужна дрель, какая цена аренды на сутки?"
491,491,перфоратор аккумуляторный,"Здравствуйте , есть перфератор аккумуляторный на завтра ?"
492,492,осушитель воздуха,Здравствуйте. Можно зарезервировать на завтра до 12ч осушитель?
493,493,торцовочная пила,"Здравствуйте, торцевую пилу в какую стоимость можно взять в аренду на день?"
494,494,триммер,Здравствуйте! Мне нужен триммер на завтра на день
495,495,УШМ,Здравствуйте. Сколько стоит аренда болгарки с алмазной чашкой? Мне нужно снять краску со стены
496,496,рейсмус,Здравствуйте! Нашу организацию (я представляю сейчас ИП) - интересует взять в аренду Станок рейсмусовый деревообрабатывающий с шириной обработки не менее 250 мм Какие условия аренды: 1. Кто может выступать арендатором? 2. Наличие/объем залога? 3. Стоимость аренды (сроки/цена)? 4. Возможность доставки арендодателем (находимся Канонерка)? Благодарю!
497,497,не вопрос клиента,Сообщение удалено
498,498,реноватор,Добрый день можно на завтра забронировать рановатор
499,499,перфоратор,Добрый день!  можно будет в аренду перфоратор взять? и сколько будет стоить?
500,500,степлер,"Добрый день. Интересует степлер электрический, гвозди от 40 мм. Есть такое?"
501,501,рейсмус,"Добрые день, скажите пожалуйста, сколько стоит аренда рейсмусового станка?"
502,502,реноватор,Добрый день! Необходима аренда реноватора на сутки. Подскажите стоимость с самовывозом на Парнасе?
503,503,перфоратор,"Здравствуйте! Подскажите, сколько будет стоить аренда перфоратора на день? Интересует на завтра 19.08"
504,504,мотопомпа,Добрый день. Есть ли у Вас мотопомпа в аренду? Сколько стоит в сутки?
505,505,перфоратор,"Здравствуйте,нужен перфоратор"
506,506,УШМ,"Здравствуйте, сколько стоит арендовать болгарку на пол для?"
507,507,паркетно-шлифовальная машина,Здраствуйте есть ли в аренду циклевочная машина? Оплата по безналу.
508,508,вопрос по режиму работы,Доброе утро! Когда можно будет подъехать к вам?
509,509,не вопрос клиента,Добрый день
510,510,пылесос,"Здравствуйте! Подскажите, пожалуйста, есть в аренду строительный пылесос? Какая стоимость?"
511,511,реноватор,"День добрый, реноватор в аренде есть у вас?"
512,512,триммер,Здравствуйте. Триммер бензиновый или хорошей мощности электрический имеется в аренду?
513,513,нет такого инструмента,Доброе утро. У вас есть резьбонарезной ручной станок?
514,514,паркетно-шлифовальная машина,"Добрый день!  Подскажите, пожалуйста, есть ли у вас циклевочная машина?  Сколько будет стоить аренда на день и какой вид/модель циклевочной машины?"
515,515,пылесос,"Добрый день!  Подскажите, пожалуйста, есть ли у вас циклевочная машина и пылесос к ней?  Сколько будет стоить аренда на день и какой вид/модель циклевочной машины?"
516,516,не вопрос клиента,Здравствуйте!
517,517,торцовочная пила,Добрый вечер. У вас есть торцевая пила?
518,518,резчик швов,Добрый день! Есть ли у вас доставка и вывоз? И какая стоимость будет за аренду нарезчика швов на 2 дня. (Режем асфальт)
519,519,пила погружная,"Здравствуйте, у вас есть погружная пила с шиной аккумуляторная?"
520,520,пылесос,"Здравствуйте, нужен строительный пылесос и шлифовальная машина по бетону, для потолка, есть ли а вас в наличии? что для этого нужно?"
521,521,резчик швов,Здравствуйте.  Нужно пропилить дорожную плиту.  Что посоветуете?  Глубина Реза нужна от 20 см.
523,523,не вопрос клиента,Здравствуйте
524,524,нет такого инструмента,"Здравствуйте, есть зажим для фальцевой кровли?"
525,525,не вопрос клиента,Добрый день
526,526,шлифовальная машина,"Добрый день, у Вас есть шлиф машинка в аренду?"
527,527,дрель-шуруповерт,Здравствуйте.  Шуруповерт на сутки сколько стоит и какие условия?
528,528,не вопрос клиента,Здравствуйте
529,529,паркетно-шлифовальная машина,"Здравствуйте, нужна в аренду циклевочная машинка для паркета"
530,530,сварочный полуавтомат,Добрый день. Подскажите сколько стоит аренда сварочного полуавтомата на сутки?
531,531,пресс для труб РЕ-Х,Здравствуйте! Аксиальный прес под рехау есть ?
532,532,паяльник для ПВХ труб,Добрый вечер. У вас есть сварочный аппарат ппр с насадками 125-100 ?. То есть для больших диаметром ппр
533,533,дрель для алмазного бурения,Добрый день! Есть дрель для алмазного бурения?
534,534,машина полировальная,"Здравствуйте, аренда полировальной машинки сколько стоит?"
535,535,генератор,Здравствуйте. Какие варианты бензогенератора у вас есть и по какой цене?
536,536,машина полировальная,"Доброй ночи, извините за позднее сообщение, хотел бы узнать стоимость аренды полировальной машинки для автомобиля"
537,537,перфоратор,"Здравствуйте, сколько будет стоить перфоратор на 1-2 часа"
538,538,пушка тепловая,"Здравствуйте. Уточните, пожалуйста, есть ли у вас в аренду обогреватели?"
539,539,газонокосилка,Добрый день! А сколько стоит аренда газонокосилки?
540,540,пылесос,"Здравствуйте, у вас есть пылесосы для чистки мебели?"
541,541,не вопрос клиента,Здравствуйте
542,542,удлинитель электричексий,"Добрый день! У вас есть удлинитель 220в -,40/50 метров сегодня на сутки?"
543,543,газонокосилка,Аренда газонокосилки ск стоит у вас?
544,544,фрезер,"Здравствуйте, подскажите, можно ли взять фрезер в аренду и сколько будет стоить"
545,545,пылесос,"Добрый день,  можно взять в аренду строительный пылесос? На сутки с 2 по 3 августа"
546,546,плиткорез ручной,"Добрый день,  можно взять в аренду плиткорез? На сутки с 2 по 3 августа"
547,547,УШМ,Здравствуйте! У вас есть на сутки или двое болгарка увеличенного диаметра? 200 например  СПб
548,548,генератор,Добрый вечер Требуется арендовать генератор мощность 5кВт На 22.08 С 15:00 до 23:00 Подскажите пожалуйста сколько это может стоить ? Также имеется ли возможность осуществить трансфер и при необходимости завести генератор?
549,549,перфоратор,"Здравствуйте, сколько стоит аренда перфоратора"
550,550,пылесос,Здравствуйте. Интересует аренда строительного пылесоса на 1 день. Нужен в понедельник 22.07.2025 . Сколько будет стоить и когда можно забрать?
551,551,триммер аккумуляторный,Добрый день! У Вас есть в прокат аккумуляторный триммер ?
552,552,пылесос,Здравствуйте сколько стоит аренда строительного пылесоса
553,553,сварочный аппарат,"здравствуйте, мне приварить две железки, что мне для этого посоветуете взять в аренду?"
554,554,перфоратор,добрый день! а можно у вас сегодня будет взять перфоратор в аренду?
555,555,перфоратор,"Добрый день,подскажите пожалуйста сколько будет стоить арендовать перфоратор и сверло на 8 и 12 при возможности?"
556,556,нет такого инструмента,Добрый день! Сколько будет стоить аренда электропилы на 2 дня ? И куда надо подъехать? Часы работы
557,557,торцовочная пила,"Здравствуйте! Нужна торцовочная пила с диском, чтобы аккуратно резать углы плинтуса МДФ , какие условия и стоимость аренды ?😊"
558,558,перфоратор,"Здравствуйте, есть ли у вас в наличии следующие инструменты?  перфоратор ножницы по металлу  Нужно взять в аренду завтра в середине дня на двое суток. И сориентируйте пожалуйста по стоимости."
559,559,УШМ,"Здравствуйте, есть ли у вас в наличии следующие инструменты?  болгарка с диском по металлу  Нужно взять в аренду завтра в середине дня на двое суток. И сориентируйте пожалуйста по стоимости."
560,560,дрель-шуруповерт,"Здравствуйте, есть ли у вас в наличии следующие инструменты?  шуруповерт  Нужно взять в аренду завтра в середине дня на двое суток. И сориентируйте пожалуйста по стоимости."
561,561,отбойный молоток,Здравствуйте бетонолом есть у вас сколько джоулей и какая модель?
562,562,паяльник для ПВХ труб,"Здравствуйте, ищу сварочный аппарат для полипропиленовых труб диаметром 90мм.у вас такой есть?"
563,563,пылесос,"Здравствуйте, подскажите сколько у вас стоит аренда пылесоса кёрхер, например вд 3?"
564,564,вопрос по режиму работы,"Добрый день, по поводу аренды сколько стоит инструменты?"
565,565,не вопрос клиента,Сообщение удалено
566,566,фен,Добрый день! Сколько будет стоить аренда строительного фена на день?
567,567,УШМ,Ушм 230 сколько в день?
568,568,машина полировальная,"Здравствуйте, возможно завтра взять в аренду полировочную машинку?"
569,569,не вопрос клиента,Сообщение удалено
570,570,фрезер,"Добрый вечер, подскажите, будет ли фрезер с фрезой для врезки замков на завтра в аренду взять?"
571,571,генератор,Здравствуйте. Нужен генератор в аренду на эти выходные для питания походного холодильника. Есть небольшой свободный в наличии?
572,572,лобзик,"Здравствуйте, можно взять в аренду электролобзик на двое суток?"
573,573,перфоратор,Добрый день Сколько будет стоить аренда перфоратора на сутки
574,574,лобзик,"Здравствуйте, есть лобзик в наличии и сверло по дереву к нему?"
575,575,торцовочная пила,"Добрый вечер! Подскажите пожалуйста, могу ли я взять у Вас в аренду торцовочную пилу завтра утром на сутки?"
576,576,шлифовальная машина,"Здраствуйте, есть ли к вас шлифмашинки на аккумуляторе ?"
577,577,бур для перфоратора,Здравствуйте. У Вас есть бур для установки кондиционера?
578,578,нет такого инструмента,Здравствуйте есть аппарат для снятия кровли ?
579,579,перфоратор,"Доброго вечера, подскажите стоимость  аренды перфоратора ?"
580,580,лестница,"добрый день нужна в аренду лестница трехсекционная, думаю ступеней на 7 хватит. нужно на одну ночь, работать в тц гранд каньон, ремонт кондиционера"
581,581,заклепочник,"Здравствуйте, есть в наличии электро заклепочник?"
582,582,виброплита,Здравствуйте!   Интересует аренда трамбовки 250-300кг есть ли у вас такая?
583,583,пылесос,"Добрый день, в аренду у вас есть пылесос и шлифовальная машинка?"
584,584,не вопрос клиента,Здравствуйте
585,585,нет такого инструмента,"Здравствуйте, сколько стоит аренда трубореза?"
586,586,пылесос,Здравствуйте возможно ли завтра взять пылесос строительный в аренду?
587,587,не вопрос клиента,Добрый день!
588,588,торцовочная пила,"Здравствуйте! торцовочная пила с протяжкой есть у вас? чтобы распилить стеновые панели, они тонкие но широкие 20см"
589,589,перфоратор,Добрый вечер  У вас есть Перфоратор. И сколько это будет стоить на 2 суток
590,590,УШМ,Добрый вечер  У вас есть  болгарка  И сколько это будет стоить на 2 суток
591,591,лазерный уровень,Добрый вечер  У вас есть лазерный уровень (любой )  И сколько это будет стоить на 2 суток
592,592,лобзик,Добрый вечер  У вас есть лобзик  И сколько это будет стоить на 2 суток
593,593,нет такого инструмента,Здравствуйте. Интересует ленточная шлифмашина машинка на роликах . есть ?
594,594,краскопульт,"Добрый день,краскопульт есть в наличии ?"
595,595,вопрос по режиму работы,"Добрый вечер, работаете сейчас?"
596,596,не вопрос клиента,Здравствуйте
597,597,не вопрос клиента,"Здравствуйте,вам нужен инструмент для монтажных работ ?"
598,598,УШМ,"Здравствуйте. А нет ли такой возможности, чтобы и мастера вместе с инструментом пригласить? Нужно болгаркой отпилить  полосу на декоративной плитке на балконе ?"
599,599,не вопрос клиента,Привет
600,600,бур для перфоратора,"Здравствуйте, а 32 бур есть в аренду?"
601,601,перфоратор,Добрый день по аренде перфоратора возможно сегодня ?
602,602,пушка электрическая,Здравствуйте есть электрическая пушка до 3КВТ?
603,603,не вопрос клиента,Добрый вечер
604,604,не вопрос клиента,Сообщение удалено
605,605,сварочный полуавтомат,"здравствуйте, сколько будет стоить арендовать полуавтомат на субботу и воскресенье?"
606,606,виброплита,"Добрый день! У вас возможно на завтра с доставкой заказать бенз.трамбовку на 90 кг. Адрес доставки: улица Понссе, территория Южная часть производственной зоны Горелово, Виллозское г.п., Ломоносовский район. Работаеи по безналу с НДС."
607,607,пылесос,Здравствуйте мне нужен строительной пылесос
608,608,не вопрос клиента,Добрый день
609,609,лобзик,"Добрый день, лобзик аккумуляторный есть?"
610,610,пылесос,"Здравствуйте. Подскажите, пожалуйста, стоимость аренды строительного пылесоса"
611,611,пылесос,Здравствуйте! Интересует строительный пылесос в аренду
612,612,сварочный полуавтомат,"Здравствуйте,сколько стоит аренда сварочного полуавтомата?"
613,613,резчик швов,А резчик швов сколько будет в аренду стоить? И какие есть?
614,614,пылесос,"Добрый день, хотела узнать у вас насчет цены за аренду пылесоса с шлангом, работы на пару минут🙏🏻 Нужно протянуть леску по гофре. По адресу метро Рыбацкое, в какую стоимость это выйдет?"
615,615,бур для перфоратора,"Добрый вечер! Есть в аренде бур 28х1000 и 32х1000 под sds plus. Сколько на сутки один и второй бур и если оба сразу возьму в аренду, цена такая же? Мне на полдня, максимум день. Спасибо"
616,616,фрезер,Здравствуйте! Нужно будет арендовать фрезер на следующей неделе на 1 день. Сколько будет стоить?
617,617,перфоратор,"Здравствуйте, интересует перфоратор sdc max и бур 40 д метр"
618,618,не вопрос клиента,добрый день
619,619,лобзик,Здравствуйте! Интересует лобзик электрический по дереву. Есть?
620,620,УШМ,"Здравствуйте, сориентируйте пожалуйста по ценам.  Аренда : болгарки  Сроком на 12 часов и допустим сутки"
621,621,миксер,"Здравствуйте, сориентируйте пожалуйста по ценам.  Аренда : строительного миксера  Сроком на 12 часов и допустим сутки"
622,622,лобзик,"Добрый вечер, подскажите есть ли в наличии электролобзик и пила циркулярная? Сколько по стоимости аренда?"
623,623,воздуходувка,"Добрый день, подскажите пжл, есть ли у вас в аренду воздуходувка? Сколько по стоимости будет? Благодарю)"
624,624,лестница,"Добрый день, подскажите пжл, есть ли у вас в аренду самая длинная стремянка, метров так 12? Сколько по стоимости будет? Благодарю)"
625,625,пылесос,"Добрый день, строительный пылесос есть в наличии в аренду?"
626,626,не вопрос клиента,Добрый день
627,627,не вопрос клиента,Здравствуйте
628,628,лобзик,Добрый вечер. Элекролобзик в прокат есть?
629,629,не вопрос клиента,Здравствуйте
630,630,УШМ,"Добрый день. Я забронировала маленькую болгарку минут 20 назад ,но потребность отпала,не могу дозвониться через Авито,скидывает вызов. Снимите бронь,пожалуйста,извините ,что так вышла. Наталья."
631,631,виброплита,Здравствуйте. Сколько стоит аренда виброплиты с накладкой (ковриком) для плитки?
632,632,не вопрос клиента,Доброй ночи
633,633,пылесос,"Добрый день! Подскажите пожалуйста. Если сегодня арендовать строительный пылесос, завтра смогу его вернуть? Или завтра не работаете?"
634,634,УШМ аккумуляторная,"Здравствуйте, у вас можно взять в аренду аккумуляторную болгарку?"
635,635,паркетно-шлифовальная машина,циклевочная машина есть на прокат?
636,636,пылесос,"Доброе утро, какая стоимость аренда строительного пылесоса на 1 сутки?"
637,637,дрель-шуруповерт,Здравствуйте! Можно забронировать на завтра дрель?
638,638,пила дисковая,Здравствуйте. Можно завтра взять циркулярную пилу в аренду?
639,639,перфоратор,"Здравствуйте. Хотели бы взять в аренду перфоратор, где то на пол дня, сегодня или завтра."
640,640,пистолет для герметика,Здравствуйте! Есть ли в парке электрический пистолет для герметика под пакеты?
641,641,сварочный полуавтомат,"Здравствуйте. Интересует аренда сварочника полуавтомата, с баллоном. Стоимость?"
642,642,сварочный полуавтомат,Здравствуйте интересует аренда полуавтомата
643,643,не вопрос клиента,Здравствуйте
644,644,шнек для бензобура,"Здравствуйте, если у вас буры для бензобура Если есть, то какие диаметры"
645,645,дрель-шуруповерт,"Здравствуйте, подскажите, можно ли сегодня подъехать арендовать шуруповерт-дрель? В районе 17:00"
646,646,жираф,Добрый день. Интересует  инструмент для шлифования стен.
647,647,паркетно-шлифовальная машина,"Добрый день. Нам нужно отшлифовать террасу от старой краски, площадь большая, нужна Большая шлифовальная машина, есть в наличие ?"
648,648,торцовочная пила,"Здравствуйте , нужна торцовка с протяжкой под 305 диск"
649,649,отбойный молоток,"Здравствуйте, у вас есть в наличии бетоноломы в аренду ?"
650,650,сварочный полуавтомат,Добрый день! Сколько будет стоить аренда сварочного полуавтомата на 2 дня?
651,651,пылесос,"Доброе утро, хочу арендовать пылесос Керхер"
652,652,сварочный полуавтомат,"Здравствуйте, у вас есть полуавтомат? И вы завтра работаете?"
653,653,газонокосилка,Добрый день. Есть в наличии газонокосилка в аренду?
654,654,не вопрос клиента,Здравствуйте
655,655,дрель-шуруповерт,"Здравствуйте, подскажите пожалуйста сколько будет по цене шуруповерт, на 1 день?"
656,656,перфоратор,Здравствуйте. Интересует аренда большого перфоратора
657,657,торцовочная пила,Здравствуйте у вас есть торцовочная пила 2 в 1 сколько будет стоить оренда на один день?
658,658,сабельная пила,"Здравствуйте! Подскажите, пожалуйста, стоимость аренды пилы сабельной."
659,659,рохля,Здравствуйте . Есть ли у вас рохля (Перевозка поддонов) в прокат на 1 день ? Загрузить завтра утром
660,660,станок распиловочный,"добрый день, станок для распила доски есть?"
661,661,не вопрос клиента,Здравствуйте
662,662,лестница,Добрый вечер! У вас в аренду телескопическая стремянка?
663,663,краскопульт,Здравствуйте! Есть краскопульт в аренду?
664,664,краскопульт,"здравствуйте , какие модели краскопультов у вас есть в наличии и за какую цену?"
665,665,газонокосилка,Здравствуйте! Есть ли в аренду газонокосилка на аккумуляторе/бензине?
666,666,виброплита,Здравствуйте! Сколько будет стоить аренда трамбовщика на понедельник 12 мая?
667,667,перфоратор,"Здравствуйте, подскажите сколько будет стоить перфоратор в аренду на сутки?"
668,668,торцовочная пила,здраствуйте.у вас есть торцовочные пилы в аренду?
669,669,гвоздезабивной пистолет по бетону,не обходим газовый пистолет для монтажа теплоизоляции 100мм под дюпель гвоздь в бетон
670,670,дрель-шуруповерт,"Здравствуйте, скажите пожалуйста, сколько будет стоить аренда дрели на сутки?"
671,671,пылесос,"Добрый день, сегодня у вас свободен строительный пылесос ?"
672,672,не вопрос клиента,Здравствуйте
673,673,нет такого инструмента,"Здравствуйте, подскажите пожалуйста чем лучше вспахать? землю с корнями - верхний слой 15 см не прокопать только топором. Готов арендоватт"
674,674,перфоратор,Добрый вечер  Есть перфоратор сверлом 35 ssd max ?
675,675,рейсмус,добрый день. есть у вас рейсмус небольшой
676,676,торцовочная пила,"Добрый день! Звонил Вам по торцовке с протяжкой. Отправляю Вам реквизиты для счета   ИНН: 7801486233 КПП: 781301001 ОГРН: 1087847019303 ОКПО: 89061796 Основной счет: Расчетный счет: 40702810502260009028 Банк: ФИЛИАЛ ""ЦЕНТРАЛЬНЫЙ"" БАНКА ВТБ (ПАО) БИК: 044525411 Корр. счет: 30101810145250000411 Второй счет: Расчетный счет: 40702810410000797899 Банк: АО ""ТИНЬКОФФ БАНК"" БИК: 044525974 Корр.счет: 30101810145250000974 Юридический адрес: 197046, г. Санкт-Петербург, Каменноостровский пр., д. 9/2, литера А часть нежилого помещения 7Н (пом.1) Фактический Адрес: 197229, г. Санкт-Петербург, Лахтинский пр-кт, дом 85, литера В, помещение Т-7/1, офис 263 Директор: Михайлов Вячеслав Анатольевич"
677,677,торцовочная пила,День добрый  есть торцовочная пила?
678,678,лестница,"Здравствуйте, нужна стремянка. У нас высота 5 метров, упереть не к чему, нужна желательно трехступенчатая, у вас будет такая?"
679,679,сабельная пила,"День добрый, сабельная пила в какую цену за сутки?"
680,680,не вопрос клиента,Привет добрий вечер.
681,681,краскопульт,Сколько стоит аренда краскопульта? Какие есть в наличии?
682,682,фрезер,У вас  есть шаблон для фрезера?
683,683,виброплита,Доброе утро. Нужна виброплита в аренду сегобня после 12.00. Есть ли возможность взять у вас? И какая стоимость в сутки?
684,684,генератор,"Добрый день, сколько стоит аренда генератора на сутки?"
685,685,паркетно-шлифовальная машина,"Здравствуйте, интересует аренда циклевочной машины. Хотела бы узнать условия и есть ли в наличии на завтра."
686,686,бензорез,"Здравствуйте, нужен бензорез под 400 диск Хускварна. Есть такой?"
687,687,гвоздезабивной пистолет по дереву,"Добрый день , нужен шпилькозабивной пистолет."
688,688,пила погружная,"Добрый день! Подскажите пожалуйста , у вас есть погружная циркулярная пила?"
689,689,лестница,Здравствуйте  У Вас можно арендовать телескопическую лестницу?
690,690,фрезер,Здравствуйте! Сколько у вас стоит арендовать фрезер ручной?
691,691,виброплита,Доброе утро! Интересует аренда виброплиты. Есть ли у Вас доставка по ЛО-Курортный район?
692,692,триммер,"Добрый вечер. Подскажите, пожалуйста, у вас есть в аренду триммер для травы и сколько стоит аренда на день?"
693,693,сварочный аппарат,Здравствуйте сколько стоит аренда сварочного аппарата
694,694,газонокосилка,"Здравствуйте,  подскажите какие газонокосилки у вас есть и цена аренды."
695,695,сварочный полуавтомат,"Добрый вечер, сварочный полуавтомат какой у вас ?"
696,696,перфоратор,"Здравствуйте. Хочу взять в аренду на 2 дня перфоратор и ушм, какие условия?"
697,697,гвоздезабивной пистолет по бетону,Здравствуйте! У вас есть в аренду монтажный пистолет?
698,698,перфоратор,"Здравствуйте. Можно ли взять у Вас. Аренду инструмент. Нужен лобзик, перфоратор, болгарка (УШМ). Какие условия. Интересует стоимость краткосрочной и долгосрочной аренды. Можно на ИП или частник."
699,699,пылесос,"Здравствуйте, нужна аренда строительного пылесоса на завтра"
700,700,лобзик,Здравствуйте мне нужен лобзик  В аренду можно оформить ?
701,701,паркетно-шлифовальная машина,Добрый день  Скажите пожалуйста у вас есть в Аренду машина циклевочная для паркета? Чтобы после укладки можно было ее шлифовать
702,702,перфоратор,"здравствуйте, сколько будет стоить аренда перфоратора?"
703,703,пылесос,"здравствуйте, скажите пожалуйста, есть ли у вас в наличии свободные пылесосы?"
704,704,машина полировальная,"Добрый вечер! Хотела уточнить, если я возьму у вас в аренду шлифмашинку - в комплекте идет насадка мягкая для полировки? Или аренда только самой машинки у вас?"
705,705,миксер,"Здравствуйте, подскажите, пожалуйста, можно ли взять на прокат строительный миксер (для подготовки раствора шпатлевки)?"
706,706,краскопульт,"Здравствуйте.  Краскопульт, стоимость аренды 1-2 суток? Условия?"
707,707,рейсмус,"Добрый день. У вас есть рейсмус в аренду? Какой производитель , модель?"
708,708,перфоратор,"Здравствуйте! Можно ли на завтра арендовать перфоратор? И подскажите, на какое количество часов можно арендовать?"
709,709,генератор,"Добрый день, интересна аренда генератора, на 12 ч (если возможно) где то на 2 Кв. Хочется знать его шум (в ДцБ) и вес. А также идёт ли заправленным или нет?"
710,710,не вопрос клиента,"Добрый день, я пишу диплом на похожую тему(перспективные области шеринговой экономики), которая как раз таки вы занимаетесь. Я столкнулся с проблемой оценки спроса и перспектив данного вида деятельности. Как я понимаю, у вас могли бы быть данные, которые я бы смог проанализировать и использовать данные для диплома. Я был бы очень благодарен за ответ. С уважением, Киселев Алексей Андреевич.  Студент 4 курса СПБГУ."
711,711,паркетно-шлифовальная машина,"Добрый вечер Скажите, есть ли циклевальная машина?"
712,712,краскопульт,Здравствуйте  Интересует аренда краскопульта на 08.05  Подскажите условия
713,713,дрель-шуруповерт,"Добрый день, если арендовать шуруповерт, то какие биты идут в комплекте ?)"
714,714,генератор,Здравствуйте сколько стоит аренда генератора на один день?
715,715,пылесос,Здравствуйте сколько пылесос стоит на день?
716,716,рейсмус,Здравствуйте. Стоимость аренды рейсмусового станка на 2 дня?
717,717,пылесос,Добрый вечер! Интересует аренда строительного пылесоса. Какая стоимость? На какое время арендуете?
718,718,бур для перфоратора,Здравствуйте. Бур сдс плюс длинный 1.5-2.5 метра есть ?
719,719,дрель-шуруповерт,Здравствуйте! У вас есть шуруповерт в аренду?
720,720,отбойный молоток,"День добрый,а есть в аренду отбойный молоток?"
721,721,дрель-шуруповерт,"Здравствуйте, хочу дрель со свёрлами по дереву на 1 час у вас взять. Нужно в двери сделать дверь для кота"
722,722,лобзик,"Здравствуйте, хочу лобзик на 1 час у вас взять. Нужно в двери сделать дверь для кота"
723,723,паркетно-шлифовальная машина,Здравствуйте. Интересует аренда дисковой циклевочной машины. На следующей неделе вт-ср-чт
724,724,дрель-шуруповерт,Вечер добрый. В ближайшие дни можно арендовать шуруповерт ?
725,725,лобзик,"Добрый вечер , есть аккумуляторный лобзик в наличии ?"
726,726,бур для перфоратора,"Здравствуйте, сколько стоит на сутки взять бур по бетону?"
727,727,паяльник для ПВХ труб,"Добрый день, паяльник для полипропилена есть у вас?"
728,728,не вопрос клиента,Добрый вечер!
729,729,пушка газовая,"Здравствуйте, газовая пушка в аренду есть?"
730,730,реноватор,Здравствуйте реноватор есть в аренду на сегодня  ?
731,731,перфоратор,Здравствуйте! Сколько будет стоить взять перфоратор и строительный пылесос на 2 дня
732,732,не вопрос клиента,Добрый день
733,733,пресс для труб РЕ-Х,Здравствуйте  у вас можно  арендовать пресс для трубы  рендхау
734,734,генератор,Здравствуйте нужен генератор или преобразователь для потребителя  1500вт
735,735,паркетно-шлифовальная машина,Здравствуйте! А циклевочная машина у Вас какая?
736,736,сварочный полуавтомат,"Здравствуйте, сколько будет стоить аренда полуавтомата с проволкой и смесью"
737,737,пылесос,"Добрый день, сколько стоит аренда строительного пылесоса?"
738,738,УШМ аккумуляторная,"Здравствуйте, у вас есть аккумуляторная ушм?"
739,739,дрель-шуруповерт,Добрый вечер  Могу взять завтра на прокат шуроповерт с насадками на крест?
740,740,сварочный аппарат,"Здравствуйте, сколько стоит аренда сварочного аппарата?"
741,741,не вопрос клиента,Здравствуйте
742,742,дрель-шуруповерт,"Здравствуйте, сегодня можно подъехать часов в 12 взять шруповерт на сутки?"
743,743,гвоздезабивной пистолет по дереву,"Здравствуйте, Уточните стоимость аренды гвоздезабивного пистолета и характеристики. Нужно для гвоздей 90"
744,744,бензобур,"Добрый день ,бензобур на 2 оператора сколько будет стоить аренда?"
745,745,пила дисковая,Здравствуйте.  Циркулярная пила нужна на завтра
746,746,не вопрос клиента,Здравствуйте
747,747,не вопрос клиента,Здравствуйте
748,748,паяльник для ПВХ труб,"Здравствуйте, есть у вас аппарат для сварки полиэтиленовых труб диаметром 280 и 560 мм с оператором?"
749,749,нет такого инструмента,Добрый день.  Есть в аренду фрейер для пней?
750,750,не вопрос клиента,Здравствуйте
751,751,не вопрос клиента,"Здравствуйте. Можно ли получить инструмент в аренду также без залога, если нет прописки В Спб и ЛО?"
752,752,виброплита,"Здравствуйте, трамбовка 140 кг. Почем аренда на день ?"
753,753,лобзик,"Здравствуйте. Есть ли у вас электро лобзик в аренду, и, если есть, подскажите пожалуйста стоимость? Спасибо!"
754,754,степлер,"Здравствуйте, Стахановец У вас можно взять в аренду степлер?"
755,755,перфоратор,Добрый день! Планирую взять комплект перфоратор и бур 45х600. Сможете помочь?
756,756,сварочный полуавтомат,Здравствуйте сварочный аппарат полуавтомат есть
757,757,лестница,"Здравствуйте, есть ли у вас в аренду стремянки на длительный срок?"
758,758,перфоратор,"Здравствуйте, подскажите пожалуйста, у вас есть промышленный перфоратор или может бур подойдет. Нужно в несущей стене проход сделать"
759,759,УШМ аккумуляторная,"Здравствуйте, есть в аренду аккумуляторная ушм?"
760,760,пушка газовая,Добрый вечер. Нужна газовая пушка
761,761,газовый баллон,Добрый вечер. Нужна газовый балон композитный
762,762,степлер,"Здравствуйте, подскажите цену за сутки на электро степлер?"
763,763,торцовочная пила,Здравствуйте подскажите какие условия аренды торцовочной пилы?  Нужно запилить под 45 дверные коробки  Толщина пропила 70см
764,764,реноватор,Здравствуйте нужен реноватор на сутки
765,765,не вопрос клиента,Здравствуйте
766,766,не вопрос клиента,Здравствуйте
767,767,сварочный аппарат,"Здравствуйте,сварочный аппарат в аренду у вас завтра есть?"
768,768,не вопрос клиента,Здравствуйте
769,769,степлер,Здравствуйте. Сколько будет стоить степлер в аренду? Электрический.
770,770,пылесос,"Здравствуйте, сколько будет стоить строительный пылесос в аренду?"
771,771,не вопрос клиента,Здравствуйте
772,772,шлифовальная машина,"Добрый день! Подскажите, сколько стоит аренда эксцентриковой шлифмашины на сутки?"
773,773,пила дисковая,Добрый день. У Вас есть паркетка в аренду и какая стоимость?
774,774,пылесос,Добрый день!  У вас есть в аренду строительный пылесос?
775,775,рейсмус,"День добрый! Подскажите рейсмус есть в свободный на Парнасе и какой,цена ?"
776,776,перфоратор,Доброе утро 🌄  подскажите  пожалуйста  сколько перфоратор в  аренду стоит на сутки ?
777,777,шлифовальная машина,"Здравствуйте, есть в наличии шлифовальная машинка для шлифовки авто?"
778,778,не вопрос клиента,здравствуйте
779,779,дрель-шуруповерт,"Здравствуйте, есть в аренду шуруповерт?"
780,780,дрель-шуруповерт,"Здравствуйте, в какую стоимость у вас будет арендовать шуруповерт?"
781,781,краскопульт,Добрый день какая цена аренды краскопульта? И какой он сам по себе? Шланг сразу в банку с краской можно положить? Благодарю
782,782,реноватор,Добрый вечер! Сколько у вас стоит взять в аренду реноватор?
783,783,фрезер,Добрый день. Сколько стоит аренда ручного фрезера?
784,784,не вопрос клиента,Здравствуйте хочу приобрести на завтра инструмент с 9 до 16:00
785,785,паркетно-шлифовальная машина,Добрый день. Есть циклёвочная машинка с мешком для паркета?
786,786,не вопрос клиента,Здравствцйте
787,787,УШМ,Добрый день. Сколько будет стоит аренда болгарки на 3 часа? (для плитки напольной)
788,788,дрель-шуруповерт,"здравствуйте, сейчас работаете? хотел бы арендовать шуруповерт"
789,789,не вопрос клиента,Добрый вечер
790,790,нет такого инструмента,Добрый вечер есть кондуктор для установке межкомнатных дверей
791,791,перфоратор,Здравствуйте! По чем аренда перфоратора
792,792,сабельная пила,"Здравствуйте,  нужна сабельная пила"
793,793,отбойный молоток,"Здравствуйте,  нужна отбойный молоток"
794,794,паркетно-шлифовальная машина,"Здравствуйте.  Нужно арендовать цыклевочную машину, для пола из сосновой доски, а также расходные материалы ( наждачной ленты) сколько будет стоить и когда можно будет взять в аренду? С уважением Анатолий"
795,795,сварочный аппарат,Здравствуйте. Есть в аренду сварочный аппарат?
796,796,перфоратор,Здраствуйте аренда перфоратора какая цена?
797,797,пушка дизельная,Добрый день! Нам необходимы 6 дизельных пушек для производства отделочных работ в монолитном доме
798,798,лобзик,Здравствуйте есть электро лобзик  в
799,799,генератор,Здравствуйте  Нужны в аренду бензогенератор и тепловая пушка 2-3 кВт
800,800,пылесос,"Здравствуйте! Подскажите., а строительные пылесосы есть в наличии?"
801,801,не вопрос клиента,Здравствуйте
802,802,гвоздезабивной пистолет по бетону,Добрый день! У вас есть в прокат  Газовый монтажный пистолет для теплоизоляции и какая будет цена в сутки
803,803,не вопрос клиента,здравствуйте
804,804,дрель-шуруповерт,"Добрый день! Нужен в прокат шуруповерт для сборки стола, подскажите стоимость и до скольки можно подойти забрать?"
806,806,не вопрос клиента,Здравствуйте
807,807,станок распиловочный,Здравствуйте! Сколько стоит  распиловочный станок?
808,808,УШМ аккумуляторная,"Здравствуйте, есть ли у вас аккумуляторная ушм? Какая цена? Есть ли 3 штуки? Сколько залог? Какая ушм?"
809,809,пила дисковая,Добрый день. Имеется у Вас в аренде пилы циркулярная аккумуляторная?
810,810,фрезер,Здравствуйте! есть фрезер торцевой по дереву?
811,811,фрезер,Здравствуйте! Интересует цена на аренду фрезера.
812,812,миксер,"Добрый день, нужен строительный миксер. на 1  день. цена вопроса и модели какие?"
813,813,шлифовальная машина,"Добрый день, имеется шлифмашинка ?"
814,814,лестница,Здравствуйте. Интересует аренда лестницы. Рабочая высота 8-9 метров с рогами
815,815,перфоратор,Добрый день! Какая стоимость аренды перфоратор и на какое время?
816,816,лазерный уровень,Здравствуйте. У вас есть лазерный уровень в аренду?
817,817,гвоздезабивной пистолет по бетону,Добрый день. Есть  ли газовый пистолет и сколько стоит в сутки арендовать? Входит ли в комплект гвозди по бетону и газ?
818,818,бензорез,Добрый день. Аренда с большим диском по бетону на сутки по какой цене будет?
819,819,не вопрос клиента,Добрый день!
820,820,пылесос,"Добрый день Интересует аренда строительного пылесоса  Есть вариант с насадкой-щеткой  какой-то, чтоб обои можно было тоже пропылесосить? И какая цена за сутки?"
821,821,перфоратор,Доброй ночи. Интересует перф. Обычный. Сверлить стены под гипрок и электрику. Цена в сутки? Спасибо!
822,822,фрезер,Здравствуйте! Сколько стоит в аренду фрезер?
823,823,УШМ аккумуляторная,"Добрый вечер,аккумуляторная болгарка есть у вас?"
824,824,генератор,"Добрый день. Подскажите, есть ли у вас два генератора в аренду на 4-5квт?"
825,825,шлифовальная машина,"Здравствуйте, сколько будет стоить взять на сутки орбитально шлифмашинку"
826,826,фен,"Здравствуйте, сколько будет стоить взять на сутки строительный фен"
827,827,лестница-трансформер,Здравствуйте. Интересует лестница трансформер. Получение завтра в 09.00. Возврат в 18.00. Есть возможность?
828,828,не вопрос клиента,"Здравствуйте, б/у инструмент выкупаете ?"
829,829,фен,"Здраствуйте, есть ли у Вас строительный фен в аренду?"
830,830,установка алмазного бурения,"Здравствуйте, у вас сверлильная установка есть , нужно в кирпиче отверстия сделать , длиной 600 мм и в диаметре 30 мм. Какие условия по аренде ? И если паспорта нет , а есть водительское удостоверение."
831,831,перфоратор,"Здравствуйте, аренда перфоратора интересует сколько стоит?"
832,832,торцовочная пила,"Здравствуйте, подскажите, пожалуйста, есть ли в аренду тррцовочная пила?"
833,833,не вопрос клиента,"Здравствуйте, есть такая?"
834,834,паяльник для ПВХ труб,"Брал, Паяльник электрический для сваривания пластиковых труб. Паяльник новый, греет отлично сделали все быстро. Спасибо Стахановцу!"
835,835,перфоратор,"Здравствуйте, сколько стоит аренда перфоратора на 2-3 часа?"
836,836,мотопомпа,Добрый день. Аренда мотопомпы в какую цену?
837,837,сабельная пила,Добрый день Есть сабельная пила в аренду?
838,838,шлифовальная машина,Шлиф машинка для шпаклёвки ручная имеется ?
839,839,компрессор,Компрессор для пескоструя
840,840,культиватор,Доброй ночи можно взять в аренду мото культиватор ?
841,841,не вопрос клиента,Здравствуйте
842,842,штроборез,"Здравствуйте, нужен штроборез на 2 дня"
843,843,не вопрос клиента,Здравствуйте
844,844,не вопрос клиента,Добрый день!
845,845,пылесос,Доброе! Мне нужен пилесос в аренду.  Скажите пожалуйста какой пилесос и стоимость?
846,846,пресс для труб РЕ-Х,Добрый день! Есть у вас пресс для труб rehau stout на период с 19 по 23?
847,847,паяльник для ПВХ труб,"здравствуйте. мне нужно взять в аренду паяльник и нож для полипропиленовых труб, сколько будет стоить на 1-2 дня? и когда есть возможность получить?"
848,848,пылесос,здравствуйте. мне нужно взять в аренду пылесос. сколько будет стоить на 1-2 дня? и когда есть возможность получить?
849,849,штроборез,"здравствуйте. мне нужно взять в аренду штроборез, сколько будет стоить на 1-2 дня? и когда есть возможность получить?"
850,850,пылесос,"Здравствуйте, подскажите пожалуйста, в какую стоимость выйдет аренда строительного пылесоса ?"
851,851,лестница,"Добрый день, хотел бы арендовать стремянку"
852,852,не вопрос клиента,Добрый день
853,853,металлоискатель,Здравствуйте! Нужен в аренду металлоискатель. Подскажите какая глубина поиска?
854,854,не вопрос клиента,Здравствуйте!
855,855,УШМ,"Добрый день. Скажите, можно ли у вас взять в аренду угловую шлифовальную машинку с защитным кожухом и пылеотводом?"
856,856,не вопрос клиента,Добрый вечер
857,857,пила дисковая,Здравствуйте пила циркулярная интересует
858,858,шлифовальная машина,Здравствуйте! есть ли у вас шлифовальная машинка?
859,859,УШМ,Добрый день! Возможно арендовать болгарку сегодня?
861,861,жираф,"Добрый вечер! Нужен жираф в аренду на пару дней, подскажите, пожалуйста, какой фирмы у Вас данный инструмент?"
862,862,плиткорез ручной,Добрый день. Интересует плиткорез в аренду для плитки размером 600мм. Подскажите наличие и цену.
863,863,не вопрос клиента,Здравствуйте
864,864,пресс для труб РЕ-Х,"Здравствуйте. Скажите, аксиальный пресс сейчас есть в аренду?"
865,865,перфоратор,Доброе утро вчера с вами договаривались о аренде перфоратора большого и бура 45 Человек едет будет у вас примерно в 09.00
866,866,вибратор,Добрый вечер. Завтра часов в 12 нужно 2 глубинных вибратора 6-ти метровых. На сутки
867,867,не вопрос клиента,Здравствуйте
868,868,не вопрос клиента,"Добрый день. После строительства Лахта-центр приехало на склад на Парнасе 15 паллет инструмента БУ, часть новое. Скинуть список для ознакомления? напишите почту или телефон (могу на ватцап)."
869,869,плиткорез ручной,"Добрый день. Плиткорез ручной в аренду есть?  Минимум 400 мм. Сколько залог, сколько сутки?"
870,870,пылесос,"здравствуйте! подскажите, пожалуйста, у вас есть пылесосы в аренду?"
871,871,паяльник для ПВХ труб,"Добрый день, насчёт паяльник пекс трубы хотел узнать если он у вас?"
872,872,перфоратор,"Здравствуйте, перфоратор на сутки можно взять?"
873,873,дрель-шуруповерт,"Здравствуйте, возможно сегодня арендовать дрель?"
874,874,перфоратор,"Здравствуйте, интересует аренда перфоратора.  Ориентир по датам с 30.12 по  3.01 Какая будет стоимость?"
875,875,генератор,"Добрый день. Хочу взять у Вас генератор, сроком примерно на 15 суток. Какая будет цена. Спасибо."
876,876,фен,"Добрый вечер, подскажите пожалуйста - фен строительный - сколько стоит на сутки и кто произхводитель фена?"
877,877,лестница,"добрый день, нужна сегодня к 19 часам лестница для работы на высоте 3,5 метра. Нужна на 1 день. Нужна доставка на Васильевский остров, Нахимова дом 9.  Сможете сделать? Сколько будет стоить?"
878,878,жираф,"Здравствуйте, хотела бы сегодня взять на прокат шлифовальную машинку для стен, аренда нужна на 3 дня, сколько будет по цене и можно ли прийти к вам сегодня"
879,879,пушка дизельная,"Доброго дня! Ищем пушки дизельные на 15 кВт, три штуки  в аренду с четверга, на 2-3 дня. Есть у Вас? Какие условия? Территориально Порошкино."
880,880,пресс для труб РЕ-Х,Аксиальный прес есть в аренде?
881,881,нет такого инструмента,Доброе утро Нам нужен в аренду ленточнопилтный станок  Для распилки алюминиевого профиля
882,882,не вопрос клиента,Добрый день
883,883,лестница,"Здравствуйте, у вас есть стремянка для лестницы?"
884,884,УШМ,"Здравствуйте, сколько по стоимости аренда болгарки 1 день?  Свободно на завтра ?"
885,885,не вопрос клиента,"Здравствуйте. Прайс лист, можно, пожалуйста?!"
886,886,домкрат подкатной,"Добрый день. Скажите пожалуйста, у вас есть домкрат подкатной в аренду?"
887,887,торцовочная пила,Здравствуйте! Торцовочный пила есть?
888,888,пылесос,Здравствуйте  Можно строительный пылесос на 3 дня? Введенская 7 Сколько будет стоить и когда возможна доставка
889,889,лестница,"Здравствуйте, лестница/стремянка высотой 2-2,5 метра есть у Вас? Нужна будет доставка."
890,890,нет такого инструмента,"Здравствуйте, наборы гаечных ключей, трещеток, головок, есть?"
891,891,бензорез,"Добрый день, есть ли бензорез с 400 диском в аренду на одни сутки?"
892,892,генератор,Здравствуйте. Интересует в аренду дизельный генератор от 60кВт и станция прогрева бетона от 40кВт.
893,893,шлифовальная машина,"Здравствуйте, интересует в прокат ручная шлифмашина. Есть ли, залог, стоимость в сутки?"
894,894,генератор,"Здравствуйте, нужен генератор , чтобы два сварачника смог запитывать и 2 тележки на завтра"
895,895,лестница,"Добрый вечер. Есть ли у вас лестницы 9,5 м?"
896,896,генератор,"Здравствуйте! Подскажите пожалуйста, нужен генератор для работы на складе большом, Для клининговых услуг и уборке после строительства. Ваш генератор подойдет под эти цели? Какая стоимость выйдет на 3 дня? Какие условия? Спасибо!"
897,897,пушка дизельная,Добрый день! У вас есть дизельная пушка в аренду на сегодня? Какая стоимость аренды на сутки и стоимость доставки?
898,898,не вопрос клиента,Здравствуйте
899,899,не вопрос клиента,Здравствуйте
900,900,пушка газовая,"Добрый вечер, тепловую газовую пушку 40-50 квт можно арендовать?"
901,901,торцовочная пила,Здравствуйте! Нужен торцовочник чтобы выполнить запил плинтуса под разные углы высотой 80 мм. Сколько будет стоить аренда такого инструмента и условия аренды.
902,902,вопрос по режиму работы,Здравствуйте до скольки работаете
903,903,УШМ,"Здравствуйте, скажите маленькую болгарку можно в аренду у вас взять? И по какой цене?"
904,904,паяльник для ПВХ труб,"Здравствуйте, скажите пистолет для пайки можно в аренду у вас взять? И по какой цене?"
905,905,вопрос по режиму работы,Привет! Это Анастасия. По поводу пушки для фасада. Дадите прямой номер?
906,906,пылесос,"Здравствуйте! Подскажите, пожалуйста, стоимость аренды пылесоса на 2 суток? И осуществляется ли доставка?  Адрес: Смольный 7Б. Нужно собрать строительную пыль перед чистовой отделкой. Площадь: 80 кв.м."
907,907,перфоратор,"Здравствуйте, интересует перфоратор и бур д32х1000"
908,908,штроборез,Здравствуйте! Штроборез 125 возможно в аренду взять
909,909,коронка по бетону,Здравчтвуйте. Нужна коронка по бетону 132мм.
910,910,генератор,"Добрый день! Нужен бензогенератор в аренду - 6,5-7 кВт. 1-фазный. На неделю. адрес: обуховской обороны,51 Безнал, юрлицо, НДС"
911,911,дрель для алмазного бурения,"Добрый утро,  есть дрель для сухого алмазного бурения?"
912,912,штроборез,"Здравствуйте,  хотел бы взять у вас в прокат штроборез, он у вас свободен? какие условия и сколько это будет стоить?"
913,913,не вопрос клиента,Здравствуйте
914,914,домкрат бутылочный,"Здравствуйте!  Какие домкраты есть в аренду с вечера четверга по воскресенье?  Режим работы?  Стоимость в сутки?  Без залога, верно?"
915,915,воздуходувка,"Добрый день, есть в наличии воздуходув? Если есть, то цена аренды."
916,916,Отбойный молоток,"'Добрый день, нужен отбойник для демонтажа старой плитки в ванной. Сколько стоит аренда на день?'"
917,917,Отбойный молоток,"  
'Здравствуйте, есть ли у вас в прокате молот для разрушения бетонной стены?'"
918,918,Отбойный молоток,"  
'Привет, ищу стенолом для работ на даче – нужно снести старый фундамент. Какие условия аренды?'"
919,919,Отбойный молоток,"  
'Добрый вечер! Хочу взять в аренду электромолот на выходные. Есть свободные?'"
920,920,Отбойный молоток,"  
'Здравствуйте, нужен асфальтолом для ремонта дорожки во дворе. Сколько стоит на сутки?'"
921,921,Отбойный молоток,"  
'Добрый день, интересует бетонолом для демонтажа подпорной стенки. Есть в наличии?'"
922,922,Отбойный молоток,"  
'Привет, можно взять отбойник на пару часов? Нужно разобрать старую кладку.'"
923,923,Отбойный молоток,"  
'Здравствуйте, сколько стоит аренда молота на день? Нужно снять старую стяжку.'"
924,924,Отбойный молоток,"  
'Добрый день, ищу мощный стенолом для работ на стройке. Какие варианты есть?'"
925,925,Отбойный молоток,"  
'Привет, нужен отбойник для снятия старой штукатурки. Есть в наличии на завтра?'"
926,926,лазерный уровень,"'Здравствуйте, нужен лазерный уровень для выравнивания плитки в ванной, сколько стоит на день'"
927,927,лазерный уровень,"  
'Добрый день, подскажите, есть ли у вас в прокате нивелир для разметки стен под штукатурку'"
928,928,лазерный уровень,"  
'Привет, ищу прибор для разметки потолка под гипсокартон, что посоветуете'"
929,929,лазерный уровень,"  
'Здравствуйте, сколько стоит аренда лазерного уровня на выходные для ремонта квартиры'"
930,930,лазерный уровень,"  
'Добрый вечер, нужен построитель плоскостей для укладки ламината, есть в наличии'"
931,931,лазерный уровень,"  
'Привет, есть ли у вас лазерный нивелир с крестом для разметки под обои'"
932,932,лазерный уровень,"  
'Здравствуйте, интересует прокат уровня для выравнивания фундамента на даче, какие условия'"
933,933,лазерный уровень,"  
'Добрый день, подскажите стоимость аренды лазера для монтажа натяжного потолка'"
934,934,лазерный уровень,"  
'Привет, нужен прибор для разметки под каркас на стене, что у вас есть'"
935,935,лазерный уровень,"  
'Здравствуйте, сколько стоит взять на сутки лазерный уровень для ремонта коридора'"
936,936,рейсмус,"'Привет, нужен рейсмус для выравнивания досок на даче, сколько стоит аренда на день?'"
937,937,рейсмус,"  
'Здравствуйте, есть ли у вас в прокате рейсмусовый станок? Хочу обработать пару досок для полки'"
938,938,рейсмус,"  
'Добрый день, подскажите, можно ли взять рейсмус на выходные? Нужно строгать вагонку'"
939,939,рейсмус,"  
'Здравствуйте, сколько стоит аренда рейсмуса на 3 часа? Надо подогнать пару дверных косяков'"
940,940,рейсмус,"  
'Добрый вечер, у вас есть рейсмус в аренду? Нужно выровнять доски для столешницы'"
941,941,рейсмус,"  
'Привет, ищу рейсмусный станок на сутки, какие у вас условия?'"
942,942,рейсмус,"  
'Здравствуйте, можно ли арендовать рейсмус сегодня после обеда? Нужно подготовить доски для террасы'"
943,943,рейсмус,"  
'Добрый день, сколько стоит взять рейсмус на день? Хочу обработать половые доски'"
944,944,рейсмус,"  
'Здравствуйте, есть ли у вас рейсмус для тонкой обработки дерева? Нужно сделать мебельные заготовки'"
945,945,рейсмус,"  
'Привет, нужен рейсмус на пару часов, чтобы подровнять дверное полотно, сколько стоит?'"
946,946,УШМ аккумуляторная,"'Добрый день! Нужна болгарка для резки плитки на даче, есть у вас в наличии?'"
947,947,УШМ аккумуляторная,"  
'Здравствуйте, сколько стоит взять угловую шлифмашину на выходные?'"
948,948,УШМ аккумуляторная,"  
'Привет, ищу УШМ для зачистки сварных швов, какие варианты есть?'"
949,949,УШМ аккумуляторная,"  
'Добрый вечер! Можно арендовать болгарку с диском по металлу на пару часов?'"
950,950,УШМ аккумуляторная,"  
'Здравствуйте, нужна шлифмашина для обработки бетона, есть такая?'"
951,951,УШМ аккумуляторная,"  
'Сколько стоит взять угловую шлифмашину на сутки, и какие диски в комплекте?'"
952,952,УШМ аккумуляторная,"  
'Добрый день! Ищу УШМ для резки арматуры, подскажите стоимость аренды'"
953,953,УШМ аккумуляторная,"  
'Здравствуйте, есть ли в наличии болгарка с аккумулятором? Нужна на день'"
954,954,УШМ аккумуляторная,"  
'Привет, нужна шлифмашина для шлифовки дерева, какие у вас есть?'"
955,955,УШМ аккумуляторная,"  
'Добрый вечер! Сколько стоит аренда болгарки на 3 дня, и есть ли скидки?'"
956,956,бур для перфоратора,"'Привет, нужен бур для перфоратора на пару часов, чтобы просверлить пару отверстий в бетоне'"
957,957,бур для перфоратора,"  
'Здравствуйте, есть ли у вас в прокате бур для перфоратора диаметром 10 мм?'"
958,958,бур для перфоратора,"  
'Добрый день, ищу бур под перфоратор для монтажа кондиционера, что у вас есть?'"
959,959,бур для перфоратора,"  
'Можно взять в аренду бур для перфоратора на выходные? Нужно сделать отверстия под анкера'"
960,960,бур для перфоратора,"  
'Есть ли у вас бур для перфоратора длиной 300 мм? Хочу пробить стену насквозь'"
961,961,бур для перфоратора,"  
'Сколько стоит аренда бура для перфоратора на сутки? Нужно повесить полки'"
962,962,бур для перфоратора,"  
'Здравствуйте, нужен бур под перфоратор для плитки, что посоветуете?'"
963,963,бур для перфоратора,"  
'Добрый вечер, есть ли у вас бур для перфоратора с алмазным напылением?'"
964,964,бур для перфоратора,"  
'Ищу бур для перфоратора под трубу 50 мм, есть такой в наличии?'"
965,965,бур для перфоратора,"  
'Можно взять в аренду бур для перфоратора на сегодня? Нужно сделать отверстия под проводку'"
966,966,штроборез,"'Привет, нужен штроборез на пару дней, чтобы провести проводку в квартире'"
967,967,штроборез,"  
'Здравствуйте, есть ли у вас в аренде бороздодел для штробления стен под трубы?'"
968,968,штроборез,"  
'Добрый день, сколько стоит взять штроборез на сутки?'"
969,969,штроборез,"  
'Нужен инструмент для штробления, подскажите стоимость аренды'"
970,970,штроборез,"  
'Здравствуйте, ищу штробарез для работ по бетону, есть в наличии?'"
971,971,штроборез,"  
'Добрый вечер, можно ли арендовать штробилёр на выходные?'"
972,972,штроборез,"  
'Сколько стоит прокат штрободела на день? Нужно сделать каналы под проводку'"
973,973,штроборез,"  
'Есть ли у вас штроборез в аренде? Нужно на завтра с утра'"
974,974,штроборез,"  
'Здравствуйте, интересует аренда штробилера для ремонта в ванной'"
975,975,штроборез,"  
'Добрый день, подскажите, есть ли штроборез и какая цена за сутки?'"
976,976,фен,"'Привет, нужен строительный фен на пару часов, чтобы снять старую краску с двери'"
977,977,фен,"  
'Здравствуйте, есть ли у вас в прокате термофен? Нужно упаковку термоусадочную закрепить'"
978,978,фен,"  
'Добрый день, интересует аренда фена для труб – надо стык прогреть перед пайкой'"
979,979,фен,"  
'Можно взять фен строительный на сутки? Хочу линолеум на балконе уложить'"
980,980,фен,"  
'Есть у вас фен мощный? Надо демонтировать плитку со стены'"
981,981,фен,"  
'Сколько стоит взять фен на день? Нужно лак на мебели подправить'"
982,982,фен,"  
'Добрый вечер, нужен термовоздуходув для разморозки труб в гараже'"
983,983,фен,"  
'Здравствуйте, подскажите стоимость аренды фена – надо битумную гидроизоляцию прогреть'"
984,984,фен,"  
'Есть ли у вас фен с регулировкой температуры? Для работ по дереву'"
985,985,фен,"  
'Хочу взять в аренду фен на выходные – планирую ремонт в ванной, нужно старую плитку снять'."
986,986,степлер,"'Привет, нужен мебельный степлер для обивки дивана, есть у вас в наличии?'"
987,987,степлер,"  
'Здравствуйте, сколько стоит аренда скобозабивного пистолета на пару дней?'"
988,988,степлер,"  
'Добрый день, ищу инструмент для крепления пленки к деревянному каркасу, что посоветуете?'"
989,989,степлер,"  
'Есть ли у вас в прокате строительный степлер, нужно закрепить утеплитель?'"
990,990,степлер,"  
'Привет, нужен степлер для монтажа сетки на забор, какие условия аренды?'"
991,991,степлер,"  
'Здравствуйте, сколько стоит взять скобострел на сутки для ремонта обивки стула?'"
992,992,степлер,"  
'Добрый день, нужен инструмент для крепления рубероида, есть что-то подходящее?'"
993,993,степлер,"  
'Привет, можно арендовать мебельный пистолет на сегодня до вечера?'"
994,994,степлер,"  
'Здравствуйте, есть ли у вас степлер для крепления проволоки к дереву?'"
995,995,степлер,"  
'Добрый день, подскажите стоимость аренды скобозабивателя на выходные'"
996,996,пушка газовая,"'Добрый день! Нужна газовая пушка для просушки гаража на пару дней, есть у вас такая?'"
997,997,пушка газовая,"  
'Здравствуйте, сколько стоит аренда тепловой пушки на сутки? Нужно прогреть дачу перед ремонтом'"
998,998,пушка газовая,"  
'Привет, есть ли в наличии газовая тепловая пушка? Хочу взять на выходные для просушки погреба'"
999,999,пушка газовая,"  
'Добрый вечер! Интересует прокат тепловой пушки, нужно просушить стены после штукатурки'"
1000,1000,пушка газовая,"  
'Здравствуйте, у вас можно взять газовую пушку на неделю? Нужно для обогрева склада'"
1001,1001,пушка газовая,"  
'Добрый день! Сколько стоит аренда газовой тепловой пушки на 3 дня? Для прогрева бетона зимой'"
1002,1002,пушка газовая,"  
'Привет, нужна газовая пушка на сегодня, есть в наличии? Для сушки оштукатуренных стен'"
1003,1003,пушка газовая,"  
'Здравствуйте, интересует аренда тепловой пушки на пару часов, нужно прогреть помещение перед покраской'"
1004,1004,пушка газовая,"  
'Добрый день! Есть ли у вас мощная газовая пушка? Нужна для обогрева строительной бытовки'"
1005,1005,пушка газовая,"  
'Здравствуйте, сколько стоит взять тепловую пушку на сутки? Нужно просушить квартиру после потопа'"
1006,1006,газонокосилка,"'Привет, нужна газонокосилка на выходные, сколько стоит аренда'"
1007,1007,газонокосилка,"  
'Добрый день, подскажите, есть ли у вас в прокате бензокосилка для дачи'"
1008,1008,газонокосилка,"  
'Здравствуйте, хочу взять в аренду косилку на пару дней, какие условия'"
1009,1009,газонокосилка,"  
'Добрый вечер, у вас можно арендовать мотокосу для участка 10 соток'"
1010,1010,газонокосилка,"  
'Здравствуйте, сколько стоит взять газонокосилку на сутки, есть доставка'"
1011,1011,газонокосилка,"  
'Привет, нужна коса с леской, чтобы подровнять траву у дома'"
1012,1012,газонокосилка,"  
'Добрый день, интересует аренда бензиновой косилки на завтра'"
1013,1013,газонокосилка,"  
'Здравствуйте, есть ли у вас самоходная газонокосилка в прокате'"
1014,1014,газонокосилка,"  
'Привет, сколько стоит взять косилку на день, нужна для дачи'"
1015,1015,газонокосилка,"  
'Добрый день, подскажите стоимость аренды триммера на неделю'"
1016,1016,пресс для труб РЕ-Х,"'Добрый день, нужен пресс для труб РЕ-Х на пару часов, чтобы соединить пару труб на даче'"
1017,1017,пресс для труб РЕ-Х,"  
'Здравствуйте, сколько стоит аренда пресса для труб РЕ-Х на сутки?'"
1018,1018,пресс для труб РЕ-Х,"  
'Привет, есть ли у вас в наличии пресс для полиэтиленовых труб? Нужно срочно починить водопровод'"
1019,1019,пресс для труб РЕ-Х,"  
'Добрый вечер, подскажите, можно ли взять в аренду пресс для РЕ-Х труб с насадками на 20 и 25 мм?'"
1020,1020,пресс для труб РЕ-Х,"  
'Здравствуйте, интересует прокат пресса для труб РЕ-Х на выходные, какие условия?'"
1021,1021,пресс для труб РЕ-Х,"  
'Добрый день, нужен аппарат для опрессовки полиэтиленовых труб, есть у вас такой?'"
1022,1022,пресс для труб РЕ-Х,"  
'Привет, сколько стоит взять пресс для РЕ-Х труб на день? Нужно смонтировать теплый пол'"
1023,1023,пресс для труб РЕ-Х,"  
'Здравствуйте, есть ли у вас пресс для труб с насадками под 16 мм? Нужно собрать систему полива'"
1024,1024,пресс для труб РЕ-Х,"  
'Добрый день, хочу арендовать инструмент для соединения РЕ-Х труб, подскажите стоимость'"
1025,1025,пресс для труб РЕ-Х,"  
'Привет, нужен пресс для монтажа полиэтиленовых труб, есть в наличии? Сколько стоит на сутки?'"
1026,1026,сабельная пила,"'Добрый день, нужна сабельная пила для демонтажа старых досок на даче, есть у вас в наличии?'"
1027,1027,сабельная пила,"  
'Здравствуйте, сколько стоит аренда сабельной пилы на выходные?'"
1028,1028,сабельная пила,"  
'Привет, ищу пилу сабельную для резки металлических труб, какие у вас условия?'"
1029,1029,сабельная пила,"  
'Добрый вечер, планирую резать ветки в саду, подойдет ли сабельная пила?'"
1030,1030,сабельная пила,"  
'Здравствуйте, нужна пила сабельная для ремонта забора, можно взять на сутки?'"
1031,1031,сабельная пила,"  
'Добрый день, интересует аренда сабельной пилы для демонтажа деревянной конструкции, какие цены?'"
1032,1032,сабельная пила,"  
'Привет, есть ли у вас сабельная пила с длинным полотном для резки толстых бревен?'"
1033,1033,сабельная пила,"  
'Здравствуйте, хочу взять сабельную пилу для работ по металлу, какие варианты есть?'"
1034,1034,сабельная пила,"  
'Добрый день, подскажите, можно ли арендовать сабельную пилу сегодня после 18:00?'"
1035,1035,сабельная пила,"  
'Здравствуйте, нужна пила сабельная для подрезки корней деревьев, есть у вас такое?'"
1036,1036,жираф,"'Здравствуйте, нужна шлифовальная машина для стен, сколько стоит аренда на день'"
1037,1037,жираф,"  
'Добрый день, подскажите, есть ли у вас в прокате жираф для потолков'"
1038,1038,жираф,"  
'Привет, сколько стоит взять шлифмашину для стен на выходные'"
1039,1039,жираф,"  
'Здравствуйте, нужен жираф для шлифовки стен после шпаклевки, есть в наличии'"
1040,1040,жираф,"  
'Добрый вечер, интересует аренда шлифовальной машины для потолков на пару дней'"
1041,1041,жираф,"  
'Здравствуйте, сколько стоит взять жираф на сутки, нужно подготовить стены под покраску'"
1042,1042,жираф,"  
'Добрый день, есть ли у вас шлифмашина для стен в аренду, нужно на завтра'"
1043,1043,жираф,"  
'Привет, нужен жираф для шлифовки гипсокартона, какие условия аренды'"
1044,1044,жираф,"  
'Здравствуйте, сколько стоит аренда шлифовальной машины для потолков на неделю'"
1045,1045,жираф,"  
'Добрый день, ищу в прокат жираф для финишной шлифовки стен перед поклейкой обоев'"
1046,1046,газовый баллон,"'Здравствуйте, нужен баллон с пропаном для газовой плиты на дачу, сколько стоит аренда'"
1047,1047,газовый баллон,"  
'Добрый день, интересует аренда газового баллона на неделю для горелки'"
1048,1048,газовый баллон,"  
'Привет, есть ли в наличии баллон под кислород, нужно на пару дней'"
1049,1049,газовый баллон,"  
'Здравствуйте, сколько стоит взять баллон с аргоном на сутки'"
1050,1050,газовый баллон,"  
'Добрый вечер, нужен баллон для сварочных работ, какие у вас есть'"
1051,1051,газовый баллон,"  
'Здравствуйте, интересует прокат баллона с углекислотой для автомастерской'"
1052,1052,газовый баллон,"  
'Привет, есть ли у вас баллоны под бытовой газ, нужно на месяц'"
1053,1053,газовый баллон,"  
'Добрый день, подскажите стоимость аренды баллона для отопления гаража'"
1054,1054,газовый баллон,"  
'Здравствуйте, нужен баллон с газом для паяльной лампы, есть в наличии'"
1055,1055,газовый баллон,"  
'Привет, можно взять в аренду баллон для заправки газом на 2 дня'"
1056,1056,триммер,"'Добрый день, нужна бензокоса на выходные для покоса травы на даче, есть в наличии?'"
1057,1057,триммер,"  
'Здравствуйте, сколько стоит аренда мотокосы на сутки? Нужно подровнять участок'"
1058,1058,триммер,"  
'Привет, есть ли у вас триммер с леской? Хочу взять на пару часов'"
1059,1059,триммер,"  
'Добрый вечер, ищу в аренду бензиновую косу для обработки газона, какие условия?'"
1060,1060,триммер,"  
'Здравствуйте, нужен триммер на сегодня, можно подъехать после 18:00?'"
1061,1061,триммер,"  
'Сколько стоит взять мотокосу на неделю? Нужно скосить бурьян на стройке'"
1062,1062,триммер,"  
'Добрый день, есть ли в наличии бензотриммер? Хочу взять на выходные'"
1063,1063,триммер,"  
'Здравствуйте, нужна коса для травы на день, сколько будет стоить?'"
1064,1064,триммер,"  
'Привет, у вас можно арендовать триммер с металлическим ножом? Нужно для жесткой растительности'"
1065,1065,триммер,"  
'Добрый день, интересует аренда бензокосы на завтра, какие модели есть в наличии?'"
1066,1066,плиткорез ручной,"'Добрый день! Нужен ручной плиткорез, чтобы подрезать плитку в ванной. Сколько стоит аренда на день?'"
1067,1067,плиткорез ручной,"  
'Здравствуйте, есть ли у вас станок для плитки? Нужно сделать несколько резов на кухонном фартуке'"
1068,1068,плиткорез ручной,"  
'Привет, ищу резак по плитке для дачи. На выходные возьму, какие условия?'"
1069,1069,плиткорез ручной,"  
'Добрый вечер! Подскажите, можно ли взять в аренду плиткорез на пару часов? Нужно подогнать пару плиток'"
1070,1070,плиткорез ручной,"  
'Здравствуйте, сколько стоит аренда ручного плиткореза на сутки? У меня ремонт в коридоре'"
1071,1071,плиткорез ручной,"  
'Есть ли у вас плиткорез в наличии? Нужно отрезать несколько плиток для балкона'"
1072,1072,плиткорез ручной,"  
'Добрый день! Хочу взять в прокат станок для плитки на день. Какая стоимость?'"
1073,1073,плиткорез ручной,"  
'Здравствуйте, нужен плиткорез, чтобы подрезать кафель в туалете. Есть у вас?'"
1074,1074,плиткорез ручной,"  
'Привет! Ищу ручной резак по плитке на завтра. Сколько стоит аренда?'"
1075,1075,плиткорез ручной,"  
'Добрый день! Нужен плиткорез для мелкого ремонта. На пару часов возьму, какие условия?'"
1076,1076,заклепочник,"'Привет, нужен заклепочник на пару часов, чтобы починить забор на даче'"
1077,1077,заклепочник,"  
'Здравствуйте, есть ли у вас в аренду инструмент для клепки? Нужно собрать ворота'"
1078,1078,заклепочник,"  
'Добрый день, подскажите стоимость проката заклепочника на сутки'"
1079,1079,заклепочник,"  
'Можно взять аппарат для заклепок? Надо починить теплицу'"
1080,1080,заклепочник,"  
'Здравствуйте, ищу инструмент, чтобы скрепить листы металла, что посоветуете?'"
1081,1081,заклепочник,"  
'Добрый вечер, нужен заклепочник на завтра, сколько стоит?'"
1082,1082,заклепочник,"  
'Есть ли у вас ручной клепальник? Нужен на день для монтажа кровли'"
1083,1083,заклепочник,"  
'Привет, сколько будет стоить аренда заклепочника на выходные?'"
1084,1084,заклепочник,"  
'Здравствуйте, подскажите, есть ли у вас инструмент для алюминиевых заклепок?'"
1085,1085,заклепочник,"  
'Добрый день, ищу аппарат для клепки, чтобы собрать каркас беседки'"
1086,1086,бензорез,"'Добрый день, нужен бензорез для резки металла на завтра, сколько стоит аренда?'"
1087,1087,бензорез,"  
'Здравствуйте, есть ли у вас в наличии бензорез для демонтажа забора?'"
1088,1088,бензорез,"  
'Привет, хочу взять бензорез на пару часов, чтобы порезать трубы, какие условия?'"
1089,1089,бензорез,"  
'Добрый вечер, подскажите, можно ли арендовать бензорез на выходные?'"
1090,1090,бензорез,"  
'Здравствуйте, сколько стоит взять бензорез на сутки, нужно резать арматуру?'"
1091,1091,бензорез,"  
'Добрый день, ищу бензорез для резки бетона, есть у вас такой?'"
1092,1092,бензорез,"  
'Привет, нужен бензорез для резки кирпича, какие диски идут в комплекте?'"
1093,1093,бензорез,"  
'Здравствуйте, можно ли арендовать бензорез сегодня после 18:00?'"
1094,1094,бензорез,"  
'Добрый день, интересует бензорез для резки плитки, сколько стоит на день?'"
1095,1095,бензорез,"  
'Здравствуйте, есть ли у вас бензорез с алмазным диском, нужно на завтра?'"
1096,1096,гвоздезабивной пистолет по дереву,"'Добрый день! Нужен гвоздезабивной пистолет для сборки деревянного забора, есть в наличии?'"
1097,1097,гвоздезабивной пистолет по дереву,"  
'Здравствуйте, сколько стоит аренда гвоздезабивного пистолета на сутки?'"
1098,1098,гвоздезабивной пистолет по дереву,"  
'Привет, есть ли у вас в прокате пистолет для забивания гвоздей в дерево?'"
1099,1099,гвоздезабивной пистолет по дереву,"  
'Добрый вечер! Хочу взять в аренду гвоздезабивной пистолет для монтажа вагонки, какие условия?'"
1100,1100,гвоздезабивной пистолет по дереву,"  
'Здравствуйте, нужен инструмент для быстрого монтажа досок, подойдет гвоздезабивной пистолет?'"
1101,1101,гвоздезабивной пистолет по дереву,"  
'Добрый день! Сколько будет стоить аренда пистолета для гвоздей по дереву на выходные?'"
1102,1102,гвоздезабивной пистолет по дереву,"  
'Привет, ищу гвоздезабивной пистолет для сборки деревянного каркаса, есть у вас?'"
1103,1103,гвоздезабивной пистолет по дереву,"  
'Здравствуйте, можно ли сегодня взять в аренду пистолет для забивания гвоздей в доски?'"
1104,1104,гвоздезабивной пистолет по дереву,"  
'Добрый день! Нужен гвоздезабивной пистолет для ремонта террасы, какие модели есть?'"
1105,1105,гвоздезабивной пистолет по дереву,"  
'Здравствуйте, интересует прокат пистолета для гвоздей по дереву на пару дней, какая стоимость?'"
1106,1106,отбойный молоток,"'Привет, нужен отбойник для демонтажа старой плитки в ванной, сколько стоит на день?'"
1107,1107,отбойный молоток,"  
'Здравствуйте, есть ли у вас в прокате молот для снятия штукатурки?'"
1108,1108,отбойный молоток,"  
'Добрый день, ищу стенолом для разбора кирпичной кладки, какие условия аренды?'"
1109,1109,отбойный молоток,"  
'Сколько стоит взять электромолот на выходные для ремонта гаража?'"
1110,1110,отбойный молоток,"  
'Нужен асфальтолом для работ во дворе, есть в наличии?'"
1111,1111,отбойный молоток,"  
'Добрый вечер, интересует бетонолом для демонтажа фундамента, как оформить аренду?'"
1112,1112,отбойный молоток,"  
'Есть ли у вас отбойный молоток для земляных работ на даче?'"
1113,1113,отбойный молоток,"  
'Здравствуйте, сколько стоит взять в аренду молот на пару часов для снятия старого кафеля?'"
1114,1114,отбойный молоток,"  
'Ищу отбойник для ремонта подъезда, какие у вас расценки?'"
1115,1115,отбойный молоток,"  
'Добрый день, нужен мощный молот для демонтажа бетонной стены, есть такие в прокате?'"
1116,1116,пила погружная,"'Добрый день, нужна погружная пила для распила ламината, есть у вас такая в аренду?'"
1117,1117,пила погружная,"  
'Здравствуйте, сколько стоит взять погружную пилу на выходные?'"
1118,1118,пила погружная,"  
'Привет, ищу погружную пилу для резки фанеры, какие у вас есть варианты?'"
1119,1119,пила погружная,"  
'Добрый вечер, подскажите, можно ли арендовать погружную пилу на день для работы с ДСП?'"
1120,1120,пила погружная,"  
'Здравствуйте, нужна пила с погружением для точного реза, есть в наличии?'"
1121,1121,пила погружная,"  
'Добрый день, интересует аренда погружной пилы для резки досок, какие условия?'"
1122,1122,пила погружная,"  
'Привет, есть ли у вас погружная пила с направляющей? Нужно сделать ровные пропилы.'"
1123,1123,пила погружная,"  
'Здравствуйте, сколько стоит взять погружную пилу на сутки для ремонта?'"
1124,1124,пила погружная,"  
'Добрый день, ищу пилу для погружного реза, чтобы сделать пазы в дереве. Есть у вас?'"
1125,1125,пила погружная,"  
'Привет, нужна погружная пила для работы с МДФ, можно арендовать на пару дней?'"
1126,1126,пила погружная,
1127,1127,резчик швов,"'Здравствуйте, нужен инструмент для резки швов в бетоне, сколько стоит аренда на день?'"
1128,1128,резчик швов," 'Добрый день, есть ли у вас в прокате устройство для нарезки швов?'"
1129,1129,резчик швов," 'Здравствуйте, подскажите, можно ли взять резчик швов на выходные?'"
1130,1130,резчик швов," 'Добрый вечер, сколько будет стоить аренда инструмента для нарезки швов на сутки?'"
1131,1131,резчик швов," 'Здравствуйте, нужен аппарат для резки швов в асфальте, есть у вас такое?'"
1132,1132,резчик швов," 'Добрый день, интересует стоимость аренды резчика швов на 2 дня'"
1133,1133,резчик швов," 'Здравствуйте, можно ли арендовать устройство для нарезки швов завтра с утра?'"
1134,1134,резчик швов," 'Добрый день, подскажите, есть ли у вас в наличии инструмент для резки швов в бетоне?'"
1135,1135,резчик швов," 'Здравствуйте, сколько будет стоить аренда резчика швов на 3 дня?'"
1136,1136,резчик швов," 'Добрый вечер, нужен аппарат для нарезки швов, какие у вас условия аренды?'"
1137,1137,компрессор,"'Добрый день, нужен компрессор для покраски забора, есть в наличии?'"
1138,1138,компрессор,"  
'Здравствуйте, сколько стоит аренда компрессора на сутки?'"
1139,1139,компрессор,"  
'Привет, ищу компрессор для подкачки колес, что у вас есть?'"
1140,1140,компрессор,"  
'Добрый вечер, нужен компрессор для продувки системы отопления, возьму на день'"
1141,1141,компрессор,"  
'Здравствуйте, есть ли у вас в аренду небольшой компрессор для гвоздезабивного пистолета?'"
1142,1142,компрессор,"  
'Добрый день, подскажите стоимость аренды компрессора на неделю для строительных работ'"
1143,1143,компрессор,"  
'Привет, нужен компрессор для аэрографа, есть что-то маломощное?'"
1144,1144,компрессор,"  
'Здравствуйте, сколько будет стоить взять компрессор на выходные для покраски авто?'"
1145,1145,компрессор,"  
'Добрый день, интересует аренда компрессора для пескоструя, какие условия?'"
1146,1146,компрессор,"  
'Привет, есть ли у вас передвижной компрессор для работы на даче?'"
1147,1147,фен аккумуляторный,"'Привет, нужен фен аккумуляторный для подсушивания клея после укладки плитки — есть у вас такой?'"
1148,1148,фен аккумуляторный,"  
'Здравствуйте, ищу аккумуляторный фен для работ на высоте, где нет розетки — сколько стоит аренда на день?'"
1149,1149,фен аккумуляторный,"  
'Добрый день! Можно взять в прокат фен на батарейках для усадки термоусадки на проводах?'"
1150,1150,фен аккумуляторный,"  
'Есть ли у вас в аренде беспроводной фен для ремонта лодки? Нужен на выходные.'"
1151,1151,фен аккумуляторный,"  
'Сколько стоит взять аккуфен на сутки? Нужно просушить шпаклевку в ванной.'"
1152,1152,фен аккумуляторный,"  
'Добрый вечер! Ищу фен без провода для точечного прогрева трубы в труднодоступном месте.'"
1153,1153,фен аккумуляторный,"  
'Здравствуйте, нужен портативный фен для монтажа пленочного теплого пола — есть такой в прокате?'"
1154,1154,фен аккумуляторный,"  
'Можно ли у вас арендовать аккумуляторный фен для сушки дерева после пропитки?'"
1155,1155,фен аккумуляторный,"  
'Сколько стоит взять фен на батарейках на 3 часа? Нужно подправить поклеенные обои.'"
1156,1156,фен аккумуляторный,"  
'Добрый день! Есть ли у вас в наличии беспроводной фен для ремонта автомобильной обшивки?'."
1157,1157,дрель для алмазного бурения,"'Здравствуйте, нужна установка для алмазного бурения, чтобы сделать отверстие под трубу в бетоне'"
1158,1158,дрель для алмазного бурения,"  
'Добрый день, сколько стоит аренда дрели для алмазного бурения на день?'"
1159,1159,дрель для алмазного бурения,"  
'Привет, есть ли у вас в прокате инструмент для бурения бетона алмазной коронкой?'"
1160,1160,дрель для алмазного бурения,"  
'Здравствуйте, ищу аппарат для алмазного бурения, нужно просверлить стену под коммуникации'"
1161,1161,дрель для алмазного бурения,"  
'Добрый вечер, подскажите, можно ли у вас взять в аренду установку для бурения на пару часов?'"
1162,1162,дрель для алмазного бурения,"  
'Нужна дрель с алмазной коронкой, чтобы сделать отверстия в плитах перекрытия'"
1163,1163,дрель для алмазного бурения,"  
'Здравствуйте, сколько будет стоить аренда алмазного бурения на выходные?'"
1164,1164,дрель для алмазного бурения,"  
'Добрый день, есть ли у вас оборудование для бурения отверстий в железобетоне?'"
1165,1165,дрель для алмазного бурения,"  
'Привет, нужен инструмент для алмазного бурения, чтобы проделать дыру под вентиляцию'"
1166,1166,дрель для алмазного бурения,"  
'Здравствуйте, интересует прокат установки для алмазного бурения на сутки, какая стоимость?'"
1167,1167,лампа Лосева,"'Здравствуйте, нужна лампа Лосева для экспериментов, есть у вас в прокате?'"
1168,1168,лампа Лосева,"  
'Добрый день, сколько стоит аренда лампы Лосева на неделю?'"
1169,1169,лампа Лосева,"  
'Привет, ищу лампу для опытов, слышал про Лосева, есть у вас?'"
1170,1170,лампа Лосева,"  
'Здравствуйте, можно взять в аренду лампу для научных экспериментов?'"
1171,1171,лампа Лосева,"  
'Добрый вечер, интересует прокат лампы Лосева на пару дней'"
1172,1172,лампа Лосева,"  
'Есть ли у вас в аренде лампа для радиолюбительских целей?'"
1173,1173,лампа Лосева,"  
'Здравствуйте, сколько стоит снять лампу Лосева на сутки?'"
1174,1174,лампа Лосева,"  
'Нужен прибор для экспериментов, подойдет лампа Лосева?'"
1175,1175,лампа Лосева,"  
'Добрый день, есть ли у вас лампа Лосева и какая стоимость аренды?'"
1176,1176,лампа Лосева,"  
'Здравствуйте, хочу взять лампу для исследований, что у вас есть?'"
1177,1177,пушка тепловая,"'Привет, нужна тепловая пушка на пару дней для просушки гаража после потопа'"
1178,1178,пушка тепловая,"  
'Здравствуйте, сколько стоит аренда тепловой пушки на неделю для прогрева дачи?'"
1179,1179,пушка тепловая,"  
'Добрый день, ищу мощную тепловую пушку для обогрева склада, что у вас есть?'"
1180,1180,пушка тепловая,"  
'Привет, есть ли у вас в прокате газовая тепловая пушка для стройки?'"
1181,1181,пушка тепловая,"  
'Здравствуйте, нужно прогреть помещение перед штукатуркой, что посоветуете?'"
1182,1182,пушка тепловая,"  
'Добрый вечер, интересует тепловая пушка на сутки для сушки стен после ремонта'"
1183,1183,пушка тепловая,"  
'Привет, сколько стоит взять тепловую пушку на выходные для обогрева гаража?'"
1184,1184,пушка тепловая,"  
'Здравствуйте, нужен мощный обогреватель для прогрева бетона зимой, что у вас есть?'"
1185,1185,пушка тепловая,"  
'Добрый день, есть ли у вас электрическая тепловая пушка в аренду?'"
1186,1186,пушка тепловая,"  
'Привет, ищу тепловую пушку для просушки подвала после затопления, какие варианты?'"
1187,1187,пушка дизельная,"'Здравствуйте, нужна дизельная тепловая пушка для обогрева гаража на пару дней'"
1188,1188,пушка дизельная," 'Добрый день, подскажите, есть ли у вас в аренду тепловая пушка на солярке?'"
1189,1189,пушка дизельная," 'Привет, нужно прогреть помещение после штукатурки, есть ли пушка дизельная?'"
1190,1190,пушка дизельная," 'Здравствуйте, сколько стоит аренда тепловой пушки на дизеле на сутки?'"
1191,1191,пушка дизельная," 'Добрый вечер, нужна тепловая пушка для обогрева склада, есть в наличии?'"
1192,1192,пушка дизельная," 'Здравствуйте, интересует аренда дизельной тепловой пушки на выходные'"
1193,1193,пушка дизельная," 'Привет, есть ли у вас тепловая пушка на солярке для прогрева бетона?'"
1194,1194,пушка дизельная," 'Здравствуйте, подскажите стоимость аренды дизельной тепловой пушки на день'"
1195,1195,пушка дизельная," 'Добрый день, нужна тепловая пушка для обогрева строительной площадки, есть варианты?'"
1196,1196,пушка дизельная," 'Здравствуйте, интересует аренда тепловой пушки на дизеле для прогрева теплицы'"
1197,1197,бензобур,"'Привет, нужен бензобур для установки столбов забора на даче, сколько стоит аренда на день'"
1198,1198,бензобур,"  
'Здравствуйте, есть ли у вас в прокате ямобур для земляных работ'"
1199,1199,бензобур,"  
'Добрый день, подскажите стоимость аренды бурилки на выходные'"
1200,1200,бензобур,"  
'Нужен инструмент для бурения ям под сваи, что посоветуете'"
1201,1201,бензобур,"  
'Здравствуйте, сколько стоит взять бензиновый ямобур на сутки'"
1202,1202,бензобур,"  
'Добрый вечер, ищу бурильщик для посадки деревьев, есть в наличии'"
1203,1203,бензобур,"  
'Можно ли у вас арендовать бензобур для фундамента на пару дней'"
1204,1204,бензобур,"  
'Привет, нужна бурилка для столбов, какие условия аренды'"
1205,1205,бензобур,"  
'Здравствуйте, интересует прокат ямобура на сегодня, есть свободные'"
1206,1206,бензобур,"  
'Добрый день, сколько стоит взять бензобур на 3 часа для мелких работ'"
1207,1207,станок распиловочный,"'Добрый день, нужен станок для распила досок на дачу, сколько стоит аренда на сутки'"
1208,1208,станок распиловочный,"  
'Здравствуйте, есть ли у вас в прокате циркулярная пила для работ по дереву'"
1209,1209,станок распиловочный,"  
'Привет, ищу оборудование для продольного распила бруса, что у вас есть в наличии'"
1210,1210,станок распиловочный,"  
'Добрый вечер, подскажите стоимость аренды торцовочной пилы на выходные'"
1211,1211,станок распиловочный,"  
'Здравствуйте, нужно распилить ламинат, есть ли у вас подходящий станок'"
1212,1212,станок распиловочный,"  
'Добрый день, интересует аренда пилы для резки ДСП, какие условия'"
1213,1213,станок распиловочный,"  
'Привет, есть ли у вас в прокате мини-пилорама или аналог для распиловки досок'"
1214,1214,станок распиловочный,"  
'Здравствуйте, сколько стоит взять на день станок для поперечного распила бруса'"
1215,1215,станок распиловочный,"  
'Добрый день, нужен инструмент для распиловки фанеры, что посоветуете'"
1216,1216,станок распиловочный,"  
'Привет, ищу в аренду дисковую пилу для ремонта, есть у вас такое'"
1217,1217,нейлер пневматический,"'Здравствуйте, нужен гвоздезабивной пистолет для обшивки стен вагонкой, есть в наличии?'"
1218,1218,нейлер пневматический," 'Добрый день, интересует аренда пневматического нейлера на выходные, сколько стоит?'"
1219,1219,нейлер пневматический," 'Привет, есть ли у вас инструмент для быстрого крепления плинтусов?'"
1220,1220,нейлер пневматический," 'Здравствуйте, планирую обшивать потолок, нужен гвоздезабиватель, какие условия аренды?'"
1221,1221,нейлер пневматический," 'Добрый вечер, ищу пневмоинструмент для монтажа каркаса под гипсокартон, что можете предложить?'"
1222,1222,нейлер пневматический," 'Здравствуйте, сколько стоит взять в аренду гвоздезабивной пистолет на день?'"
1223,1223,нейлер пневматический," 'Привет, нужен инструмент для крепления деревянных панелей, есть что-то подходящее?'"
1224,1224,нейлер пневматический," 'Добрый день, интересует аренда пневматического нейлера для работы с фасадом, какие варианты?'"
1225,1225,нейлер пневматический," 'Здравствуйте, планирую ремонт, нужен гвоздезабиватель для монтажа обрешетки, есть в наличии?'"
1226,1226,нейлер пневматический," 'Привет, ищу пневмоинструмент для работы с деревянными конструкциями, что у вас есть?'"
1227,1227,подъемник ГКЛ,"'Привет, нужен подъемник ГКЛ для монтажа потолков на даче, есть у вас в наличии?'"
1228,1228,подъемник ГКЛ,"  
'Добрый день, сколько стоит аренда подъемника для гипсокартона на неделю?'"
1229,1229,подъемник ГКЛ,"  
'Здравствуйте, ищу подъемник для ГКЛ, чтобы поднять листы на второй этаж, какие у вас варианты?'"
1230,1230,подъемник ГКЛ,"  
'Есть ли у вас в прокате подъемник для гипсокартона? Нужно смонтировать потолок в зале.'"
1231,1231,подъемник ГКЛ,"  
'Сколько стоит взять подъемник ГКЛ на сутки? Нужно занести листы в квартиру.'"
1232,1232,подъемник ГКЛ,"  
'Добрый вечер, нужен подъемник для гипсокартона, чтобы поднять листы на балкон. Есть у вас такое?'"
1233,1233,подъемник ГКЛ,"  
'Здравствуйте, интересует аренда подъемника для ГКЛ на два дня, какая стоимость?'"
1234,1234,подъемник ГКЛ,"  
'Подскажите, есть ли у вас подъемник для гипсокартона? Нужно смонтировать перегородки в офисе.'"
1235,1235,подъемник ГКЛ,"  
'Добрый день, сколько стоит аренда подъемника ГКЛ на выходные? Нужно поднять листы на мансарду.'"
1236,1236,подъемник ГКЛ,"  
'Привет, ищу подъемник для гипсокартона, чтобы занести листы в квартиру без лифта. Есть у вас?'"
1237,1237,воздуходувка,"'Привет, нужна воздуходувка для уборки листьев на даче, сколько стоит взять на выходные'"
1238,1238,воздуходувка,"  
'Здравствуйте, есть ли у вас в аренду садовая воздуходувка, нужно на пару часов'"
1239,1239,воздуходувка,"  
'Добрый день, подскажите стоимость проката воздуходувки для чистки двора после стройки'"
1240,1240,воздуходувка,"  
'Нужен аппарат для уборки опавших листьев, есть в наличии'"
1241,1241,воздуходувка,"  
'Здравствуйте, сколько стоит взять воздуходувку на сутки, нужно убрать участок'"
1242,1242,воздуходувка,"  
'Добрый вечер, ищу технику для выдува мусора из щелей после ремонта, что посоветуете'"
1243,1243,воздуходувка,"  
'Есть ли у вас мощная воздуходувка, нужно продуть систему вентиляции'"
1244,1244,воздуходувка,"  
'Сколько стоит аренда садового пылесоса на день, нужно убрать газон'"
1245,1245,воздуходувка,"  
'Здравствуйте, нужен инструмент для уборки опилок после работы с деревом, что есть'"
1246,1246,воздуходувка,"  
'Добрый день, интересует прокат воздуходувки для чистки крыши от листьев, какие условия'"
1248,1248,удлинитель электричексий,"'Добрый день, нужен удлинитель на 30 метров для стройки, есть в наличии?'"
1249,1249,удлинитель электричексий,"  
'Здравствуйте, подскажите стоимость аренды электрического удлинителя на выходные'"
1250,1250,удлинитель электричексий,"  
'Привет, ищу удлинитель с заземлением для подключения инструмента на даче'"
1251,1251,удлинитель электричексий,"  
'Добрый вечер, можно взять в прокат удлинитель на 50 метров для сварочных работ?'"
1252,1252,удлинитель электричексий,"  
'Здравствуйте, нужен мощный удлинитель для подключения бетономешалки, какие варианты есть?'"
1253,1253,удлинитель электричексий,"  
'Есть ли у вас удлинители с защитой от влаги для работы на улице?'"
1254,1254,удлинитель электричексий,"  
'Добрый день, сколько стоит аренда удлинителя на сутки, нужен для ремонта в квартире?'"
1255,1255,удлинитель электричексий,"  
'Здравствуйте, ищу удлинитель с несколькими розетками для одновременного подключения инструментов'"
1256,1256,удлинитель электричексий,"  
'Можно ли взять удлинитель в аренду сегодня на пару часов? Нужен для подключения дрели'"
1257,1257,удлинитель электричексий,"  
'Добрый вечер, подскажите, есть ли у вас удлинители с катушкой для удобного хранения?'"
1258,1258,пушка электрическая,"'Добрый день! Нужна пушка электрическая, чтобы прогреть гараж перед работой. Сколько стоит аренда на день?'"
1259,1259,пушка электрическая,"  
'Здравствуйте, есть ли у вас тепловая пушка? Нужно просушить стены после штукатурки'"
1260,1260,пушка электрическая,"  
'Привет, срочно нужна электропушка на пару часов — залили соседи, надо сушить потолок'"
1261,1261,пушка электрическая,"  
'Добрый вечер! Подскажите, можно ли взять у вас тепловую пушку на выходные? Дача промерзла'"
1262,1262,пушка электрическая,"  
'Здравствуйте, сколько стоит аренда электрической пушки на сутки? Нужно прогреть помещение перед поклейкой обоев'"
1263,1263,пушка электрическая,"  
'Есть ли у вас в наличии тепловая пушка? Нужно просушить подвал после затопления'"
1264,1264,пушка электрическая,"  
'Добрый день! Хочу взять электропушку на день — в квартире холодно, пока не дали отопление'"
1265,1265,пушка электрическая,"  
'Здравствуйте, нужна тепловая пушка для сушки стяжки. Какие условия аренды?'"
1266,1266,пушка электрическая,"  
'Привет, есть ли у вас электрическая пушка? Надо прогреть балкон перед утеплением'"
1267,1267,пушка электрическая,"  
'Добрый день! Сколько стоит взять тепловую пушку на неделю? Дачу надо протапливать во время ремонта'"
1268,1268,перфоратор аккумуляторный,"'Привет, нужен аккумуляторный перфоратор для монтажа гипсокартона на даче, есть в наличии?'"
1269,1269,перфоратор аккумуляторный,"  
'Добрый день, сколько стоит взять бурильник на батарейке на выходные?'"
1270,1270,перфоратор аккумуляторный,"  
'Здравствуйте, ищу перф без провода для работ на высоте, какие у вас варианты?'"
1271,1271,перфоратор аккумуляторный,"  
'Привет, есть ли в прокате аккумуляторный перфоратор с буром на 20 мм?'"
1272,1272,перфоратор аккумуляторный,"  
'Добрый вечер, нужен перф на аккумуляторе для демонтажа плитки в ванной, какие условия?'"
1273,1273,перфоратор аккумуляторный,"  
'Здравствуйте, сколько стоит аренда бесшнурового бурильника на сутки?'"
1274,1274,перфоратор аккумуляторный,"  
'Привет, есть ли у вас перф без провода для сверления кирпича, и сколько это стоит?'"
1275,1275,перфоратор аккумуляторный,"  
'Добрый день, нужен аккумуляторный перфоратор для монтажа забора, есть в наличии?'"
1276,1276,перфоратор аккумуляторный,"  
'Здравствуйте, сколько стоит взять перф на батарейке на два дня, и какой залог?'"
1277,1277,перфоратор аккумуляторный,"  
'Привет, ищу бесшнуровой бурильник для ремонта балкона, какие у вас есть модели?'"
1278,1278,лестница-трансформер,'Добрый день! Нужна лестница-трансформер для покраски потолка в квартире. Есть в наличии?'
1279,1279,лестница-трансформер,"  
'Здравствуйте, сколько стоит аренда трансформера на выходные? Нужно поменять лампочки в зале'"
1280,1280,лестница-трансформер,"  
'Привет, есть ли у вас стремянка, которая раскладывается в лестницу? Хочу поклеить обои'"
1281,1281,лестница-трансформер,"  
'Добрый вечер! Ищу лестницу-трансформер для ремонта фасада дачного дома. На сколько дней можно взять?'"
1282,1282,лестница-трансформер,"  
'Здравствуйте, нужна высокая лестница для монтажа кондиционера. Есть трансформер в аренду?'"
1283,1283,лестница-трансформер,"  
'Добрый день! Сколько стоит взять лестницу на сутки? Нужно подрезать ветки у дерева'"
1284,1284,лестница-трансформер,"  
'Здравствуйте, есть ли у вас трансформер для работы на высоте? Нужно почистить крышу от снега'"
1285,1285,лестница-трансформер,"  
'Привет, нужна лестница-трансформер для сборки мебели. Какие у вас условия аренды?'"
1286,1286,лестница-трансформер,"  
'Добрый день! Ищу стремянку с возможностью трансформации для ремонта потолка. Есть в наличии?'"
1287,1287,лестница-трансформер,"  
'Здравствуйте, сколько стоит аренда лестницы на неделю? Нужно штукатурить стены в коридоре'"
1288,1288,мотопомпа,"'Здравствуйте, нужно откачать воду из подвала, есть ли у вас помпа в аренду?'"
1289,1289,мотопомпа," 'Добрый день, сколько будет стоить аренда бензопомпы на сутки?'"
1290,1290,мотопомпа," 'Привет, нужна мотопомпа для грязной воды, какие у вас условия?'"
1291,1291,мотопомпа," 'Здравствуйте, планирую осушить пруд на даче, можно арендовать у вас помпу?'"
1292,1292,мотопомпа," 'Добрый вечер, ищу мото-помпу для откачки воды из котлована, есть такая?'"
1293,1293,мотопомпа," 'Здравствуйте, сколько стоит аренда помпы для грязной воды на выходные?'"
1294,1294,мотопомпа," 'Привет, нужно откачать воду из бассейна, есть ли у вас подходящая помпа?'"
1295,1295,мотопомпа," 'Здравствуйте, интересует аренда мотопомпы для грязной воды на день'"
1296,1296,мотопомпа," 'Добрый день, нужна бензопомпа для откачки воды из траншеи, есть в наличии?'"
1297,1297,мотопомпа," 'Здравствуйте, планирую осушить канаву, можно арендовать помпу на пару дней?'"
1298,1298,культиватор,"'Добрый день, нужен культиватор для дачи на выходные, сколько стоит аренда?'"
1299,1299,культиватор,"  
'Здравствуйте, у вас есть мотоблок в аренду? Нужно вспахать огород'"
1300,1300,культиватор,"  
'Привет, ищу бензокультиватор на пару дней, какие у вас условия?'"
1301,1301,культиватор,"  
'Добрый вечер, подскажите, есть ли у вас в прокате культиватор для обработки небольшого участка?'"
1302,1302,культиватор,"  
'Здравствуйте, сколько стоит взять мотоблок на сутки? Нужно подготовить землю под посадку'"
1303,1303,культиватор,"  
'Добрый день, интересует аренда культиватора на 3 дня, какие модели у вас есть?'"
1304,1304,культиватор,"  
'Привет, нужен бензоблок для вспашки дачного участка, подскажите стоимость'"
1305,1305,культиватор,"  
'Здравствуйте, можно ли сегодня арендовать культиватор? Нужно обработать пару соток'"
1306,1306,культиватор,"  
'Добрый день, есть ли у вас мотокультиватор в наличии? Хочу взять на выходные'"
1307,1307,культиватор,"  
'Здравствуйте, подскажите стоимость аренды культиватора на день, нужно разрыхлить землю под газон'"
1308,1308,шнек для бензобура,"'Добрый день, нужен шнек для бензобура на выходные, сколько стоит аренда?'"
1309,1309,шнек для бензобура,"  
'Здравствуйте, ищу ямобур с шнеком для столбов забора, есть у вас?'"
1310,1310,шнек для бензобура,"  
'Привет, можно взять в аренду бурилку со шнеком на пару часов?'"
1311,1311,шнек для бензобура,"  
'Добрый вечер, нужен бензобур с шнеком для посадки деревьев, какие условия?'"
1312,1312,шнек для бензобура,"  
'Здравствуйте, сколько стоит аренда шнека для бензобура на сутки?'"
1313,1313,шнек для бензобура,"  
'Есть ли у вас в прокате шнек для бурилки под фундамент?'"
1314,1314,шнек для бензобура,"  
'Добрый день, хочу взять ямобур со шнеком на день, какая стоимость?'"
1315,1315,шнек для бензобура,"  
'Здравствуйте, нужен шнек для бензобура, чтобы пробурить скважину под воду'"
1316,1316,шнек для бензобура,"  
'Привет, есть ли шнек для бурилки в аренду на сегодня?'"
1317,1317,шнек для бензобура,"  
'Добрый день, подскажите, можно ли арендовать шнек для бензобура на неделю?'"
1318,1318,рохля,"'Привет, нужна рохля на пару дней, чтобы мебель передвигать в квартире'"
1319,1319,рохля,"  
'Здравствуйте, есть ли у вас в аренде тележка для перевозки стройматериалов?'"
1320,1320,рохля,"  
'Добрый день, сколько стоит взять рохлю на сутки для склада?'"
1321,1321,рохля,"  
'Нужна гидравлическая тележка, чтобы плитку разгрузить со двора'"
1322,1322,рохля,"  
'Привет, есть ли у вас рохля с большой грузоподъемностью?'"
1323,1323,рохля,"  
'Здравствуйте, интересует прокат тележки для перевозки мешков с цементом'"
1324,1324,рохля,"  
'Добрый день, подскажите стоимость аренды рохли на неделю'"
1325,1325,рохля,"  
'Нужна тележка для перевозки кирпича, есть в наличии?'"
1326,1326,рохля,"  
'Сколько стоит взять гидравлическую тележку на пару часов?'"
1327,1327,рохля,"  
'Здравствуйте, есть ли у вас рохля с широкими колесами для неровного пола?'"
1328,1328,вибратор,"'Здравствуйте, нужен глубинный вибратор для заливки фундамента на пару дней, сколько стоит аренда'"
1329,1329,вибратор,"  
'Добрый день, подскажите, есть ли у вас в прокате вибратор для бетона, нужно уплотнить стяжку'"
1330,1330,вибратор,"  
'Привет, ищу вибратор для раствора, чтобы пузыри убрать при заливке пола'"
1331,1331,вибратор,"  
'Здравствуйте, сколько стоит взять на выходные вибратор, чтобы фундамент утрамбовать'"
1332,1332,вибратор,"  
'Добрый вечер, нужен строительный вибратор, чтобы столбы бетонировать, есть в наличии'"
1333,1333,вибратор,"  
'Привет, есть ли у вас в аренде глубинный вибратор, нужно на день для работ по фундаменту'"
1334,1334,вибратор,"  
'Здравствуйте, интересует прокат вибратора для бетона, сколько стоит на сутки'"
1335,1335,вибратор,"  
'Добрый день, подскажите, можно ли сегодня арендовать вибратор, нужно залить плиту'"
1336,1336,вибратор,"  
'Привет, ищу вибратор для уплотнения бетона, какие у вас условия аренды'"
1337,1337,вибратор,"  
'Здравствуйте, нужен вибратор на пару часов, чтобы раствор в опалубке утрамбовать'"
1339,1339,пила дисковая,"'Добрый день! Нужна дисковая пила для распила досок на даче, есть у вас в аренду?'"
1340,1340,пила дисковая,"  
'Здравствуйте, сколько стоит взять аккумуляторную дисковую пилу на выходные?'"
1341,1341,пила дисковая,"  
'Привет, ищу пилу дисковую на батарейках для резки ламината, есть такая?'"
1342,1342,пила дисковая,"  
'Добрый вечер! Можно ли арендовать у вас дисковую пилу с аккумулятором на пару часов?'"
1343,1343,пила дисковая,"  
'Здравствуйте, нужна дисковая пила для распиловки бруса, какие условия аренды?'"
1344,1344,пила дисковая,"  
'Добрый день! Есть ли у вас в прокате аккумуляторная дисковая пила для мелких работ по дереву?'"
1345,1345,пила дисковая,"  
'Здравствуйте, сколько будет стоить аренда дисковки на сутки? Нужно подрезать дверную коробку'"
1346,1346,пила дисковая,"  
'Привет, есть ли у вас пила дисковая без провода? Хочу взять на день для работы на стройке'"
1347,1347,пила дисковая,"  
'Добрый день! Интересует аренда дискового резака по дереву на аккумуляторе, подскажите стоимость'"
1348,1348,пила дисковая,"  
'Здравствуйте, нужна дисковая пила для распила фанеры, есть у вас в наличии?'"
1349,1349,установка алмазного бурения,"'Здравствуйте, нужна установка для алмазного бурения на пару дней, сколько будет стоить?'"
1350,1350,установка алмазного бурения," 'Добрый день, подскажите, есть ли у вас оборудование для алмазного бурения в аренду?'"
1351,1351,установка алмазного бурения," 'Здравствуйте, планирую делать отверстия в бетоне, нужна установка для бурения, какие условия аренды?'"
1352,1352,установка алмазного бурения," 'Добрый вечер, интересует аренда оборудования для алмазного бурения на неделю, сколько это будет стоить?'"
1353,1353,установка алмазного бурения," 'Здравствуйте, нужна установка для бурения отверстий в стене, подскажите стоимость аренды на сутки'"
1354,1354,установка алмазного бурения," 'Добрый день, есть ли у вас в наличии оборудование для алмазного бурения и сколько стоит аренда?'"
1355,1355,установка алмазного бурения," 'Здравствуйте, планирую делать отверстия в фундаменте, нужна установка для алмазного бурения, какие условия?'"
1356,1356,установка алмазного бурения," 'Добрый вечер, интересует аренда оборудования для бурения отверстий в бетоне, подскажите стоимость'"
1357,1357,установка алмазного бурения," 'Здравствуйте, нужна установка для алмазного бурения на пару часов, сколько будет стоить?'"
1358,1358,установка алмазного бурения," 'Добрый день, подскажите, есть ли у вас оборудование для алмазного бурения и сколько стоит аренда на день?'"
1359,1359,металлоискатель,"'Привет, нужен прибор для поиска металла в земле на даче, есть у вас такой в аренду'"
1360,1360,металлоискатель,"  
'Здравствуйте, сколько стоит взять металлоискатель на выходные для поиска монет'"
1361,1361,металлоискатель,"  
'Добрый день, ищу аппарат для обнаружения труб в земле, подойдет ли ваш'"
1362,1362,металлоискатель,"  
'Привет, есть ли у вас в прокате детектор для поиска арматуры в стене'"
1363,1363,металлоискатель,"  
'Здравствуйте, хочу арендовать металлоискатель на день для поиска потерянных ключей'"
1364,1364,металлоискатель,"  
'Добрый вечер, нужен прибор для проверки стен перед сверлением, что посоветуете'"
1365,1365,металлоискатель,"  
'Здравствуйте, сколько стоит взять детектор металла на сутки для стройки'"
1366,1366,металлоискатель,"  
'Привет, есть ли у вас профессиональный металлоискатель для поиска кладов'"
1367,1367,металлоискатель,"  
'Добрый день, подскажите стоимость аренды прибора для поиска проводки в стенах'"
1368,1368,металлоискатель,"  
'Здравствуйте, нужен металлодетектор для поиска старых гвоздей в досках перед шлифовкой'"
1369,1369,домкрат подкатной,"'Добрый день, нужен подкатной домкрат на пару часов, чтобы поднять машину для замены колеса'"
1370,1370,домкрат подкатной,"  
'Здравствуйте, сколько стоит аренда подкатного домкрата на сутки?'"
1371,1371,домкрат подкатной,"  
'Привет, есть ли у вас в наличии домкрат на 3 тонны, нужно поднять авто для ремонта подвески'"
1372,1372,домкрат подкатной,"  
'Добрый вечер, ищу подкатной домкрат для гаража, можно взять на выходные?'"
1373,1373,домкрат подкатной,"  
'Здравствуйте, нужен домкрат, чтобы вытащить машину из ямы, есть у вас такой?'"
1374,1374,домкрат подкатной,"  
'Добрый день, подскажите стоимость аренды подкатного домкрата на 2 дня'"
1375,1375,домкрат подкатной,"  
'Привет, есть ли у вас домкрат с большой высотой подъема? Нужно для внедорожника'"
1376,1376,домкрат подкатной,"  
'Здравствуйте, можно взять в аренду подкатной домкрат на сегодня до вечера?'"
1377,1377,домкрат подкатной,"  
'Добрый день, нужен домкрат для замены ступичного подшипника, что у вас есть?'"
1378,1378,домкрат подкатной,"  
'Привет, сколько стоит взять подкатной домкрат на неделю, и какой залог нужен?'"
1379,1379,коронка по бетону,"'Добрый день, нужна коронка по бетону для сверления отверстий под розетки, есть в наличии?'"
1380,1380,коронка по бетону,"  
'Здравствуйте, сколько стоит аренда коронки по бетону на день?'"
1381,1381,коронка по бетону,"  
'Привет, ищу коронку для бетона диаметром 68 мм, есть такая?'"
1382,1382,коронка по бетону,"  
'Добрый вечер, нужно пробурить несколько отверстий в стене, подойдет коронка по бетону?'"
1383,1383,коронка по бетону,"  
'Здравствуйте, есть ли коронка по бетону с алмазным напылением?'"
1384,1384,коронка по бетону,"  
'Добрый день, интересует коронка для бетона на перфоратор, сколько стоит аренда?'"
1385,1385,коронка по бетону,"  
'Привет, нужно взять коронку по бетону на выходные, какие условия?'"
1386,1386,коронка по бетону,"  
'Здравствуйте, у вас есть коронка по бетону диаметром 100 мм?'"
1387,1387,коронка по бетону,"  
'Добрый день, сколько стоит коронка по бетону в аренду на сутки?'"
1388,1388,коронка по бетону,"  
'Привет, нужна коронка для бетона, чтобы сделать отверстия под трубы, есть в наличии?'"
1389,1389,домкрат бутылочный,"'Добрый день, нужен бутылочный домкрат на пару часов, чтобы поднять машину для замены колеса'"
1390,1390,домкрат бутылочный,"  
'Здравствуйте, есть ли у вас в аренде домкрат бутылочный на 5 тонн? Хочу взять на выходные'"
1391,1391,домкрат бутылочный,"  
'Привет, срочно нужен подъемник для авто — бутылочный домкрат, есть в наличии?'"
1392,1392,домкрат бутылочный,"  
'Добрый вечер, подскажите стоимость аренды бутылочника на сутки для ремонта подвески'"
1393,1393,домкрат бутылочный,"  
'Здравствуйте, ищу домкрат бутылочный на 10 тонн, чтобы выровнять бетонную плиту'"
1394,1394,домкрат бутылочный,"  
'Можно взять в прокат бутылочный домкрат? Нужно поднять гаражные ворота для регулировки'"
1395,1395,домкрат бутылочный,"  
'Добрый день, сколько стоит аренда бутылочника на 3 дня? Нужно для монтажа фундамента'"
1396,1396,домкрат бутылочный,"  
'Здравствуйте, есть ли у вас бутылочный домкрат с высотой подхвата от 15 см?'"
1397,1397,домкрат бутылочный,"  
'Нужен подкат для автосервиса — бутылочный домкрат на 8 тонн, какие условия аренды?'"
1398,1398,домкрат бутылочный,"  
'Добрый день, хочу арендовать бутылочник, чтобы приподнять сруб для замены венцов'"
1399,1399,пистолет для герметика,"'Добрый день, нужен пистолет для герметика, чтобы заделать швы в ванной. Сколько стоит аренда на день?'"
1400,1400,пистолет для герметика,"  
'Здравствуйте, есть ли у вас в наличии пистолет под герметик? Нужно заделать окна перед зимой'"
1401,1401,пистолет для герметика,"  
'Привет, ищу инструмент для нанесения силикона. Есть ли у вас пистолеты для герметика в аренду?'"
1402,1402,пистолет для герметика,"  
'Добрый вечер! Подскажите, можно ли взять у вас пистолет для заделки швов на пару часов?'"
1403,1403,пистолет для герметика,"  
'Здравствуйте, сколько стоит аренда пистолета под герметик на выходные? Нужно обработать стыки на балконе'"
1404,1404,пистолет для герметика,"  
'Добрый день! Нужен аппарат для силикона, чтобы загерметизировать трубы на кухне. Есть у вас такой?'"
1405,1405,пистолет для герметика,"  
'Привет, есть ли у вас пистолеты для монтажной пены? А то мне сказали, что у вас можно взять и для герметика тоже'"
1406,1406,пистолет для герметика,"  
'Здравствуйте, нужен инструмент для заделки швов в плитке. Подойдет ли ваш пистолет под герметик?'"
1407,1407,пистолет для герметика,"  
'Добрый день, планирую ремонт в санузле. Сколько стоит взять пистолет для силикона на неделю?'"
1408,1408,пистолет для герметика,"  
'Здравствуйте, у вас есть в аренду пистолеты для герметика? Нужно срочно подлатать откосы после установки окон'"
1409,1409,бензопила,"'Добрый день, нужна бензопила для распиловки дров на даче, сколько стоит аренда на выходные?'"
1410,1410,бензопила,"  
'Здравствуйте, есть ли у вас в наличии бензопила? Хочу спилить пару деревьев во дворе'"
1411,1411,бензопила,"  
'Привет, ищу бензопилу на пару часов, чтобы укоротить бревна для забора'"
1412,1412,бензопила,"  
'Добрый вечер, подскажите, можно ли взять бензопилу на сутки и какая цена?'"
1413,1413,бензопила,"  
'Здравствуйте, нужна бензопила для заготовки дров, какие у вас есть модели?'"
1414,1414,бензопила,"  
'Добрый день, сколько стоит аренда бензопилы на день? Нужно распилить несколько кубов дров'"
1415,1415,бензопила,"  
'Привет, есть ли у вас бензопила в аренду? Хочу подготовить дрова для бани'"
1416,1416,бензопила,"  
'Здравствуйте, интересует бензопила на выходные, какие условия аренды?'"
1417,1417,бензопила,"  
'Добрый день, подскажите, можно ли взять бензопилу сегодня на пару часов?'"
1418,1418,бензопила,"  
'Здравствуйте, нужна бензопила для спила старых деревьев на участке, есть у вас?'"
1419,1419,триммер аккумуляторный,"'Здравствуйте, нужен аккумуляторный триммер для уборки травы на даче, сколько будет стоить аренда на день?'"
1420,1420,триммер аккумуляторный," 'Добрый день, подскажите, есть ли у вас в аренду мотокоса с аккумулятором?'"
1421,1421,триммер аккумуляторный," 'Здравствуйте, хочу взять на выходные бензокосу для участка, сколько стоит?'"
1422,1422,триммер аккумуляторный," 'Добрый вечер, нужен триммер с леской для покоса травы, есть в наличии?'"
1423,1423,триммер аккумуляторный," 'Здравствуйте, сколько будет стоить аренда аккумуляторной косилки на сутки?'"
1424,1424,триммер аккумуляторный," 'Добрый день, интересует аренда бензокосы для небольшого участка, какие условия?'"
1425,1425,триммер аккумуляторный," 'Здравствуйте, нужна коса с аккумулятором для дачи, можно взять на два дня?'"
1426,1426,триммер аккумуляторный," 'Добрый день, подскажите стоимость аренды триммера для покоса травы на участке'"
1427,1427,триммер аккумуляторный," 'Здравствуйте, есть ли у вас в прокате аккумуляторная мотокоса для травы?'"
1428,1428,триммер аккумуляторный," 'Добрый вечер, интересует аренда косилки с леской на выходные, сколько стоит?'"
1430,1430,осушитель воздуха,"'Здравствуйте, нужен осушитель воздуха для квартиры после затопления, сколько будет стоить аренда на пару дней'"
1431,1431,осушитель воздуха," 'Добрый день, подскажите, есть ли у вас в прокате осушитель воздуха для дачного дома'"
1432,1432,осушитель воздуха," 'Привет, требуется осушитель воздуха для подвала, где сырость после дождей, на сколько можно взять'"
1433,1433,осушитель воздуха," 'Здравствуйте, сколько стоит аренда осушителя воздуха на сутки'"
1434,1434,осушитель воздуха," 'Добрый день, нужен прибор для осушения воздуха в ванной после ремонта, какие условия'"
1435,1435,осушитель воздуха," 'Привет, есть ли у вас осушитель воздуха для аренды на выходные'"
1436,1436,осушитель воздуха," 'Здравствуйте, подскажите стоимость аренды осушителя воздуха на 3 дня'"
1437,1437,осушитель воздуха," 'Добрый день, нужен осушитель воздуха для гаража, где постоянная сырость, сколько будет стоить'"
1438,1438,осушитель воздуха," 'Привет, можно ли взять осушитель воздуха в аренду на неделю'"
1439,1439,осушитель воздуха," 'Здравствуйте, интересует аренда осушителя воздуха для квартиры после протечки, какие условия'"
1440,1440,моющий пылесос,"'Добрый день, нужен аппарат для влажной уборки после ремонта, есть в наличии?'"
1441,1441,моющий пылесос,"  
'Здравствуйте, сколько стоит аренда моющего пылесоса на выходные?'"
1442,1442,моющий пылесос,"  
'Привет, ищу технику для чистки ковров в квартиру, что посоветуете?'"
1443,1443,моющий пылесос,"  
'Добрый вечер, у вас можно взять пылесос с функцией мойки на пару дней?'"
1444,1444,моющий пылесос,"  
'Здравствуйте, нужен агрегат для уборки грязи после стройки, что у вас есть?'"
1445,1445,моющий пылесос,"  
'Есть ли в прокате пылесос, который и моет, и собирает воду?'"
1446,1446,моющий пылесос,"  
'Сколько стоит взять на сутки аппарат для химчистки мебели?'"
1447,1447,моющий пылесос,"  
'Добрый день, ищу моющий пылесос для уборки дачи после зимы'"
1448,1448,моющий пылесос,"  
'Здравствуйте, нужен прибор для влажной уборки полов, есть варианты?'"
1449,1449,моющий пылесос,"  
'Привет, сколько стоит аренда пылесоса с функцией мойки на день?'"
1450,1450,прогрев бетона,"'Добрый день, нужно прогреть бетон на стройке, какие у вас есть варианты?'"
1451,1451,прогрев бетона,"  
'Здравствуйте, интересует аренда оборудования для прогрева бетона на пару дней'"
1452,1452,прогрев бетона,"  
'Привет, есть ли у вас в прокате кабели для прогрева бетона? Нужно на выходные'"
1453,1453,прогрев бетона,"  
'Добрый вечер, подскажите стоимость прогрева бетона на сутки, заливаем фундамент'"
1454,1454,прогрев бетона,"  
'Здравствуйте, нужно прогреть бетон в гараже, что у вас есть в наличии?'"
1455,1455,прогрев бетона,"  
'Добрый день, ищу оборудование для прогрева бетона зимой, какие условия аренды?'"
1456,1456,прогрев бетона,"  
'Привет, есть ли у вас трансформаторы для прогрева бетона? Нужно на неделю'"
1457,1457,прогрев бетона,"  
'Здравствуйте, сколько стоит взять в аренду прогрев бетона на 3 дня?'"
1458,1458,прогрев бетона,"  
'Добрый день, заливаем плиту, нужно прогреть бетон, что посоветуете?'"
1459,1459,прогрев бетона,"  
'Здравствуйте, интересует прокат кабеля для прогрева бетона, какие у вас условия?'"
1460,1460,пила ленточная,"'Добрый день, нужна ленточная пила для распила досок на даче, есть в наличии?'"
1461,1461,пила ленточная,"  
'Здравствуйте, сколько стоит аренда ленточки на сутки? Нужно распилить брус'"
1462,1462,пила ленточная,"  
'Привет, ищу ленточную пилу для резки металла, у вас такое есть?'"
1463,1463,пила ленточная,"  
'Добрый вечер, подскажите, можно ли взять ленточную пилу на выходные?'"
1464,1464,пила ленточная,"  
'Здравствуйте, нужна пила ленточная для работы с деревом, какие у вас условия аренды?'"
1465,1465,пила ленточная,"  
'Есть ли у вас в прокате ленточка для распиловки бревен?'"
1466,1466,пила ленточная,"  
'Добрый день, интересует аренда ленточной пилы на день, сколько стоит?'"
1467,1467,пила ленточная,"  
'Здравствуйте, хочу взять ленточную пилу для резки фанеры, есть в наличии?'"
1468,1468,пила ленточная,"  
'Добрый вечер, нужна ленточная пила для столярки, какие модели у вас есть?'"
1469,1469,пила ленточная,"  
'Здравствуйте, сколько стоит взять ленточку на пару часов? Нужно немного подпилить доски'"
1470,1470,пила цепная аккумуляторная,"'Здравствуйте, нужна аккумуляторная цепная пила для обрезки деревьев на даче, на сутки'"
1471,1471,пила цепная аккумуляторная," 'Добрый день, подскажите, есть ли у вас в прокате аккумуляторная пила для мелких работ по дереву'"
1472,1472,пила цепная аккумуляторная," 'Привет, сколько будет стоить аренда цепной пилы на аккумуляторе на выходные'"
1473,1473,пила цепная аккумуляторная," 'Здравствуйте, хочу взять пилу для распила досок, есть ли у вас аккумуляторные варианты'"
1474,1474,пила цепная аккумуляторная," 'Добрый вечер, нужна цепная пила для обрезки веток, аккумуляторная предпочтительно'"
1475,1475,пила цепная аккумуляторная," 'Здравствуйте, сколько стоит аренда аккумуляторной цепной пилы на день'"
1476,1476,пила цепная аккумуляторная," 'Привет, есть ли у вас в наличии аккумуляторная пила для работы в саду'"
1477,1477,пила цепная аккумуляторная," 'Добрый день, подскажите стоимость аренды цепной пилы на аккумуляторе на 3 дня'"
1478,1478,пила цепная аккумуляторная," 'Здравствуйте, нужна аккумуляторная пила для распила бревен, есть ли у вас такая'"
1479,1479,пила цепная аккумуляторная," 'Добрый вечер, хочу взять аккумуляторную цепную пилу для работы на даче, какие условия'"
1480,1480,тачка,"'Здравствуйте, нужна тачка для перевозки земли на даче, сколько стоит аренда на день'"
1481,1481,тачка," 'Добрый день, есть ли у вас строительная тачка в аренду'"
1482,1482,тачка," 'Здравствуйте, подскажите, можно ли взять тачку на выходные'"
1483,1483,тачка," 'Привет, нужна тачка для перевозки кирпичей, сколько стоит'"
1484,1484,тачка," 'Здравствуйте, интересует аренда тачки на неделю, какие условия'"
1485,1485,тачка," 'Добрый день, есть ли у вас тачка с двумя колесами'"
1486,1486,тачка," 'Здравствуйте, нужна тачка для работы на стройке, сколько стоит аренда'"
1487,1487,тачка," 'Привет, подскажите, есть ли у вас тачка в аренду'"
1488,1488,тачка," 'Здравствуйте, хочу взять тачку на день, какие документы нужны'"
1489,1489,тачка," 'Добрый день, интересует аренда тачки для перевозки песка'"
1490,1490,сабельная пила аккумуляторная,"'Здравствуйте, нужна пила сабельная для резки труб в квартире, есть у вас такая в аренду?'"
1491,1491,сабельная пила аккумуляторная," 'Добрый день, подскажите стоимость аренды сабельной пилы на сутки, нужно спилить ветки на даче'"
1492,1492,сабельная пила аккумуляторная," 'Привет, есть ли у вас аккумуляторная пила сабельная в наличии? Нужна на день'"
1493,1493,сабельная пила аккумуляторная," 'Здравствуйте, хочу взять в аренду пилу сабельную для демонтажа деревянного забора'"
1494,1494,сабельная пила аккумуляторная," 'Добрый вечер, интересует аренда аккумуляторной сабельной пилы на выходные'"
1495,1495,сабельная пила аккумуляторная," 'Здравствуйте, нужна пила сабельная для резки металлического профиля, есть у вас?'"
1496,1496,сабельная пила аккумуляторная," 'Привет, сколько будет стоить арендовать сабельную пилу на два дня?'"
1497,1497,сабельная пила аккумуляторная," 'Здравствуйте, можно ли взять в аренду пилу сабельную для работы с деревом?'"
1498,1498,сабельная пила аккумуляторная," 'Добрый день, подскажите, есть ли у вас аккумуляторная пила сабельная для резки пластика?'"
1499,1499,сабельная пила аккумуляторная," 'Здравствуйте, интересует аренда сабельной пилы для выполнения работ по металлу'"
1500,1500,пароочиститель,"'Здравствуйте, нужен пароочиститель для чистки плитки на кухне, есть в наличии?'"
1501,1501,пароочиститель," 'Добрый день, сколько стоит аренда пароочистителя на день?'"
1502,1502,пароочиститель," 'Привет, есть ли у вас аппарат для чистки паром, нужно почистить диван?'"
1503,1503,пароочиститель," 'Здравствуйте, подскажите, можно ли взять пароочиститель на выходные?'"
1504,1504,пароочиститель," 'Добрый вечер, нужен пароочиститель для уборки в ванной, какие условия аренды?'"
1505,1505,пароочиститель," 'Здравствуйте, есть ли в прокате устройство для чистки паром, нужно на пару часов?'"
1506,1506,пароочиститель," 'Привет, сколько стоит арендовать пароочиститель для чистки ковров?'"
1507,1507,пароочиститель," 'Добрый день, нужен пароочиститель для уборки после ремонта, есть в наличии?'"
1508,1508,пароочиститель," 'Здравствуйте, подскажите, можно ли взять пароочиститель на сутки?'"
1509,1509,пароочиститель," 'Добрый вечер, есть ли у вас аппарат для чистки паром, нужно почистить окна?'"
